ISO-10303-21;
HEADER;
FILE_DESCRIPTION(('Open CASCADE Model'),'2;1');
FILE_NAME('Open CASCADE Shape Model','2026-10-03T12:39:00',('Author'),(
    'Open CASCADE'),'Open CASCADE STEP processor 8.0','build123d',
  'Unknown');
FILE_SCHEMA(('AUTOMOTIVE_DESIGN { 1 0 10303 214 1 1 1 1 }'));
ENDSEC;
DATA;
#1 = APPLICATION_PROTOCOL_DEFINITION('international standard',
  'automotive_design',2000,#2);
#2 = APPLICATION_CONTEXT(
  'core data for automotive mechanical design processes');
#3 = SHAPE_DEFINITION_REPRESENTATION(#4,#10);
#4 = PRODUCT_DEFINITION_SHAPE('','',#5);
#5 = PRODUCT_DEFINITION('design','',#6,#9);
#6 = PRODUCT_DEFINITION_FORMATION('','',#7);
#7 = PRODUCT('COMPOUND','COMPOUND','',(#8));
#8 = PRODUCT_CONTEXT('',#2,'mechanical');
#9 = PRODUCT_DEFINITION_CONTEXT('part definition',#2,'design');
#10 = SHAPE_REPRESENTATION('',(#11,#15,#2613,#3239,#3865,#4491,#5117,
    #5743,#6369,#6995,#7621,#8247,#8873,#9203,#9533,#9863,#10193,#10523,
    #10853,#11183,#11513,#11843,#11941),#12039);
#11 = AXIS2_PLACEMENT_3D('',#12,#13,#14);
#12 = CARTESIAN_POINT('',(0.,0.,0.));
#13 = DIRECTION('',(0.,0.,1.));
#14 = DIRECTION('',(1.,0.,-0.));
#15 = MANIFOLD_SOLID_BREP('',#16);
#16 = CLOSED_SHELL('',(#17,#136,#216,#291,#318,#391,#522,#569,#616,#642,
    #2283,#2358,#2407,#2455,#2507,#2554,#2580,#2606));
#17 = ADVANCED_FACE('',(#18),#32,.F.);
#18 = FACE_BOUND('',#19,.F.);
#19 = EDGE_LOOP('',(#20,#55,#82,#110));
#20 = ORIENTED_EDGE('',*,*,#21,.T.);
#21 = EDGE_CURVE('',#22,#24,#26,.T.);
#22 = VERTEX_POINT('',#23);
#23 = CARTESIAN_POINT('',(0.,-400.,0.));
#24 = VERTEX_POINT('',#25);
#25 = CARTESIAN_POINT('',(6.2E+03,-400.,0.));
#26 = SURFACE_CURVE('',#27,(#31,#43),.PCURVE_S1.);
#27 = LINE('',#28,#29);
#28 = CARTESIAN_POINT('',(0.,-400.,0.));
#29 = VECTOR('',#30,1.);
#30 = DIRECTION('',(1.,0.,0.));
#31 = PCURVE('',#32,#37);
#32 = PLANE('',#33);
#33 = AXIS2_PLACEMENT_3D('',#34,#35,#36);
#34 = CARTESIAN_POINT('',(0.,-400.,0.));
#35 = DIRECTION('',(0.,0.,1.));
#36 = DIRECTION('',(0.,1.,0.));
#37 = DEFINITIONAL_REPRESENTATION('',(#38),#42);
#38 = LINE('',#39,#40);
#39 = CARTESIAN_POINT('',(0.,0.));
#40 = VECTOR('',#41,1.);
#41 = DIRECTION('',(0.,-1.));
#42 = ( GEOMETRIC_REPRESENTATION_CONTEXT(2) 
PARAMETRIC_REPRESENTATION_CONTEXT() REPRESENTATION_CONTEXT('2D SPACE',''
  ) );
#43 = PCURVE('',#44,#49);
#44 = PLANE('',#45);
#45 = AXIS2_PLACEMENT_3D('',#46,#47,#48);
#46 = CARTESIAN_POINT('',(0.,-800.,650.));
#47 = DIRECTION('',(-0.,0.851658316705,0.524097425664));
#48 = DIRECTION('',(0.,0.524097425664,-0.851658316705));
#49 = DEFINITIONAL_REPRESENTATION('',(#50),#54);
#50 = LINE('',#51,#52);
#51 = CARTESIAN_POINT('',(763.21687612368,0.));
#52 = VECTOR('',#53,1.);
#53 = DIRECTION('',(0.,-1.));
#54 = ( GEOMETRIC_REPRESENTATION_CONTEXT(2) 
PARAMETRIC_REPRESENTATION_CONTEXT() REPRESENTATION_CONTEXT('2D SPACE',''
  ) );
#55 = ORIENTED_EDGE('',*,*,#56,.T.);
#56 = EDGE_CURVE('',#24,#57,#59,.T.);
#57 = VERTEX_POINT('',#58);
#58 = CARTESIAN_POINT('',(6.2E+03,400.,0.));
#59 = SURFACE_CURVE('',#60,(#64,#71),.PCURVE_S1.);
#60 = LINE('',#61,#62);
#61 = CARTESIAN_POINT('',(6.2E+03,-400.,0.));
#62 = VECTOR('',#63,1.);
#63 = DIRECTION('',(0.,1.,0.));
#64 = PCURVE('',#32,#65);
#65 = DEFINITIONAL_REPRESENTATION('',(#66),#70);
#66 = LINE('',#67,#68);
#67 = CARTESIAN_POINT('',(0.,-6.2E+03));
#68 = VECTOR('',#69,1.);
#69 = DIRECTION('',(1.,0.));
#70 = ( GEOMETRIC_REPRESENTATION_CONTEXT(2) 
PARAMETRIC_REPRESENTATION_CONTEXT() REPRESENTATION_CONTEXT('2D SPACE',''
  ) );
#71 = PCURVE('',#72,#77);
#72 = B_SPLINE_SURFACE_WITH_KNOTS('',1,1,(
    (#73,#74)
    ,(#75,#76)),.UNSPECIFIED.,.F.,.F.,.F.,(2,2),(2,2),(0.,800.),(0.,1.),
  .PIECEWISE_BEZIER_KNOTS.);
#73 = CARTESIAN_POINT('',(6.2E+03,-400.,0.));
#74 = CARTESIAN_POINT('',(8.E+03,-20.,220.));
#75 = CARTESIAN_POINT('',(6.2E+03,400.,0.));
#76 = CARTESIAN_POINT('',(8.E+03,20.,220.));
#77 = DEFINITIONAL_REPRESENTATION('',(#78),#81);
#78 = B_SPLINE_CURVE_WITH_KNOTS('',1,(#79,#80),.UNSPECIFIED.,.F.,.F.,(2,
    2),(0.,800.),.PIECEWISE_BEZIER_KNOTS.);
#79 = CARTESIAN_POINT('',(0.,0.));
#80 = CARTESIAN_POINT('',(800.,0.));
#81 = ( GEOMETRIC_REPRESENTATION_CONTEXT(2) 
PARAMETRIC_REPRESENTATION_CONTEXT() REPRESENTATION_CONTEXT('2D SPACE',''
  ) );
#82 = ORIENTED_EDGE('',*,*,#83,.F.);
#83 = EDGE_CURVE('',#84,#57,#86,.T.);
#84 = VERTEX_POINT('',#85);
#85 = CARTESIAN_POINT('',(0.,400.,0.));
#86 = SURFACE_CURVE('',#87,(#91,#98),.PCURVE_S1.);
#87 = LINE('',#88,#89);
#88 = CARTESIAN_POINT('',(0.,400.,0.));
#89 = VECTOR('',#90,1.);
#90 = DIRECTION('',(1.,0.,0.));
#91 = PCURVE('',#32,#92);
#92 = DEFINITIONAL_REPRESENTATION('',(#93),#97);
#93 = LINE('',#94,#95);
#94 = CARTESIAN_POINT('',(800.,0.));
#95 = VECTOR('',#96,1.);
#96 = DIRECTION('',(0.,-1.));
#97 = ( GEOMETRIC_REPRESENTATION_CONTEXT(2) 
PARAMETRIC_REPRESENTATION_CONTEXT() REPRESENTATION_CONTEXT('2D SPACE',''
  ) );
#98 = PCURVE('',#99,#104);
#99 = PLANE('',#100);
#100 = AXIS2_PLACEMENT_3D('',#101,#102,#103);
#101 = CARTESIAN_POINT('',(0.,400.,0.));
#102 = DIRECTION('',(0.,-0.851658316705,0.524097425664));
#103 = DIRECTION('',(0.,0.524097425664,0.851658316705));
#104 = DEFINITIONAL_REPRESENTATION('',(#105),#109);
#105 = LINE('',#106,#107);
#106 = CARTESIAN_POINT('',(0.,0.));
#107 = VECTOR('',#108,1.);
#108 = DIRECTION('',(0.,-1.));
#109 = ( GEOMETRIC_REPRESENTATION_CONTEXT(2) 
PARAMETRIC_REPRESENTATION_CONTEXT() REPRESENTATION_CONTEXT('2D SPACE',''
  ) );
#110 = ORIENTED_EDGE('',*,*,#111,.F.);
#111 = EDGE_CURVE('',#22,#84,#112,.T.);
#112 = SURFACE_CURVE('',#113,(#117,#124),.PCURVE_S1.);
#113 = LINE('',#114,#115);
#114 = CARTESIAN_POINT('',(0.,-400.,0.));
#115 = VECTOR('',#116,1.);
#116 = DIRECTION('',(0.,1.,0.));
#117 = PCURVE('',#32,#118);
#118 = DEFINITIONAL_REPRESENTATION('',(#119),#123);
#119 = LINE('',#120,#121);
#120 = CARTESIAN_POINT('',(0.,0.));
#121 = VECTOR('',#122,1.);
#122 = DIRECTION('',(1.,0.));
#123 = ( GEOMETRIC_REPRESENTATION_CONTEXT(2) 
PARAMETRIC_REPRESENTATION_CONTEXT() REPRESENTATION_CONTEXT('2D SPACE',''
  ) );
#124 = PCURVE('',#125,#130);
#125 = PLANE('',#126);
#126 = AXIS2_PLACEMENT_3D('',#127,#128,#129);
#127 = CARTESIAN_POINT('',(0.,-2.22368431201E-14,391.21784968387));
#128 = DIRECTION('',(1.,0.,0.));
#129 = DIRECTION('',(-0.,0.,1.));
#130 = DEFINITIONAL_REPRESENTATION('',(#131),#135);
#131 = LINE('',#132,#133);
#132 = CARTESIAN_POINT('',(-391.2178496838,400.));
#133 = VECTOR('',#134,1.);
#134 = DIRECTION('',(0.,-1.));
#135 = ( GEOMETRIC_REPRESENTATION_CONTEXT(2) 
PARAMETRIC_REPRESENTATION_CONTEXT() REPRESENTATION_CONTEXT('2D SPACE',''
  ) );
#136 = ADVANCED_FACE('',(#137),#44,.F.);
#137 = FACE_BOUND('',#138,.F.);
#138 = EDGE_LOOP('',(#139,#169,#194,#195));
#139 = ORIENTED_EDGE('',*,*,#140,.T.);
#140 = EDGE_CURVE('',#141,#143,#145,.T.);
#141 = VERTEX_POINT('',#142);
#142 = CARTESIAN_POINT('',(0.,-800.,650.));
#143 = VERTEX_POINT('',#144);
#144 = CARTESIAN_POINT('',(6.2E+03,-800.,650.));
#145 = SURFACE_CURVE('',#146,(#150,#157),.PCURVE_S1.);
#146 = LINE('',#147,#148);
#147 = CARTESIAN_POINT('',(0.,-800.,650.));
#148 = VECTOR('',#149,1.);
#149 = DIRECTION('',(1.,0.,0.));
#150 = PCURVE('',#44,#151);
#151 = DEFINITIONAL_REPRESENTATION('',(#152),#156);
#152 = LINE('',#153,#154);
#153 = CARTESIAN_POINT('',(0.,0.));
#154 = VECTOR('',#155,1.);
#155 = DIRECTION('',(0.,-1.));
#156 = ( GEOMETRIC_REPRESENTATION_CONTEXT(2) 
PARAMETRIC_REPRESENTATION_CONTEXT() REPRESENTATION_CONTEXT('2D SPACE',''
  ) );
#157 = PCURVE('',#158,#163);
#158 = PLANE('',#159);
#159 = AXIS2_PLACEMENT_3D('',#160,#161,#162);
#160 = CARTESIAN_POINT('',(0.,800.,650.));
#161 = DIRECTION('',(0.,0.,-1.));
#162 = DIRECTION('',(0.,-1.,0.));
#163 = DEFINITIONAL_REPRESENTATION('',(#164),#168);
#164 = LINE('',#165,#166);
#165 = CARTESIAN_POINT('',(1.6E+03,0.));
#166 = VECTOR('',#167,1.);
#167 = DIRECTION('',(0.,-1.));
#168 = ( GEOMETRIC_REPRESENTATION_CONTEXT(2) 
PARAMETRIC_REPRESENTATION_CONTEXT() REPRESENTATION_CONTEXT('2D SPACE',''
  ) );
#169 = ORIENTED_EDGE('',*,*,#170,.T.);
#170 = EDGE_CURVE('',#143,#24,#171,.T.);
#171 = SURFACE_CURVE('',#172,(#176,#183),.PCURVE_S1.);
#172 = LINE('',#173,#174);
#173 = CARTESIAN_POINT('',(6.2E+03,-800.,650.));
#174 = VECTOR('',#175,1.);
#175 = DIRECTION('',(0.,0.524097425664,-0.851658316705));
#176 = PCURVE('',#44,#177);
#177 = DEFINITIONAL_REPRESENTATION('',(#178),#182);
#178 = LINE('',#179,#180);
#179 = CARTESIAN_POINT('',(0.,-6.2E+03));
#180 = VECTOR('',#181,1.);
#181 = DIRECTION('',(1.,0.));
#182 = ( GEOMETRIC_REPRESENTATION_CONTEXT(2) 
PARAMETRIC_REPRESENTATION_CONTEXT() REPRESENTATION_CONTEXT('2D SPACE',''
  ) );
#183 = PCURVE('',#184,#189);
#184 = B_SPLINE_SURFACE_WITH_KNOTS('',1,1,(
    (#185,#186)
    ,(#187,#188
    )),.UNSPECIFIED.,.F.,.F.,.F.,(2,2),(2,2),(0.,763.21687612368),(0.,1.
    ),.PIECEWISE_BEZIER_KNOTS.);
#185 = CARTESIAN_POINT('',(6.2E+03,-800.,650.));
#186 = CARTESIAN_POINT('',(8.E+03,-40.,760.));
#187 = CARTESIAN_POINT('',(6.2E+03,-400.,0.));
#188 = CARTESIAN_POINT('',(8.E+03,-20.,220.));
#189 = DEFINITIONAL_REPRESENTATION('',(#190),#193);
#190 = B_SPLINE_CURVE_WITH_KNOTS('',1,(#191,#192),.UNSPECIFIED.,.F.,.F.,
  (2,2),(0.,763.21687612368),.PIECEWISE_BEZIER_KNOTS.);
#191 = CARTESIAN_POINT('',(0.,0.));
#192 = CARTESIAN_POINT('',(763.21687612368,0.));
#193 = ( GEOMETRIC_REPRESENTATION_CONTEXT(2) 
PARAMETRIC_REPRESENTATION_CONTEXT() REPRESENTATION_CONTEXT('2D SPACE',''
  ) );
#194 = ORIENTED_EDGE('',*,*,#21,.F.);
#195 = ORIENTED_EDGE('',*,*,#196,.F.);
#196 = EDGE_CURVE('',#141,#22,#197,.T.);
#197 = SURFACE_CURVE('',#198,(#202,#209),.PCURVE_S1.);
#198 = LINE('',#199,#200);
#199 = CARTESIAN_POINT('',(0.,-800.,650.));
#200 = VECTOR('',#201,1.);
#201 = DIRECTION('',(0.,0.524097425664,-0.851658316705));
#202 = PCURVE('',#44,#203);
#203 = DEFINITIONAL_REPRESENTATION('',(#204),#208);
#204 = LINE('',#205,#206);
#205 = CARTESIAN_POINT('',(0.,0.));
#206 = VECTOR('',#207,1.);
#207 = DIRECTION('',(1.,0.));
#208 = ( GEOMETRIC_REPRESENTATION_CONTEXT(2) 
PARAMETRIC_REPRESENTATION_CONTEXT() REPRESENTATION_CONTEXT('2D SPACE',''
  ) );
#209 = PCURVE('',#125,#210);
#210 = DEFINITIONAL_REPRESENTATION('',(#211),#215);
#211 = LINE('',#212,#213);
#212 = CARTESIAN_POINT('',(258.78215031612,800.));
#213 = VECTOR('',#214,1.);
#214 = DIRECTION('',(-0.851658316705,-0.524097425664));
#215 = ( GEOMETRIC_REPRESENTATION_CONTEXT(2) 
PARAMETRIC_REPRESENTATION_CONTEXT() REPRESENTATION_CONTEXT('2D SPACE',''
  ) );
#216 = ADVANCED_FACE('',(#217),#99,.F.);
#217 = FACE_BOUND('',#218,.F.);
#218 = EDGE_LOOP('',(#219,#220,#247,#270));
#219 = ORIENTED_EDGE('',*,*,#83,.T.);
#220 = ORIENTED_EDGE('',*,*,#221,.T.);
#221 = EDGE_CURVE('',#57,#222,#224,.T.);
#222 = VERTEX_POINT('',#223);
#223 = CARTESIAN_POINT('',(6.2E+03,800.,650.));
#224 = SURFACE_CURVE('',#225,(#229,#236),.PCURVE_S1.);
#225 = LINE('',#226,#227);
#226 = CARTESIAN_POINT('',(6.2E+03,400.,0.));
#227 = VECTOR('',#228,1.);
#228 = DIRECTION('',(0.,0.524097425664,0.851658316705));
#229 = PCURVE('',#99,#230);
#230 = DEFINITIONAL_REPRESENTATION('',(#231),#235);
#231 = LINE('',#232,#233);
#232 = CARTESIAN_POINT('',(0.,-6.2E+03));
#233 = VECTOR('',#234,1.);
#234 = DIRECTION('',(1.,0.));
#235 = ( GEOMETRIC_REPRESENTATION_CONTEXT(2) 
PARAMETRIC_REPRESENTATION_CONTEXT() REPRESENTATION_CONTEXT('2D SPACE',''
  ) );
#236 = PCURVE('',#237,#242);
#237 = B_SPLINE_SURFACE_WITH_KNOTS('',1,1,(
    (#238,#239)
    ,(#240,#241
    )),.UNSPECIFIED.,.F.,.F.,.F.,(2,2),(2,2),(0.,763.21687612368),(0.,1.
    ),.PIECEWISE_BEZIER_KNOTS.);
#238 = CARTESIAN_POINT('',(6.2E+03,400.,0.));
#239 = CARTESIAN_POINT('',(8.E+03,20.,220.));
#240 = CARTESIAN_POINT('',(6.2E+03,800.,650.));
#241 = CARTESIAN_POINT('',(8.E+03,40.,760.));
#242 = DEFINITIONAL_REPRESENTATION('',(#243),#246);
#243 = B_SPLINE_CURVE_WITH_KNOTS('',1,(#244,#245),.UNSPECIFIED.,.F.,.F.,
  (2,2),(0.,763.21687612368),.PIECEWISE_BEZIER_KNOTS.);
#244 = CARTESIAN_POINT('',(0.,0.));
#245 = CARTESIAN_POINT('',(763.21687612368,0.));
#246 = ( GEOMETRIC_REPRESENTATION_CONTEXT(2) 
PARAMETRIC_REPRESENTATION_CONTEXT() REPRESENTATION_CONTEXT('2D SPACE',''
  ) );
#247 = ORIENTED_EDGE('',*,*,#248,.F.);
#248 = EDGE_CURVE('',#249,#222,#251,.T.);
#249 = VERTEX_POINT('',#250);
#250 = CARTESIAN_POINT('',(0.,800.,650.));
#251 = SURFACE_CURVE('',#252,(#256,#263),.PCURVE_S1.);
#252 = LINE('',#253,#254);
#253 = CARTESIAN_POINT('',(0.,800.,650.));
#254 = VECTOR('',#255,1.);
#255 = DIRECTION('',(1.,0.,0.));
#256 = PCURVE('',#99,#257);
#257 = DEFINITIONAL_REPRESENTATION('',(#258),#262);
#258 = LINE('',#259,#260);
#259 = CARTESIAN_POINT('',(763.21687612368,0.));
#260 = VECTOR('',#261,1.);
#261 = DIRECTION('',(0.,-1.));
#262 = ( GEOMETRIC_REPRESENTATION_CONTEXT(2) 
PARAMETRIC_REPRESENTATION_CONTEXT() REPRESENTATION_CONTEXT('2D SPACE',''
  ) );
#263 = PCURVE('',#158,#264);
#264 = DEFINITIONAL_REPRESENTATION('',(#265),#269);
#265 = LINE('',#266,#267);
#266 = CARTESIAN_POINT('',(0.,-0.));
#267 = VECTOR('',#268,1.);
#268 = DIRECTION('',(0.,-1.));
#269 = ( GEOMETRIC_REPRESENTATION_CONTEXT(2) 
PARAMETRIC_REPRESENTATION_CONTEXT() REPRESENTATION_CONTEXT('2D SPACE',''
  ) );
#270 = ORIENTED_EDGE('',*,*,#271,.F.);
#271 = EDGE_CURVE('',#84,#249,#272,.T.);
#272 = SURFACE_CURVE('',#273,(#277,#284),.PCURVE_S1.);
#273 = LINE('',#274,#275);
#274 = CARTESIAN_POINT('',(0.,400.,0.));
#275 = VECTOR('',#276,1.);
#276 = DIRECTION('',(0.,0.524097425664,0.851658316705));
#277 = PCURVE('',#99,#278);
#278 = DEFINITIONAL_REPRESENTATION('',(#279),#283);
#279 = LINE('',#280,#281);
#280 = CARTESIAN_POINT('',(0.,0.));
#281 = VECTOR('',#282,1.);
#282 = DIRECTION('',(1.,0.));
#283 = ( GEOMETRIC_REPRESENTATION_CONTEXT(2) 
PARAMETRIC_REPRESENTATION_CONTEXT() REPRESENTATION_CONTEXT('2D SPACE',''
  ) );
#284 = PCURVE('',#125,#285);
#285 = DEFINITIONAL_REPRESENTATION('',(#286),#290);
#286 = LINE('',#287,#288);
#287 = CARTESIAN_POINT('',(-391.2178496838,-400.));
#288 = VECTOR('',#289,1.);
#289 = DIRECTION('',(0.851658316705,-0.524097425664));
#290 = ( GEOMETRIC_REPRESENTATION_CONTEXT(2) 
PARAMETRIC_REPRESENTATION_CONTEXT() REPRESENTATION_CONTEXT('2D SPACE',''
  ) );
#291 = ADVANCED_FACE('',(#292),#125,.F.);
#292 = FACE_BOUND('',#293,.F.);
#293 = EDGE_LOOP('',(#294,#295,#296,#317));
#294 = ORIENTED_EDGE('',*,*,#111,.T.);
#295 = ORIENTED_EDGE('',*,*,#271,.T.);
#296 = ORIENTED_EDGE('',*,*,#297,.T.);
#297 = EDGE_CURVE('',#249,#141,#298,.T.);
#298 = SURFACE_CURVE('',#299,(#303,#310),.PCURVE_S1.);
#299 = LINE('',#300,#301);
#300 = CARTESIAN_POINT('',(0.,800.,650.));
#301 = VECTOR('',#302,1.);
#302 = DIRECTION('',(0.,-1.,0.));
#303 = PCURVE('',#125,#304);
#304 = DEFINITIONAL_REPRESENTATION('',(#305),#309);
#305 = LINE('',#306,#307);
#306 = CARTESIAN_POINT('',(258.78215031612,-800.));
#307 = VECTOR('',#308,1.);
#308 = DIRECTION('',(0.,1.));
#309 = ( GEOMETRIC_REPRESENTATION_CONTEXT(2) 
PARAMETRIC_REPRESENTATION_CONTEXT() REPRESENTATION_CONTEXT('2D SPACE',''
  ) );
#310 = PCURVE('',#158,#311);
#311 = DEFINITIONAL_REPRESENTATION('',(#312),#316);
#312 = LINE('',#313,#314);
#313 = CARTESIAN_POINT('',(0.,-0.));
#314 = VECTOR('',#315,1.);
#315 = DIRECTION('',(1.,0.));
#316 = ( GEOMETRIC_REPRESENTATION_CONTEXT(2) 
PARAMETRIC_REPRESENTATION_CONTEXT() REPRESENTATION_CONTEXT('2D SPACE',''
  ) );
#317 = ORIENTED_EDGE('',*,*,#196,.T.);
#318 = ADVANCED_FACE('',(#319),#72,.T.);
#319 = FACE_BOUND('',#320,.T.);
#320 = EDGE_LOOP('',(#321,#322,#344,#371));
#321 = ORIENTED_EDGE('',*,*,#56,.T.);
#322 = ORIENTED_EDGE('',*,*,#323,.T.);
#323 = EDGE_CURVE('',#57,#324,#326,.T.);
#324 = VERTEX_POINT('',#325);
#325 = CARTESIAN_POINT('',(8.E+03,20.,220.));
#326 = SURFACE_CURVE('',#327,(#330,#337),.PCURVE_S1.);
#327 = B_SPLINE_CURVE_WITH_KNOTS('',1,(#328,#329),.UNSPECIFIED.,.F.,.F.,
  (2,2),(0.,1.),.PIECEWISE_BEZIER_KNOTS.);
#328 = CARTESIAN_POINT('',(6.2E+03,400.,0.));
#329 = CARTESIAN_POINT('',(8.E+03,20.,220.));
#330 = PCURVE('',#72,#331);
#331 = DEFINITIONAL_REPRESENTATION('',(#332),#336);
#332 = LINE('',#333,#334);
#333 = CARTESIAN_POINT('',(800.,0.));
#334 = VECTOR('',#335,1.);
#335 = DIRECTION('',(0.,1.));
#336 = ( GEOMETRIC_REPRESENTATION_CONTEXT(2) 
PARAMETRIC_REPRESENTATION_CONTEXT() REPRESENTATION_CONTEXT('2D SPACE',''
  ) );
#337 = PCURVE('',#237,#338);
#338 = DEFINITIONAL_REPRESENTATION('',(#339),#343);
#339 = LINE('',#340,#341);
#340 = CARTESIAN_POINT('',(0.,0.));
#341 = VECTOR('',#342,1.);
#342 = DIRECTION('',(0.,1.));
#343 = ( GEOMETRIC_REPRESENTATION_CONTEXT(2) 
PARAMETRIC_REPRESENTATION_CONTEXT() REPRESENTATION_CONTEXT('2D SPACE',''
  ) );
#344 = ORIENTED_EDGE('',*,*,#345,.F.);
#345 = EDGE_CURVE('',#346,#324,#348,.T.);
#346 = VERTEX_POINT('',#347);
#347 = CARTESIAN_POINT('',(8.E+03,-20.,220.));
#348 = SURFACE_CURVE('',#349,(#353,#359),.PCURVE_S1.);
#349 = LINE('',#350,#351);
#350 = CARTESIAN_POINT('',(8.E+03,-20.,220.));
#351 = VECTOR('',#352,1.);
#352 = DIRECTION('',(0.,1.,0.));
#353 = PCURVE('',#72,#354);
#354 = DEFINITIONAL_REPRESENTATION('',(#355),#358);
#355 = B_SPLINE_CURVE_WITH_KNOTS('',1,(#356,#357),.UNSPECIFIED.,.F.,.F.,
  (2,2),(0.,40.),.PIECEWISE_BEZIER_KNOTS.);
#356 = CARTESIAN_POINT('',(0.,1.));
#357 = CARTESIAN_POINT('',(800.,1.));
#358 = ( GEOMETRIC_REPRESENTATION_CONTEXT(2) 
PARAMETRIC_REPRESENTATION_CONTEXT() REPRESENTATION_CONTEXT('2D SPACE',''
  ) );
#359 = PCURVE('',#360,#365);
#360 = PLANE('',#361);
#361 = AXIS2_PLACEMENT_3D('',#362,#363,#364);
#362 = CARTESIAN_POINT('',(8.E+03,-20.,220.));
#363 = DIRECTION('',(1.,0.,-0.));
#364 = DIRECTION('',(0.,0.110431526075,0.993883734674));
#365 = DEFINITIONAL_REPRESENTATION('',(#366),#370);
#366 = LINE('',#367,#368);
#367 = CARTESIAN_POINT('',(0.,0.));
#368 = VECTOR('',#369,1.);
#369 = DIRECTION('',(0.110431526075,-0.993883734674));
#370 = ( GEOMETRIC_REPRESENTATION_CONTEXT(2) 
PARAMETRIC_REPRESENTATION_CONTEXT() REPRESENTATION_CONTEXT('2D SPACE',''
  ) );
#371 = ORIENTED_EDGE('',*,*,#372,.F.);
#372 = EDGE_CURVE('',#24,#346,#373,.T.);
#373 = SURFACE_CURVE('',#374,(#377,#384),.PCURVE_S1.);
#374 = B_SPLINE_CURVE_WITH_KNOTS('',1,(#375,#376),.UNSPECIFIED.,.F.,.F.,
  (2,2),(0.,1.),.PIECEWISE_BEZIER_KNOTS.);
#375 = CARTESIAN_POINT('',(6.2E+03,-400.,0.));
#376 = CARTESIAN_POINT('',(8.E+03,-20.,220.));
#377 = PCURVE('',#72,#378);
#378 = DEFINITIONAL_REPRESENTATION('',(#379),#383);
#379 = LINE('',#380,#381);
#380 = CARTESIAN_POINT('',(0.,0.));
#381 = VECTOR('',#382,1.);
#382 = DIRECTION('',(0.,1.));
#383 = ( GEOMETRIC_REPRESENTATION_CONTEXT(2) 
PARAMETRIC_REPRESENTATION_CONTEXT() REPRESENTATION_CONTEXT('2D SPACE',''
  ) );
#384 = PCURVE('',#184,#385);
#385 = DEFINITIONAL_REPRESENTATION('',(#386),#390);
#386 = LINE('',#387,#388);
#387 = CARTESIAN_POINT('',(763.21687612368,0.));
#388 = VECTOR('',#389,1.);
#389 = DIRECTION('',(0.,1.));
#390 = ( GEOMETRIC_REPRESENTATION_CONTEXT(2) 
PARAMETRIC_REPRESENTATION_CONTEXT() REPRESENTATION_CONTEXT('2D SPACE',''
  ) );
#391 = ADVANCED_FACE('',(#392),#158,.F.);
#392 = FACE_BOUND('',#393,.F.);
#393 = EDGE_LOOP('',(#394,#395,#396,#423,#449,#475,#501,#521));
#394 = ORIENTED_EDGE('',*,*,#297,.F.);
#395 = ORIENTED_EDGE('',*,*,#248,.T.);
#396 = ORIENTED_EDGE('',*,*,#397,.T.);
#397 = EDGE_CURVE('',#222,#398,#400,.T.);
#398 = VERTEX_POINT('',#399);
#399 = CARTESIAN_POINT('',(6.2E+03,770.64550476447,650.));
#400 = SURFACE_CURVE('',#401,(#405,#412),.PCURVE_S1.);
#401 = LINE('',#402,#403);
#402 = CARTESIAN_POINT('',(6.2E+03,800.,650.));
#403 = VECTOR('',#404,1.);
#404 = DIRECTION('',(0.,-1.,0.));
#405 = PCURVE('',#158,#406);
#406 = DEFINITIONAL_REPRESENTATION('',(#407),#411);
#407 = LINE('',#408,#409);
#408 = CARTESIAN_POINT('',(0.,-6.2E+03));
#409 = VECTOR('',#410,1.);
#410 = DIRECTION('',(1.,0.));
#411 = ( GEOMETRIC_REPRESENTATION_CONTEXT(2) 
PARAMETRIC_REPRESENTATION_CONTEXT() REPRESENTATION_CONTEXT('2D SPACE',''
  ) );
#412 = PCURVE('',#413,#418);
#413 = B_SPLINE_SURFACE_WITH_KNOTS('',1,1,(
    (#414,#415)
    ,(#416,#417
    )),.UNSPECIFIED.,.F.,.F.,.F.,(2,2),(2,2),(0.,1.6E+03),(0.,1.),
  .PIECEWISE_BEZIER_KNOTS.);
#414 = CARTESIAN_POINT('',(6.2E+03,800.,650.));
#415 = CARTESIAN_POINT('',(8.E+03,40.,760.));
#416 = CARTESIAN_POINT('',(6.2E+03,-800.,650.));
#417 = CARTESIAN_POINT('',(8.E+03,-40.,760.));
#418 = DEFINITIONAL_REPRESENTATION('',(#419),#422);
#419 = B_SPLINE_CURVE_WITH_KNOTS('',1,(#420,#421),.UNSPECIFIED.,.F.,.F.,
  (2,2),(0.,1.6E+03),.PIECEWISE_BEZIER_KNOTS.);
#420 = CARTESIAN_POINT('',(0.,0.));
#421 = CARTESIAN_POINT('',(1.6E+03,0.));
#422 = ( GEOMETRIC_REPRESENTATION_CONTEXT(2) 
PARAMETRIC_REPRESENTATION_CONTEXT() REPRESENTATION_CONTEXT('2D SPACE',''
  ) );
#423 = ORIENTED_EDGE('',*,*,#424,.T.);
#424 = EDGE_CURVE('',#398,#425,#427,.T.);
#425 = VERTEX_POINT('',#426);
#426 = CARTESIAN_POINT('',(40.,770.64550476447,650.));
#427 = SURFACE_CURVE('',#428,(#432,#438),.PCURVE_S1.);
#428 = LINE('',#429,#430);
#429 = CARTESIAN_POINT('',(20.,770.64550476447,650.));
#430 = VECTOR('',#431,1.);
#431 = DIRECTION('',(-1.,-0.,-0.));
#432 = PCURVE('',#158,#433);
#433 = DEFINITIONAL_REPRESENTATION('',(#434),#437);
#434 = B_SPLINE_CURVE_WITH_KNOTS('',1,(#435,#436),.UNSPECIFIED.,.F.,.F.,
  (2,2),(-6.18E+03,-20.),.PIECEWISE_BEZIER_KNOTS.);
#435 = CARTESIAN_POINT('',(29.354495235526,-6.2E+03));
#436 = CARTESIAN_POINT('',(29.354495235526,-40.));
#437 = ( GEOMETRIC_REPRESENTATION_CONTEXT(2) 
PARAMETRIC_REPRESENTATION_CONTEXT() REPRESENTATION_CONTEXT('2D SPACE',''
  ) );
#438 = PCURVE('',#439,#444);
#439 = PLANE('',#440);
#440 = AXIS2_PLACEMENT_3D('',#441,#442,#443);
#441 = CARTESIAN_POINT('',(40.,386.03012014908,25.));
#442 = DIRECTION('',(0.,-0.851658316705,0.524097425664));
#443 = DIRECTION('',(0.,0.524097425664,0.851658316705));
#444 = DEFINITIONAL_REPRESENTATION('',(#445),#448);
#445 = B_SPLINE_CURVE_WITH_KNOTS('',1,(#446,#447),.UNSPECIFIED.,.F.,.F.,
  (2,2),(-6.18E+03,-20.),.PIECEWISE_BEZIER_KNOTS.);
#446 = CARTESIAN_POINT('',(733.86238088816,-6.16E+03));
#447 = CARTESIAN_POINT('',(733.86238088816,0.));
#448 = ( GEOMETRIC_REPRESENTATION_CONTEXT(2) 
PARAMETRIC_REPRESENTATION_CONTEXT() REPRESENTATION_CONTEXT('2D SPACE',''
  ) );
#449 = ORIENTED_EDGE('',*,*,#450,.T.);
#450 = EDGE_CURVE('',#425,#451,#453,.T.);
#451 = VERTEX_POINT('',#452);
#452 = CARTESIAN_POINT('',(40.,-770.6455047644,650.));
#453 = SURFACE_CURVE('',#454,(#458,#464),.PCURVE_S1.);
#454 = LINE('',#455,#456);
#455 = CARTESIAN_POINT('',(40.,400.,650.));
#456 = VECTOR('',#457,1.);
#457 = DIRECTION('',(0.,-1.,0.));
#458 = PCURVE('',#158,#459);
#459 = DEFINITIONAL_REPRESENTATION('',(#460),#463);
#460 = B_SPLINE_CURVE_WITH_KNOTS('',1,(#461,#462),.UNSPECIFIED.,.F.,.F.,
  (2,2),(-400.,1.2E+03),.PIECEWISE_BEZIER_KNOTS.);
#461 = CARTESIAN_POINT('',(0.,-40.));
#462 = CARTESIAN_POINT('',(1.6E+03,-40.));
#463 = ( GEOMETRIC_REPRESENTATION_CONTEXT(2) 
PARAMETRIC_REPRESENTATION_CONTEXT() REPRESENTATION_CONTEXT('2D SPACE',''
  ) );
#464 = PCURVE('',#465,#470);
#465 = PLANE('',#466);
#466 = AXIS2_PLACEMENT_3D('',#467,#468,#469);
#467 = CARTESIAN_POINT('',(40.,-7.031628057976E-15,465.64989277454));
#468 = DIRECTION('',(1.,0.,0.));
#469 = DIRECTION('',(-0.,0.,1.));
#470 = DEFINITIONAL_REPRESENTATION('',(#471),#474);
#471 = B_SPLINE_CURVE_WITH_KNOTS('',1,(#472,#473),.UNSPECIFIED.,.F.,.F.,
  (2,2),(-400.,1.2E+03),.PIECEWISE_BEZIER_KNOTS.);
#472 = CARTESIAN_POINT('',(184.35010722545,-800.));
#473 = CARTESIAN_POINT('',(184.35010722545,800.));
#474 = ( GEOMETRIC_REPRESENTATION_CONTEXT(2) 
PARAMETRIC_REPRESENTATION_CONTEXT() REPRESENTATION_CONTEXT('2D SPACE',''
  ) );
#475 = ORIENTED_EDGE('',*,*,#476,.T.);
#476 = EDGE_CURVE('',#451,#477,#479,.T.);
#477 = VERTEX_POINT('',#478);
#478 = CARTESIAN_POINT('',(6.2E+03,-770.6455047644,650.));
#479 = SURFACE_CURVE('',#480,(#484,#490),.PCURVE_S1.);
#480 = LINE('',#481,#482);
#481 = CARTESIAN_POINT('',(20.,-770.6455047644,650.));
#482 = VECTOR('',#483,1.);
#483 = DIRECTION('',(1.,0.,0.));
#484 = PCURVE('',#158,#485);
#485 = DEFINITIONAL_REPRESENTATION('',(#486),#489);
#486 = B_SPLINE_CURVE_WITH_KNOTS('',1,(#487,#488),.UNSPECIFIED.,.F.,.F.,
  (2,2),(20.,6.18E+03),.PIECEWISE_BEZIER_KNOTS.);
#487 = CARTESIAN_POINT('',(1.570645504764E+03,-40.));
#488 = CARTESIAN_POINT('',(1.570645504764E+03,-6.2E+03));
#489 = ( GEOMETRIC_REPRESENTATION_CONTEXT(2) 
PARAMETRIC_REPRESENTATION_CONTEXT() REPRESENTATION_CONTEXT('2D SPACE',''
  ) );
#490 = PCURVE('',#491,#496);
#491 = PLANE('',#492);
#492 = AXIS2_PLACEMENT_3D('',#493,#494,#495);
#493 = CARTESIAN_POINT('',(40.,-832.1839663029,750.));
#494 = DIRECTION('',(-0.,0.851658316705,0.524097425664));
#495 = DIRECTION('',(0.,0.524097425664,-0.851658316705));
#496 = DEFINITIONAL_REPRESENTATION('',(#497),#500);
#497 = B_SPLINE_CURVE_WITH_KNOTS('',1,(#498,#499),.UNSPECIFIED.,.F.,.F.,
  (2,2),(20.,6.18E+03),.PIECEWISE_BEZIER_KNOTS.);
#498 = CARTESIAN_POINT('',(117.4179809421,0.));
#499 = CARTESIAN_POINT('',(117.4179809421,-6.16E+03));
#500 = ( GEOMETRIC_REPRESENTATION_CONTEXT(2) 
PARAMETRIC_REPRESENTATION_CONTEXT() REPRESENTATION_CONTEXT('2D SPACE',''
  ) );
#501 = ORIENTED_EDGE('',*,*,#502,.T.);
#502 = EDGE_CURVE('',#477,#143,#503,.T.);
#503 = SURFACE_CURVE('',#504,(#508,#515),.PCURVE_S1.);
#504 = LINE('',#505,#506);
#505 = CARTESIAN_POINT('',(6.2E+03,800.,650.));
#506 = VECTOR('',#507,1.);
#507 = DIRECTION('',(0.,-1.,0.));
#508 = PCURVE('',#158,#509);
#509 = DEFINITIONAL_REPRESENTATION('',(#510),#514);
#510 = LINE('',#511,#512);
#511 = CARTESIAN_POINT('',(0.,-6.2E+03));
#512 = VECTOR('',#513,1.);
#513 = DIRECTION('',(1.,0.));
#514 = ( GEOMETRIC_REPRESENTATION_CONTEXT(2) 
PARAMETRIC_REPRESENTATION_CONTEXT() REPRESENTATION_CONTEXT('2D SPACE',''
  ) );
#515 = PCURVE('',#413,#516);
#516 = DEFINITIONAL_REPRESENTATION('',(#517),#520);
#517 = B_SPLINE_CURVE_WITH_KNOTS('',1,(#518,#519),.UNSPECIFIED.,.F.,.F.,
  (2,2),(0.,1.6E+03),.PIECEWISE_BEZIER_KNOTS.);
#518 = CARTESIAN_POINT('',(0.,0.));
#519 = CARTESIAN_POINT('',(1.6E+03,0.));
#520 = ( GEOMETRIC_REPRESENTATION_CONTEXT(2) 
PARAMETRIC_REPRESENTATION_CONTEXT() REPRESENTATION_CONTEXT('2D SPACE',''
  ) );
#521 = ORIENTED_EDGE('',*,*,#140,.F.);
#522 = ADVANCED_FACE('',(#523),#184,.T.);
#523 = FACE_BOUND('',#524,.T.);
#524 = EDGE_LOOP('',(#525,#526,#527,#549));
#525 = ORIENTED_EDGE('',*,*,#170,.T.);
#526 = ORIENTED_EDGE('',*,*,#372,.T.);
#527 = ORIENTED_EDGE('',*,*,#528,.F.);
#528 = EDGE_CURVE('',#529,#346,#531,.T.);
#529 = VERTEX_POINT('',#530);
#530 = CARTESIAN_POINT('',(8.E+03,-40.,760.));
#531 = SURFACE_CURVE('',#532,(#536,#542),.PCURVE_S1.);
#532 = LINE('',#533,#534);
#533 = CARTESIAN_POINT('',(8.E+03,-40.,760.));
#534 = VECTOR('',#535,1.);
#535 = DIRECTION('',(0.,3.701166050988E-02,-0.999314833767));
#536 = PCURVE('',#184,#537);
#537 = DEFINITIONAL_REPRESENTATION('',(#538),#541);
#538 = B_SPLINE_CURVE_WITH_KNOTS('',1,(#539,#540),.UNSPECIFIED.,.F.,.F.,
  (2,2),(0.,540.37024344425),.PIECEWISE_BEZIER_KNOTS.);
#539 = CARTESIAN_POINT('',(0.,1.));
#540 = CARTESIAN_POINT('',(763.21687612368,1.));
#541 = ( GEOMETRIC_REPRESENTATION_CONTEXT(2) 
PARAMETRIC_REPRESENTATION_CONTEXT() REPRESENTATION_CONTEXT('2D SPACE',''
  ) );
#542 = PCURVE('',#360,#543);
#543 = DEFINITIONAL_REPRESENTATION('',(#544),#548);
#544 = LINE('',#545,#546);
#545 = CARTESIAN_POINT('',(534.48858620225,79.51069877389));
#546 = VECTOR('',#547,1.);
#547 = DIRECTION('',(-0.989115504946,-0.147141149496));
#548 = ( GEOMETRIC_REPRESENTATION_CONTEXT(2) 
PARAMETRIC_REPRESENTATION_CONTEXT() REPRESENTATION_CONTEXT('2D SPACE',''
  ) );
#549 = ORIENTED_EDGE('',*,*,#550,.F.);
#550 = EDGE_CURVE('',#143,#529,#551,.T.);
#551 = SURFACE_CURVE('',#552,(#555,#562),.PCURVE_S1.);
#552 = B_SPLINE_CURVE_WITH_KNOTS('',1,(#553,#554),.UNSPECIFIED.,.F.,.F.,
  (2,2),(0.,1.),.PIECEWISE_BEZIER_KNOTS.);
#553 = CARTESIAN_POINT('',(6.2E+03,-800.,650.));
#554 = CARTESIAN_POINT('',(8.E+03,-40.,760.));
#555 = PCURVE('',#184,#556);
#556 = DEFINITIONAL_REPRESENTATION('',(#557),#561);
#557 = LINE('',#558,#559);
#558 = CARTESIAN_POINT('',(0.,0.));
#559 = VECTOR('',#560,1.);
#560 = DIRECTION('',(0.,1.));
#561 = ( GEOMETRIC_REPRESENTATION_CONTEXT(2) 
PARAMETRIC_REPRESENTATION_CONTEXT() REPRESENTATION_CONTEXT('2D SPACE',''
  ) );
#562 = PCURVE('',#413,#563);
#563 = DEFINITIONAL_REPRESENTATION('',(#564),#568);
#564 = LINE('',#565,#566);
#565 = CARTESIAN_POINT('',(1.6E+03,0.));
#566 = VECTOR('',#567,1.);
#567 = DIRECTION('',(0.,1.));
#568 = ( GEOMETRIC_REPRESENTATION_CONTEXT(2) 
PARAMETRIC_REPRESENTATION_CONTEXT() REPRESENTATION_CONTEXT('2D SPACE',''
  ) );
#569 = ADVANCED_FACE('',(#570),#237,.T.);
#570 = FACE_BOUND('',#571,.T.);
#571 = EDGE_LOOP('',(#572,#573,#595,#615));
#572 = ORIENTED_EDGE('',*,*,#221,.T.);
#573 = ORIENTED_EDGE('',*,*,#574,.T.);
#574 = EDGE_CURVE('',#222,#575,#577,.T.);
#575 = VERTEX_POINT('',#576);
#576 = CARTESIAN_POINT('',(8.E+03,40.,760.));
#577 = SURFACE_CURVE('',#578,(#581,#588),.PCURVE_S1.);
#578 = B_SPLINE_CURVE_WITH_KNOTS('',1,(#579,#580),.UNSPECIFIED.,.F.,.F.,
  (2,2),(0.,1.),.PIECEWISE_BEZIER_KNOTS.);
#579 = CARTESIAN_POINT('',(6.2E+03,800.,650.));
#580 = CARTESIAN_POINT('',(8.E+03,40.,760.));
#581 = PCURVE('',#237,#582);
#582 = DEFINITIONAL_REPRESENTATION('',(#583),#587);
#583 = LINE('',#584,#585);
#584 = CARTESIAN_POINT('',(763.21687612368,0.));
#585 = VECTOR('',#586,1.);
#586 = DIRECTION('',(0.,1.));
#587 = ( GEOMETRIC_REPRESENTATION_CONTEXT(2) 
PARAMETRIC_REPRESENTATION_CONTEXT() REPRESENTATION_CONTEXT('2D SPACE',''
  ) );
#588 = PCURVE('',#413,#589);
#589 = DEFINITIONAL_REPRESENTATION('',(#590),#594);
#590 = LINE('',#591,#592);
#591 = CARTESIAN_POINT('',(0.,0.));
#592 = VECTOR('',#593,1.);
#593 = DIRECTION('',(0.,1.));
#594 = ( GEOMETRIC_REPRESENTATION_CONTEXT(2) 
PARAMETRIC_REPRESENTATION_CONTEXT() REPRESENTATION_CONTEXT('2D SPACE',''
  ) );
#595 = ORIENTED_EDGE('',*,*,#596,.F.);
#596 = EDGE_CURVE('',#324,#575,#597,.T.);
#597 = SURFACE_CURVE('',#598,(#602,#608),.PCURVE_S1.);
#598 = LINE('',#599,#600);
#599 = CARTESIAN_POINT('',(8.E+03,20.,220.));
#600 = VECTOR('',#601,1.);
#601 = DIRECTION('',(0.,3.701166050988E-02,0.999314833767));
#602 = PCURVE('',#237,#603);
#603 = DEFINITIONAL_REPRESENTATION('',(#604),#607);
#604 = B_SPLINE_CURVE_WITH_KNOTS('',1,(#605,#606),.UNSPECIFIED.,.F.,.F.,
  (2,2),(0.,540.37024344425),.PIECEWISE_BEZIER_KNOTS.);
#605 = CARTESIAN_POINT('',(0.,1.));
#606 = CARTESIAN_POINT('',(763.21687612368,1.));
#607 = ( GEOMETRIC_REPRESENTATION_CONTEXT(2) 
PARAMETRIC_REPRESENTATION_CONTEXT() REPRESENTATION_CONTEXT('2D SPACE',''
  ) );
#608 = PCURVE('',#360,#609);
#609 = DEFINITIONAL_REPRESENTATION('',(#610),#614);
#610 = LINE('',#611,#612);
#611 = CARTESIAN_POINT('',(4.417261042994,-39.75534938694));
#612 = VECTOR('',#613,1.);
#613 = DIRECTION('',(0.997290013252,7.357057474806E-02));
#614 = ( GEOMETRIC_REPRESENTATION_CONTEXT(2) 
PARAMETRIC_REPRESENTATION_CONTEXT() REPRESENTATION_CONTEXT('2D SPACE',''
  ) );
#615 = ORIENTED_EDGE('',*,*,#323,.F.);
#616 = ADVANCED_FACE('',(#617),#360,.T.);
#617 = FACE_BOUND('',#618,.T.);
#618 = EDGE_LOOP('',(#619,#620,#621,#641));
#619 = ORIENTED_EDGE('',*,*,#345,.T.);
#620 = ORIENTED_EDGE('',*,*,#596,.T.);
#621 = ORIENTED_EDGE('',*,*,#622,.T.);
#622 = EDGE_CURVE('',#575,#529,#623,.T.);
#623 = SURFACE_CURVE('',#624,(#628,#635),.PCURVE_S1.);
#624 = LINE('',#625,#626);
#625 = CARTESIAN_POINT('',(8.E+03,40.,760.));
#626 = VECTOR('',#627,1.);
#627 = DIRECTION('',(0.,-1.,0.));
#628 = PCURVE('',#360,#629);
#629 = DEFINITIONAL_REPRESENTATION('',(#630),#634);
#630 = LINE('',#631,#632);
#631 = CARTESIAN_POINT('',(543.32310828824,-7.105427357601E-15));
#632 = VECTOR('',#633,1.);
#633 = DIRECTION('',(-0.110431526075,0.993883734674));
#634 = ( GEOMETRIC_REPRESENTATION_CONTEXT(2) 
PARAMETRIC_REPRESENTATION_CONTEXT() REPRESENTATION_CONTEXT('2D SPACE',''
  ) );
#635 = PCURVE('',#413,#636);
#636 = DEFINITIONAL_REPRESENTATION('',(#637),#640);
#637 = B_SPLINE_CURVE_WITH_KNOTS('',1,(#638,#639),.UNSPECIFIED.,.F.,.F.,
  (2,2),(0.,80.),.PIECEWISE_BEZIER_KNOTS.);
#638 = CARTESIAN_POINT('',(0.,1.));
#639 = CARTESIAN_POINT('',(1.6E+03,1.));
#640 = ( GEOMETRIC_REPRESENTATION_CONTEXT(2) 
PARAMETRIC_REPRESENTATION_CONTEXT() REPRESENTATION_CONTEXT('2D SPACE',''
  ) );
#641 = ORIENTED_EDGE('',*,*,#528,.T.);
#642 = ADVANCED_FACE('',(#643),#413,.T.);
#643 = FACE_BOUND('',#644,.T.);
#644 = EDGE_LOOP('',(#645,#1510,#1511,#1512,#1513,#1514,#1515,#2260));
#645 = ORIENTED_EDGE('',*,*,#646,.T.);
#646 = EDGE_CURVE('',#647,#477,#649,.T.);
#647 = VERTEX_POINT('',#648);
#648 = CARTESIAN_POINT('',(7.88E+03,-65.21110403104,752.66666666666));
#649 = SURFACE_CURVE('',#650,(#933,#1219),.PCURVE_S1.);
#650 = B_SPLINE_CURVE_WITH_KNOTS('',5,(#651,#652,#653,#654,#655,#656,
    #657,#658,#659,#660,#661,#662,#663,#664,#665,#666,#667,#668,#669,
    #670,#671,#672,#673,#674,#675,#676,#677,#678,#679,#680,#681,#682,
    #683,#684,#685,#686,#687,#688,#689,#690,#691,#692,#693,#694,#695,
    #696,#697,#698,#699,#700,#701,#702,#703,#704,#705,#706,#707,#708,
    #709,#710,#711,#712,#713,#714,#715,#716,#717,#718,#719,#720,#721,
    #722,#723,#724,#725,#726,#727,#728,#729,#730,#731,#732,#733,#734,
    #735,#736,#737,#738,#739,#740,#741,#742,#743,#744,#745,#746,#747,
    #748,#749,#750,#751,#752,#753,#754,#755,#756,#757,#758,#759,#760,
    #761,#762,#763,#764,#765,#766,#767,#768,#769,#770,#771,#772,#773,
    #774,#775,#776,#777,#778,#779,#780,#781,#782,#783,#784,#785,#786,
    #787,#788,#789,#790,#791,#792,#793,#794,#795,#796,#797,#798,#799,
    #800,#801,#802,#803,#804,#805,#806,#807,#808,#809,#810,#811,#812,
    #813,#814,#815,#816,#817,#818,#819,#820,#821,#822,#823,#824,#825,
    #826,#827,#828,#829,#830,#831,#832,#833,#834,#835,#836,#837,#838,
    #839,#840,#841,#842,#843,#844,#845,#846,#847,#848,#849,#850,#851,
    #852,#853,#854,#855,#856,#857,#858,#859,#860,#861,#862,#863,#864,
    #865,#866,#867,#868,#869,#870,#871,#872,#873,#874,#875,#876,#877,
    #878,#879,#880,#881,#882,#883,#884,#885,#886,#887,#888,#889,#890,
    #891,#892,#893,#894,#895,#896,#897,#898,#899,#900,#901,#902,#903,
    #904,#905,#906,#907,#908,#909,#910,#911,#912,#913,#914,#915,#916,
    #917,#918,#919,#920,#921,#922,#923,#924,#925,#926,#927,#928,#929,
    #930,#931,#932),.UNSPECIFIED.,.F.,.F.,(6,4,4,4,4,4,4,4,4,4,4,4,4,4,4
    ,4,4,4,4,4,4,4,4,4,4,4,4,4,4,4,4,4,4,4,4,4,4,4,4,4,4,4,4,4,4,4,4,4,4
    ,4,4,4,4,4,4,4,4,4,4,4,4,4,4,4,4,4,4,4,4,4,6),(0.,1.959887011066E-02
    ,3.804185643507E-02,5.57873034857E-02,7.310139560762E-02,
    8.584818975584E-02,9.848934361328E-02,0.111056316196,0.123517707788,
    0.13599927167,0.148405108069,0.160853239459,0.173242834829,
    0.193969670984,0.214719782688,0.235506965548,0.256286549551,
    0.277174446506,0.288849257285,0.297674332053,0.306780967793,
    0.316278977367,0.326110550071,0.336288490272,0.346825899054,
    0.357736150668,0.369032864759,0.38072987421,0.392809181679,
    0.40534781431,0.418329093992,0.431767294714,0.445676675929,
    0.460071424545,0.474965593582,0.490373038094,0.506265267264,
    0.516341067097,0.52658072937,0.537073978014,0.547735124672,
    0.558657322089,0.569751108578,0.58106472758,0.592600704219,
    0.604411784625,0.616400637095,0.62861884768,0.641068537501,
    0.653805958859,0.66672552618,0.679882267597,0.693277844207,
    0.706972089543,0.720850863843,0.734972733918,0.749338872195,
    0.764012764371,0.778871510184,0.7939773095,0.809330847598,
    0.8249993303,0.840850987203,0.856951741991,0.873301823284,
    0.889972221177,0.90682227681,0.923921721681,0.941270382373,
    0.970257930573,1.),.UNSPECIFIED.);
#651 = CARTESIAN_POINT('',(7.88E+03,-65.21110403104,752.66666666666));
#652 = CARTESIAN_POINT('',(7.874742894066E+03,-67.31997739994,
    752.3453990818));
#653 = CARTESIAN_POINT('',(7.869364406577E+03,-69.47837764031,
    752.01671373528));
#654 = CARTESIAN_POINT('',(7.863874245576E+03,-71.68248657419,
    751.68120389629));
#655 = CARTESIAN_POINT('',(7.858282738799E+03,-73.92822784401,
    751.33950070437));
#656 = CARTESIAN_POINT('',(7.847252036666E+03,-78.36045405572,
    750.6654022407));
#657 = CARTESIAN_POINT('',(7.841823281283E+03,-80.54263289136,
    750.33364496727));
#658 = CARTESIAN_POINT('',(7.836321740863E+03,-82.75496900868,
    749.99743971944));
#659 = CARTESIAN_POINT('',(7.83075514717E+03,-84.99439731024,
    749.65725899371));
#660 = CARTESIAN_POINT('',(7.819718102338E+03,-89.43645608162,
    748.98277292064));
#661 = CARTESIAN_POINT('',(7.814252000001E+03,-91.63726593565,
    748.64873333342));
#662 = CARTESIAN_POINT('',(7.808737954833E+03,-93.85828300162,
    748.31176390644));
#663 = CARTESIAN_POINT('',(7.803181295842E+03,-96.09738903013,
    747.97219030145));
#664 = CARTESIAN_POINT('',(7.792127681482E+03,-100.5534016159,
    747.29669164611));
#665 = CARTESIAN_POINT('',(7.786632587741E+03,-102.7695128335,
    746.96088036194));
#666 = CARTESIAN_POINT('',(7.781105365394E+03,-104.9994879116,
    746.62310566297));
#667 = CARTESIAN_POINT('',(7.775549590355E+03,-107.2419025337,
    746.28358607726));
#668 = CARTESIAN_POINT('',(7.765859149425E+03,-111.1547608831,
    745.69139246486));
#669 = CARTESIAN_POINT('',(7.761736219996E+03,-112.8200414728,
    745.4394356664));
#670 = CARTESIAN_POINT('',(7.757600609673E+03,-114.4909506008,
    745.18670392448));
#671 = CARTESIAN_POINT('',(7.753453365445E+03,-116.1670707364,
    744.93326122165));
#672 = CARTESIAN_POINT('',(7.745171884319E+03,-119.5150772387,
    744.42717070835));
#673 = CARTESIAN_POINT('',(7.741037828935E+03,-121.1868818075,
    744.17453399046));
#674 = CARTESIAN_POINT('',(7.736894115083E+03,-122.8630996367,
    743.92130703286));
#675 = CARTESIAN_POINT('',(7.732741523873E+03,-124.5434188035,
    743.66753757003));
#676 = CARTESIAN_POINT('',(7.724444355401E+03,-127.9018364361,
    743.16048838562));
#677 = CARTESIAN_POINT('',(7.720299877746E+03,-129.5798886305,
    742.90721475114));
#678 = CARTESIAN_POINT('',(7.71614796354E+03,-131.2614598883,
    742.65348666077));
#679 = CARTESIAN_POINT('',(7.71198919941E+03,-132.9463156195,
    742.39933996393));
#680 = CARTESIAN_POINT('',(7.703693980555E+03,-136.3080081462,
    741.8924099228));
#681 = CARTESIAN_POINT('',(7.699557634722E+03,-137.9847922856,
    741.63963323301));
#682 = CARTESIAN_POINT('',(7.695415552226E+03,-139.6644062655,
    741.38650596938));
#683 = CARTESIAN_POINT('',(7.691268171736E+03,-141.3466743967,
    741.13305493943));
#684 = CARTESIAN_POINT('',(7.682956855292E+03,-144.7189406958,
    740.62514115675));
#685 = CARTESIAN_POINT('',(7.678792905526E+03,-146.4089461271,
    740.37067755994));
#686 = CARTESIAN_POINT('',(7.674624408611E+03,-148.1013064458,
    740.11593608178));
#687 = CARTESIAN_POINT('',(7.67045170428E+03,-149.7958853561,
    739.86093748378));
#688 = CARTESIAN_POINT('',(7.662123812743E+03,-153.1789486896,
    739.35201077875));
#689 = CARTESIAN_POINT('',(7.657968674432E+03,-154.867407085,
    739.09808565971));
#690 = CARTESIAN_POINT('',(7.653809964564E+03,-156.5578223223,
    738.8439422789));
#691 = CARTESIAN_POINT('',(7.649647941817E+03,-158.2500904243,
    738.5895964444));
#692 = CARTESIAN_POINT('',(7.641303523132E+03,-161.6439256465,
    738.07965974695));
#693 = CARTESIAN_POINT('',(7.637121107294E+03,-163.3455043294,
    737.82406766798));
#694 = CARTESIAN_POINT('',(7.632935813951E+03,-165.0487642279,
    737.56829974145));
#695 = CARTESIAN_POINT('',(7.628747847144E+03,-166.753623145,
    737.31236843657));
#696 = CARTESIAN_POINT('',(7.620386630018E+03,-170.158370417,
    736.80140516775));
#697 = CARTESIAN_POINT('',(7.616213403979E+03,-171.8582440977,
    736.54637468763));
#698 = CARTESIAN_POINT('',(7.612037884741E+03,-173.5595585237,
    736.29120406751));
#699 = CARTESIAN_POINT('',(7.607860230502E+03,-175.2622498017,
    736.0359029751));
#700 = CARTESIAN_POINT('',(7.596688349618E+03,-179.8169414474,
    735.35317692107));
#701 = CARTESIAN_POINT('',(7.589690537323E+03,-182.6713153634,
    734.92553283643));
#702 = CARTESIAN_POINT('',(7.582687794444E+03,-185.5291201418,
    734.4975874382));
#703 = CARTESIAN_POINT('',(7.575680662084E+03,-188.390136241,
    734.06937379405));
#704 = CARTESIAN_POINT('',(7.561650633595E+03,-194.1214459719,
    733.21198316415));
#705 = CARTESIAN_POINT('',(7.554627732452E+03,-196.9917448399,
    732.78280587207));
#706 = CARTESIAN_POINT('',(7.547601328431E+03,-199.8648976068,
    732.35341451524));
#707 = CARTESIAN_POINT('',(7.540571796951E+03,-202.7407509713,
    731.92383203588));
#708 = CARTESIAN_POINT('',(7.526494538727E+03,-208.5027459461,
    731.06355514443));
#709 = CARTESIAN_POINT('',(7.519446804321E+03,-211.3888957723,
    730.63286026407));
#710 = CARTESIAN_POINT('',(7.512396560799E+03,-214.277497897,
    730.20201204884));
#711 = CARTESIAN_POINT('',(7.505344074152E+03,-217.1684427957,
    729.7710267537));
#712 = CARTESIAN_POINT('',(7.49123763963E+03,-222.9537759339,
    728.90896686625));
#713 = CARTESIAN_POINT('',(7.484183694757E+03,-225.8481619029,
    728.47789245737));
#714 = CARTESIAN_POINT('',(7.477127956351E+03,-228.7447036339,
    728.04670844366));
#715 = CARTESIAN_POINT('',(7.4700706151E+03,-231.643321771,
    727.61542647833));
#716 = CARTESIAN_POINT('',(7.455916256278E+03,-237.4596950298,
    726.75043788366));
#717 = CARTESIAN_POINT('',(7.448819224642E+03,-240.3774707366,
    726.31673039479));
#718 = CARTESIAN_POINT('',(7.441720902069E+03,-243.297206959,
    725.88294401533));
#719 = CARTESIAN_POINT('',(7.434621429854E+03,-246.2188441008,
    725.44908737994));
#720 = CARTESIAN_POINT('',(7.423552266428E+03,-250.7763467283,
    724.77263850395));
#721 = CARTESIAN_POINT('',(7.419583282887E+03,-252.4109403489,
    724.53008950978));
#722 = CARTESIAN_POINT('',(7.415613999225E+03,-254.0461027287,
    724.28752217485));
#723 = CARTESIAN_POINT('',(7.411644435008E+03,-255.6818255129,
    724.04493769493));
#724 = CARTESIAN_POINT('',(7.40467378709E+03,-258.554973587,
    723.6189536555));
#725 = CARTESIAN_POINT('',(7.401672815959E+03,-259.7921619816,
    723.43556097525));
#726 = CARTESIAN_POINT('',(7.39867170256E+03,-261.0296628451,
    723.25215960091));
#727 = CARTESIAN_POINT('',(7.395670454215E+03,-262.2674730232,
    723.06874997978));
#728 = CARTESIAN_POINT('',(7.389571943493E+03,-264.7832077402,
    722.69606321347));
#729 = CARTESIAN_POINT('',(7.386474672825E+03,-266.0611521343,
    722.50678556149));
#730 = CARTESIAN_POINT('',(7.383377273341E+03,-267.3394194546,
    722.31750003749));
#731 = CARTESIAN_POINT('',(7.380279752156E+03,-268.6180066086,
    722.12820707618));
#732 = CARTESIAN_POINT('',(7.373951353318E+03,-271.2307779236,
    721.74147159164));
#733 = CARTESIAN_POINT('',(7.370720465576E+03,-272.5649899063,
    721.54402845185));
#734 = CARTESIAN_POINT('',(7.367489460292E+03,-273.8995433189,
    721.34657812892));
#735 = CARTESIAN_POINT('',(7.36425834459E+03,-275.234435033,
    721.14912105826));
#736 = CARTESIAN_POINT('',(7.357682427647E+03,-277.9517813637,
    720.74725946729));
#737 = CARTESIAN_POINT('',(7.354337619001E+03,-279.3342599444,
    720.5428544945));
#738 = CARTESIAN_POINT('',(7.350992706615E+03,-280.7170945729,
    720.33844318202));
#739 = CARTESIAN_POINT('',(7.34764769745E+03,-282.100282158,
    720.13402595527));
#740 = CARTESIAN_POINT('',(7.340839650338E+03,-284.9160996141,
    719.71797863179));
#741 = CARTESIAN_POINT('',(7.33737660593E+03,-286.3487545796,
    719.50634814019));
#742 = CARTESIAN_POINT('',(7.333913472031E+03,-287.7817814517,
    719.29471217966));
#743 = CARTESIAN_POINT('',(7.330450255433E+03,-289.2151771751,
    719.08307116532));
#744 = CARTESIAN_POINT('',(7.323401351575E+03,-292.1333387393,
    718.65230481849));
#745 = CARTESIAN_POINT('',(7.319815658839E+03,-293.6181308836,
    718.43317915126));
#746 = CARTESIAN_POINT('',(7.316229891333E+03,-295.1033121095,
    718.21404891477));
#747 = CARTESIAN_POINT('',(7.312644055676E+03,-296.5888793966,
    717.99491451355));
#748 = CARTESIAN_POINT('',(7.305345381406E+03,-299.6133574634,
    717.54888441927));
#749 = CARTESIAN_POINT('',(7.30163253834E+03,-301.1522958371,
    717.32198845412));
#750 = CARTESIAN_POINT('',(7.297919635727E+03,-302.6916418609,
    717.09508884998));
#751 = CARTESIAN_POINT('',(7.294206680009E+03,-304.2313925476,
    716.86818600052));
#752 = CARTESIAN_POINT('',(7.286649152562E+03,-307.3662528352,
    716.40633710098));
#753 = CARTESIAN_POINT('',(7.282804577448E+03,-308.9613914046,
    716.17139084405));
#754 = CARTESIAN_POINT('',(7.278959958539E+03,-310.5569576646,
    715.9364419107));
#755 = CARTESIAN_POINT('',(7.275115302093E+03,-312.1529486588,
    715.70149068346));
#756 = CARTESIAN_POINT('',(7.267289690546E+03,-315.4023429109,
    715.22325886668));
#757 = CARTESIAN_POINT('',(7.263308733168E+03,-317.0557765976,
    714.97997813805));
#758 = CARTESIAN_POINT('',(7.259327748303E+03,-318.7096595661,
    714.73669572962));
#759 = CARTESIAN_POINT('',(7.255346742023E+03,-320.3639888885,
    714.49341201251));
#760 = CARTESIAN_POINT('',(7.247254584627E+03,-323.7276183202,
    713.99889128278));
#761 = CARTESIAN_POINT('',(7.243143432475E+03,-325.4369478955,
    713.74765420681));
#762 = CARTESIAN_POINT('',(7.239032269769E+03,-327.1467474875,
    713.49641648587));
#763 = CARTESIAN_POINT('',(7.234921102345E+03,-328.8570142161,
    713.24517847663));
#764 = CARTESIAN_POINT('',(7.226542438592E+03,-332.3435284061,
    712.73314902506));
#765 = CARTESIAN_POINT('',(7.222274942329E+03,-334.1198118547,
    712.47235758675));
#766 = CARTESIAN_POINT('',(7.218007452934E+03,-335.8965926676,
    712.21156656819));
#767 = CARTESIAN_POINT('',(7.213739976096E+03,-337.673867964,
    711.95077631698));
#768 = CARTESIAN_POINT('',(7.205054405479E+03,-341.2921619831,
    711.41999144593));
#769 = CARTESIAN_POINT('',(7.200636312992E+03,-343.1332160358,
    711.14999690506));
#770 = CARTESIAN_POINT('',(7.196218245523E+03,-344.9747941609,
    710.88000389308));
#771 = CARTESIAN_POINT('',(7.191800208563E+03,-346.8168934952,
    710.61001274552));
#772 = CARTESIAN_POINT('',(7.182808699031E+03,-350.5669864764,
    710.06053160745));
#773 = CARTESIAN_POINT('',(7.17823522902E+03,-352.4750172627,
    709.78104177344));
#774 = CARTESIAN_POINT('',(7.173661802847E+03,-354.3836006873,
    709.50155461845));
#775 = CARTESIAN_POINT('',(7.169088425802E+03,-356.2927338998,
    709.22207046569));
#776 = CARTESIAN_POINT('',(7.159781426437E+03,-360.1790531795,
    708.65330939335));
#777 = CARTESIAN_POINT('',(7.155047807982E+03,-362.1562782804,
    708.36403271));
#778 = CARTESIAN_POINT('',(7.150314252883E+03,-364.1340865133,
    708.0747598984));
#779 = CARTESIAN_POINT('',(7.145580766224E+03,-366.1124750352,
    707.78549126927));
#780 = CARTESIAN_POINT('',(7.135948766918E+03,-370.1394632267,
    707.1968690894));
#781 = CARTESIAN_POINT('',(7.131050259473E+03,-372.1881039062,
    706.8975158567));
#782 = CARTESIAN_POINT('',(7.126151835625E+03,-374.2373602043,
    706.59816773262));
#783 = CARTESIAN_POINT('',(7.121253500249E+03,-376.2872292796,
    706.2988250152));
#784 = CARTESIAN_POINT('',(7.1112870728E+03,-380.4593281998,
    705.68976556001));
#785 = CARTESIAN_POINT('',(7.106218987302E+03,-382.5816011083,
    705.38004922399));
#786 = CARTESIAN_POINT('',(7.101151006384E+03,-384.7045241744,
    705.07033927899));
#787 = CARTESIAN_POINT('',(7.096083134714E+03,-386.8280945518,
    704.76063601028));
#788 = CARTESIAN_POINT('',(7.08577297595E+03,-391.149728163,
    704.13057075252));
#789 = CARTESIAN_POINT('',(7.080530696828E+03,-393.347836587,
    703.81020925061));
#790 = CARTESIAN_POINT('',(7.075288544038E+03,-395.546631812,
    703.48985546901));
#791 = CARTESIAN_POINT('',(7.070046522037E+03,-397.7461109795,
    703.16950968001));
#792 = CARTESIAN_POINT('',(7.059397815481E+03,-402.2156582918,
    702.51875539051));
#793 = CARTESIAN_POINT('',(7.053991139559E+03,-404.4857699759,
    702.18834741751));
#794 = CARTESIAN_POINT('',(7.048584611709E+03,-406.756603433,
    701.8579484933));
#795 = CARTESIAN_POINT('',(7.043178236139E+03,-409.0281558072,
    701.52755887515));
#796 = CARTESIAN_POINT('',(7.0343444306E+03,-412.7410607373,
    700.98771520333));
#797 = CARTESIAN_POINT('',(7.030916907236E+03,-414.1819849852,
    700.77825544218));
#798 = CARTESIAN_POINT('',(7.027489447644E+03,-415.6231964221,
    700.56879957823));
#799 = CARTESIAN_POINT('',(7.024062052774E+03,-417.0646943713,
    700.35934766952));
#800 = CARTESIAN_POINT('',(7.017151655732E+03,-419.9717096663,
    699.93704562806));
#801 = CARTESIAN_POINT('',(7.013668655712E+03,-421.437236385,
    699.72419562686));
#802 = CARTESIAN_POINT('',(7.010185724422E+03,-422.9030576402,
    699.51134982578));
#803 = CARTESIAN_POINT('',(7.006702862767E+03,-424.3691727589,
    699.29850828022));
#804 = CARTESIAN_POINT('',(6.999651028749E+03,-427.338305178,
    698.867562868));
#805 = CARTESIAN_POINT('',(6.996082059921E+03,-428.8413371806,
    698.64945921742));
#806 = CARTESIAN_POINT('',(6.99251316606E+03,-430.3446763888,
    698.43136014808));
#807 = CARTESIAN_POINT('',(6.988944348051E+03,-431.8483221154,
    698.21326571422));
#808 = CARTESIAN_POINT('',(6.981749763516E+03,-434.8802893568,
    697.77359665931));
#809 = CARTESIAN_POINT('',(6.978123999465E+03,-436.4086207372,
    697.5520221895));
#810 = CARTESIAN_POINT('',(6.974498315473E+03,-437.93726713,
    697.33045261221));
#811 = CARTESIAN_POINT('',(6.970872712385E+03,-439.4662278499,
    697.10888797911));
#812 = CARTESIAN_POINT('',(6.963532894461E+03,-442.5622226965,
    696.66034355039));
#813 = CARTESIAN_POINT('',(6.959818683675E+03,-444.1292723716,
    696.43336400235));
#814 = CARTESIAN_POINT('',(6.956104559515E+03,-445.6966505361,
    696.20638974815));
#815 = CARTESIAN_POINT('',(6.952390522808E+03,-447.2643564888,
    695.97942083823));
#816 = CARTESIAN_POINT('',(6.944904279276E+03,-450.4250565953,
    695.52192817797));
#817 = CARTESIAN_POINT('',(6.941132075247E+03,-452.0180611072,
    695.29140459842));
#818 = CARTESIAN_POINT('',(6.937359963072E+03,-453.6114023642,
    695.06088663219));
#819 = CARTESIAN_POINT('',(6.933587943536E+03,-455.2050796655,
    694.83037432719));
#820 = CARTESIAN_POINT('',(6.925969347409E+03,-458.4246916613,
    694.36479345276));
#821 = CARTESIAN_POINT('',(6.922122774556E+03,-460.0506397781,
    694.12972511178));
#822 = CARTESIAN_POINT('',(6.918276299617E+03,-461.6769359513,
    693.89466275436));
#823 = CARTESIAN_POINT('',(6.914429923344E+03,-463.303579471,
    693.65960642656));
#824 = CARTESIAN_POINT('',(6.906661774914E+03,-466.5895366473,
    693.18488624474));
#825 = CARTESIAN_POINT('',(6.902740006703E+03,-468.2488640638,
    692.94522263184));
#826 = CARTESIAN_POINT('',(6.898818342579E+03,-469.908551157,
    692.7055653798));
#827 = CARTESIAN_POINT('',(6.894896783264E+03,-471.5685972068,
    692.46591453277));
#828 = CARTESIAN_POINT('',(6.886960358903E+03,-474.9290022397,
    691.98091082185));
#829 = CARTESIAN_POINT('',(6.88294549895E+03,-476.629378513,
    691.73555826915));
#830 = CARTESIAN_POINT('',(6.878930750321E+03,-478.3301295728,
    691.4902125196));
#831 = CARTESIAN_POINT('',(6.874916113717E+03,-480.0312546783,
    691.24487361603));
#832 = CARTESIAN_POINT('',(6.866826642102E+03,-483.4598612865,
    690.75051701736));
#833 = CARTESIAN_POINT('',(6.86275181051E+03,-485.1873541115,
    690.50149953117));
#834 = CARTESIAN_POINT('',(6.858677095721E+03,-486.9152308211,
    690.25248918296));
#835 = CARTESIAN_POINT('',(6.854602498397E+03,-488.6434906718,
    690.00348601314));
#836 = CARTESIAN_POINT('',(6.846375591279E+03,-492.133845764,
    689.50073057817));
#837 = CARTESIAN_POINT('',(6.842223286048E+03,-493.895955777,
    689.24697859184));
#838 = CARTESIAN_POINT('',(6.838071104134E+03,-495.658462203,
    688.99323414154));
#839 = CARTESIAN_POINT('',(6.833919046168E+03,-497.4213642851,
    688.7394972658));
#840 = CARTESIAN_POINT('',(6.825536519166E+03,-500.9813646947,
    688.22723172679));
#841 = CARTESIAN_POINT('',(6.821306054895E+03,-502.7784781274,
    687.96870335467));
#842 = CARTESIAN_POINT('',(6.817075720564E+03,-504.5760007941,
    687.71018292338));
#843 = CARTESIAN_POINT('',(6.812845516775E+03,-506.3739319239,
    687.45167046957));
#844 = CARTESIAN_POINT('',(6.804287607907E+03,-510.0121719807,
    686.92868714988));
#845 = CARTESIAN_POINT('',(6.79995990896E+03,-511.8524999707,
    686.66421665866));
#846 = CARTESIAN_POINT('',(6.79563234786E+03,-513.6932539196,
    686.39975459142));
#847 = CARTESIAN_POINT('',(6.791304925183E+03,-515.5344330309,
    686.1353009834));
#848 = CARTESIAN_POINT('',(6.782588477325E+03,-519.2439750647,
    685.60262916985));
#849 = CARTESIAN_POINT('',(6.778199456147E+03,-521.1123502111,
    685.33441120897));
#850 = CARTESIAN_POINT('',(6.773810578509E+03,-522.9811611451,
    685.06620202001));
#851 = CARTESIAN_POINT('',(6.769421844951E+03,-524.8504070641,
    684.79800163588));
#852 = CARTESIAN_POINT('',(6.760564102421E+03,-528.6240903999,
    684.25669514795));
#853 = CARTESIAN_POINT('',(6.756095098808E+03,-530.5285439046,
    683.98358937158));
#854 = CARTESIAN_POINT('',(6.751626245677E+03,-532.433446859,
    683.71049279137));
#855 = CARTESIAN_POINT('',(6.747157543537E+03,-534.3387984429,
    683.43740543838));
#856 = CARTESIAN_POINT('',(6.738139324303E+03,-538.1849933572,
    682.88629204076));
#857 = CARTESIAN_POINT('',(6.733589812759E+03,-540.1258530937,
    682.60826633527));
#858 = CARTESIAN_POINT('',(6.72904045874E+03,-542.0671762066,
    682.33025025635));
#859 = CARTESIAN_POINT('',(6.724491262726E+03,-544.0089618568,
    682.05224383323));
#860 = CARTESIAN_POINT('',(6.71529176194E+03,-547.9367610642,
    681.49005211854));
#861 = CARTESIAN_POINT('',(6.710641464314E+03,-549.9227954395,
    681.20586726362));
#862 = CARTESIAN_POINT('',(6.705991332768E+03,-551.9093114613,
    680.92169255802));
#863 = CARTESIAN_POINT('',(6.701341367755E+03,-553.8963082598,
    680.63752802944));
#864 = CARTESIAN_POINT('',(6.691979115955E+03,-557.8980428009,
    680.06539041946));
#865 = CARTESIAN_POINT('',(6.687266833699E+03,-559.9127935642,
    679.77741761492));
#866 = CARTESIAN_POINT('',(6.682554723376E+03,-561.9280363757,
    679.48945531739));
#867 = CARTESIAN_POINT('',(6.677842785403E+03,-563.9437703557,
    679.20150355242));
#868 = CARTESIAN_POINT('',(6.668336725305E+03,-568.0115343996,
    678.62057765752));
#869 = CARTESIAN_POINT('',(6.663542609284E+03,-570.0635817896,
    678.32760390068));
#870 = CARTESIAN_POINT('',(6.658748672523E+03,-572.1161358929,
    678.03464109862));
#871 = CARTESIAN_POINT('',(6.653954915409E+03,-574.1691958074,
    677.74168927501));
#872 = CARTESIAN_POINT('',(6.644284845948E+03,-578.3118463125,
    677.15074058571));
#873 = CARTESIAN_POINT('',(6.639408539882E+03,-580.4014545215,
    676.85274410388));
#874 = CARTESIAN_POINT('',(6.634532420489E+03,-582.4915843335,
    676.5547590299));
#875 = CARTESIAN_POINT('',(6.629656488129E+03,-584.5822348235,
    676.25678538565));
#876 = CARTESIAN_POINT('',(6.619800549087E+03,-588.809372744,
    675.65447799977));
#877 = CARTESIAN_POINT('',(6.61482055052E+03,-590.9458826819,
    675.35014475399));
#878 = CARTESIAN_POINT('',(6.609840747788E+03,-593.0829339187,
    675.04582347595));
#879 = CARTESIAN_POINT('',(6.604861141225E+03,-595.2205254931,
    674.74151418596));
#880 = CARTESIAN_POINT('',(6.594839593178E+03,-599.5237224175,
    674.12908624974));
#881 = CARTESIAN_POINT('',(6.589797656676E+03,-601.6893414428,
    673.82096790796));
#882 = CARTESIAN_POINT('',(6.584755921954E+03,-603.8555125452,
    673.51286189716));
#883 = CARTESIAN_POINT('',(6.57971438931E+03,-606.0222347498,
    673.2047682356));
#884 = CARTESIAN_POINT('',(6.569547907506E+03,-610.3928142564,
    672.58348323645));
#885 = CARTESIAN_POINT('',(6.56442296513E+03,-612.5966900043,
    672.27029231352));
#886 = CARTESIAN_POINT('',(6.559298232186E+03,-614.8011333249,
    671.95711418916));
#887 = CARTESIAN_POINT('',(6.554173708943E+03,-617.0061432167,
    671.64394887983));
#888 = CARTESIAN_POINT('',(6.543841042369E+03,-621.4534661369,
    671.01250814476));
#889 = CARTESIAN_POINT('',(6.538632905982E+03,-623.6957978685,
    670.69423314333));
#890 = CARTESIAN_POINT('',(6.533424986747E+03,-625.9387128449,
    670.37597141234));
#891 = CARTESIAN_POINT('',(6.528217284906E+03,-628.1822100374,
    670.05772296647));
#892 = CARTESIAN_POINT('',(6.51769549618E+03,-632.7163992301,
    669.41472476654));
#893 = CARTESIAN_POINT('',(6.512381418315E+03,-635.0071153188,
    669.08997556368));
#894 = CARTESIAN_POINT('',(6.507067567316E+03,-637.2984356122,
    668.76524022486));
#895 = CARTESIAN_POINT('',(6.501753943397E+03,-639.5903590394,
    668.44051876316));
#896 = CARTESIAN_POINT('',(6.491065033234E+03,-644.2022110743,
    667.78730758649));
#897 = CARTESIAN_POINT('',(6.485689752334E+03,-646.5221538414,
    667.45881819817));
#898 = CARTESIAN_POINT('',(6.480314704255E+03,-648.8427117438,
    667.13034303778));
#899 = CARTESIAN_POINT('',(6.474939889179E+03,-651.1638836943,
    666.80188211646));
#900 = CARTESIAN_POINT('',(6.464106267502E+03,-655.843938791,
    666.13982745846));
#901 = CARTESIAN_POINT('',(6.458647468288E+03,-658.2028413534,
    665.80623417313));
#902 = CARTESIAN_POINT('',(6.453188909798E+03,-660.562375175,
    665.47265559874));
#903 = CARTESIAN_POINT('',(6.447730592186E+03,-662.9225391379,
    665.13909174469));
#904 = CARTESIAN_POINT('',(6.436729918533E+03,-667.6806829369,
    664.46682835479));
#905 = CARTESIAN_POINT('',(6.431187570014E+03,-670.0786824054,
    664.12812927866));
#906 = CARTESIAN_POINT('',(6.425645470175E+03,-672.4773293802,
    663.78944539957));
#907 = CARTESIAN_POINT('',(6.42010361914E+03,-674.8766227116,
    663.4507767252));
#908 = CARTESIAN_POINT('',(6.408911848637E+03,-679.7235173216,
    662.76683519447));
#909 = CARTESIAN_POINT('',(6.403261939018E+03,-682.1711441287,
    662.42156293998));
#910 = CARTESIAN_POINT('',(6.397612288275E+03,-684.619440474,
    662.07630650571));
#911 = CARTESIAN_POINT('',(6.391962896508E+03,-687.0684051599,
    661.73106589768));
#912 = CARTESIAN_POINT('',(6.38060375009E+03,-691.9940686474,
    661.03689583882));
#913 = CARTESIAN_POINT('',(6.374894001054E+03,-694.4707819062,
    660.68796673107));
#914 = CARTESIAN_POINT('',(6.369184516773E+03,-696.9481755497,
    660.33905380281));
#915 = CARTESIAN_POINT('',(6.363475297317E+03,-699.4262483618,
    659.99015705824));
#916 = CARTESIAN_POINT('',(6.35197289278E+03,-704.4204366602,
    659.28723233654));
#917 = CARTESIAN_POINT('',(6.346179715598E+03,-706.9365723632,
    658.93320484212));
#918 = CARTESIAN_POINT('',(6.340386811249E+03,-709.4534049851,
    658.57919402079));
#919 = CARTESIAN_POINT('',(6.334594179774E+03,-711.970933275,
    658.22519987506));
#920 = CARTESIAN_POINT('',(6.322925041905E+03,-717.0440805411,
    657.5120858942));
#921 = CARTESIAN_POINT('',(6.317048543525E+03,-719.5997199066,
    657.15296654874));
#922 = CARTESIAN_POINT('',(6.311172326085E+03,-722.1560727928,
    656.79386437186));
#923 = CARTESIAN_POINT('',(6.305296389599E+03,-724.7131379139,
    656.43477936437));
#924 = CARTESIAN_POINT('',(6.289603212645E+03,-731.5446535465,
    655.47575188387));
#925 = CARTESIAN_POINT('',(6.279786475603E+03,-735.8203779837,
    654.87584017576));
#926 = CARTESIAN_POINT('',(6.269970522935E+03,-740.0980813525,
    654.2759764016));
#927 = CARTESIAN_POINT('',(6.260155354541E+03,-744.3777577702,
    653.67616055527));
#928 = CARTESIAN_POINT('',(6.240271125831E+03,-753.0524926212,
    652.46101324521));
#929 = CARTESIAN_POINT('',(6.230202106867E+03,-757.4476547972,
    651.84568430852));
#930 = CARTESIAN_POINT('',(6.220133913121E+03,-761.8448816736,
    651.23040580186));
#931 = CARTESIAN_POINT('',(6.210066544295E+03,-766.244167042,
    650.61517770692));
#932 = CARTESIAN_POINT('',(6.2E+03,-770.6455047644,650.));
#933 = PCURVE('',#413,#934);
#934 = DEFINITIONAL_REPRESENTATION('',(#935),#1218);
#935 = B_SPLINE_CURVE_WITH_KNOTS('',5,(#936,#937,#938,#939,#940,#941,
    #942,#943,#944,#945,#946,#947,#948,#949,#950,#951,#952,#953,#954,
    #955,#956,#957,#958,#959,#960,#961,#962,#963,#964,#965,#966,#967,
    #968,#969,#970,#971,#972,#973,#974,#975,#976,#977,#978,#979,#980,
    #981,#982,#983,#984,#985,#986,#987,#988,#989,#990,#991,#992,#993,
    #994,#995,#996,#997,#998,#999,#1000,#1001,#1002,#1003,#1004,#1005,
    #1006,#1007,#1008,#1009,#1010,#1011,#1012,#1013,#1014,#1015,#1016,
    #1017,#1018,#1019,#1020,#1021,#1022,#1023,#1024,#1025,#1026,#1027,
    #1028,#1029,#1030,#1031,#1032,#1033,#1034,#1035,#1036,#1037,#1038,
    #1039,#1040,#1041,#1042,#1043,#1044,#1045,#1046,#1047,#1048,#1049,
    #1050,#1051,#1052,#1053,#1054,#1055,#1056,#1057,#1058,#1059,#1060,
    #1061,#1062,#1063,#1064,#1065,#1066,#1067,#1068,#1069,#1070,#1071,
    #1072,#1073,#1074,#1075,#1076,#1077,#1078,#1079,#1080,#1081,#1082,
    #1083,#1084,#1085,#1086,#1087,#1088,#1089,#1090,#1091,#1092,#1093,
    #1094,#1095,#1096,#1097,#1098,#1099,#1100,#1101,#1102,#1103,#1104,
    #1105,#1106,#1107,#1108,#1109,#1110,#1111,#1112,#1113,#1114,#1115,
    #1116,#1117,#1118,#1119,#1120,#1121,#1122,#1123,#1124,#1125,#1126,
    #1127,#1128,#1129,#1130,#1131,#1132,#1133,#1134,#1135,#1136,#1137,
    #1138,#1139,#1140,#1141,#1142,#1143,#1144,#1145,#1146,#1147,#1148,
    #1149,#1150,#1151,#1152,#1153,#1154,#1155,#1156,#1157,#1158,#1159,
    #1160,#1161,#1162,#1163,#1164,#1165,#1166,#1167,#1168,#1169,#1170,
    #1171,#1172,#1173,#1174,#1175,#1176,#1177,#1178,#1179,#1180,#1181,
    #1182,#1183,#1184,#1185,#1186,#1187,#1188,#1189,#1190,#1191,#1192,
    #1193,#1194,#1195,#1196,#1197,#1198,#1199,#1200,#1201,#1202,#1203,
    #1204,#1205,#1206,#1207,#1208,#1209,#1210,#1211,#1212,#1213,#1214,
    #1215,#1216,#1217),.UNSPECIFIED.,.F.,.F.,(6,4,4,4,4,4,4,4,4,4,4,4,4,
    4,4,4,4,4,4,4,4,4,4,4,4,4,4,4,4,4,4,4,4,4,4,4,4,4,4,4,4,4,4,4,4,4,4,
    4,4,4,4,4,4,4,4,4,4,4,4,4,4,4,4,4,4,4,4,4,4,4,6),(0.,
    1.959887011066E-02,3.804185643507E-02,5.57873034857E-02,
    7.310139560762E-02,8.584818975584E-02,9.848934361328E-02,
    0.111056316196,0.123517707788,0.13599927167,0.148405108069,
    0.160853239459,0.173242834829,0.193969670984,0.214719782688,
    0.235506965548,0.256286549551,0.277174446506,0.288849257285,
    0.297674332053,0.306780967793,0.316278977367,0.326110550071,
    0.336288490272,0.346825899054,0.357736150668,0.369032864759,
    0.38072987421,0.392809181679,0.40534781431,0.418329093992,
    0.431767294714,0.445676675929,0.460071424545,0.474965593582,
    0.490373038094,0.506265267264,0.516341067097,0.52658072937,
    0.537073978014,0.547735124672,0.558657322089,0.569751108578,
    0.58106472758,0.592600704219,0.604411784625,0.616400637095,
    0.62861884768,0.641068537501,0.653805958859,0.66672552618,
    0.679882267597,0.693277844207,0.706972089543,0.720850863843,
    0.734972733918,0.749338872195,0.764012764371,0.778871510184,
    0.7939773095,0.809330847598,0.8249993303,0.840850987203,
    0.856951741991,0.873301823284,0.889972221177,0.90682227681,
    0.923921721681,0.941270382373,0.970257930573,1.),.UNSPECIFIED.);
#936 = CARTESIAN_POINT('',(1.375392094392E+03,0.933333333333));
#937 = CARTESIAN_POINT('',(1.379913269761E+03,0.930412718926));
#938 = CARTESIAN_POINT('',(1.384269486801E+03,0.927424670321));
#939 = CARTESIAN_POINT('',(1.38846048785E+03,0.924374580875));
#940 = CARTESIAN_POINT('',(1.392489354418E+03,0.921268188222));
#941 = CARTESIAN_POINT('',(1.40000419998E+03,0.91514002037));
#942 = CARTESIAN_POINT('',(1.403508199112E+03,0.912124045157));
#943 = CARTESIAN_POINT('',(1.406877055778E+03,0.909067633813));
#944 = CARTESIAN_POINT('',(1.410116325264E+03,0.905975081761));
#945 = CARTESIAN_POINT('',(1.41622991054E+03,0.899843390188));
#946 = CARTESIAN_POINT('',(1.419113384422E+03,0.896806666667));
#947 = CARTESIAN_POINT('',(1.421887862647E+03,0.893743308241));
#948 = CARTESIAN_POINT('',(1.424559074637E+03,0.890656275468));
#949 = CARTESIAN_POINT('',(1.429643667955E+03,0.884515378601));
#950 = CARTESIAN_POINT('',(1.432061725665E+03,0.881462548745));
#951 = CARTESIAN_POINT('',(1.434392064422E+03,0.878391869663));
#952 = CARTESIAN_POINT('',(1.436639757029E+03,0.875305327975));
#953 = CARTESIAN_POINT('',(1.440407024643E+03,0.869921749681));
#954 = CARTESIAN_POINT('',(1.441962259786E+03,0.867631233331));
#955 = CARTESIAN_POINT('',(1.443477191167E+03,0.865333672041));
#956 = CARTESIAN_POINT('',(1.444953622899E+03,0.86302964747));
#957 = CARTESIAN_POINT('',(1.447820961714E+03,0.858428824621));
#958 = CARTESIAN_POINT('',(1.4492124753E+03,0.856132127186));
#959 = CARTESIAN_POINT('',(1.450569457466E+03,0.853830063935));
#960 = CARTESIAN_POINT('',(1.451893463723E+03,0.851523068818));
#961 = CARTESIAN_POINT('',(1.454470844296E+03,0.846913530778));
#962 = CARTESIAN_POINT('',(1.455724588173E+03,0.844611043192));
#963 = CARTESIAN_POINT('',(1.456948603767E+03,0.842304424189));
#964 = CARTESIAN_POINT('',(1.458144220724E+03,0.839993999672));
#965 = CARTESIAN_POINT('',(1.460471307646E+03,0.835385544753));
#966 = CARTESIAN_POINT('',(1.461603233476E+03,0.833087574846));
#967 = CARTESIAN_POINT('',(1.462709652324E+03,0.830786417904));
#968 = CARTESIAN_POINT('',(1.463791682439E+03,0.828482317631));
#969 = CARTESIAN_POINT('',(1.465910747385E+03,0.823864919607));
#970 = CARTESIAN_POINT('',(1.46694770809E+03,0.821551614181));
#971 = CARTESIAN_POINT('',(1.467962279294E+03,0.819235782562));
#972 = CARTESIAN_POINT('',(1.46895542596E+03,0.816917613489));
#973 = CARTESIAN_POINT('',(1.470894750792E+03,0.81229100708));
#974 = CARTESIAN_POINT('',(1.471841178872E+03,0.809982596907));
#975 = CARTESIAN_POINT('',(1.472768197871E+03,0.807672202536));
#976 = CARTESIAN_POINT('',(1.473676620172E+03,0.805359967676));
#977 = CARTESIAN_POINT('',(1.475460807608E+03,0.800724179518));
#978 = CARTESIAN_POINT('',(1.476336452236E+03,0.798400615163));
#979 = CARTESIAN_POINT('',(1.477194887496E+03,0.796075452195));
#980 = CARTESIAN_POINT('',(1.478036817292E+03,0.793748803969));
#981 = CARTESIAN_POINT('',(1.479685081389E+03,0.789103683343));
#982 = CARTESIAN_POINT('',(1.480491565669E+03,0.786785224433));
#983 = CARTESIAN_POINT('',(1.481282985473E+03,0.784465491523));
#984 = CARTESIAN_POINT('',(1.48205993695E+03,0.782144572501));
#985 = CARTESIAN_POINT('',(1.484099469203E+03,0.77593797201));
#986 = CARTESIAN_POINT('',(1.485337019045E+03,0.772050298513));
#987 = CARTESIAN_POINT('',(1.486538209835E+03,0.768159885802));
#988 = CARTESIAN_POINT('',(1.487705306919E+03,0.764267034491));
#989 = CARTESIAN_POINT('',(1.489976640372E+03,0.75647257422));
#990 = CARTESIAN_POINT('',(1.491080804008E+03,0.752570962473));
#991 = CARTESIAN_POINT('',(1.492154858506E+03,0.748667404684));
#992 = CARTESIAN_POINT('',(1.493200590069E+03,0.744762109417));
#993 = CARTESIAN_POINT('',(1.495240434832E+03,0.736941410404));
#994 = CARTESIAN_POINT('',(1.49623445209E+03,0.733026002401));
#995 = CARTESIAN_POINT('',(1.497203264932E+03,0.729109200444));
#996 = CARTESIAN_POINT('',(1.498148297549E+03,0.725191152306));
#997 = CARTESIAN_POINT('',(1.499993032116E+03,0.717354244239));
#998 = CARTESIAN_POINT('',(1.500892750285E+03,0.713435385976));
#999 = CARTESIAN_POINT('',(1.501771269272E+03,0.709515531306));
#1000 = CARTESIAN_POINT('',(1.502629728259E+03,0.705594786167));
#1001 = CARTESIAN_POINT('',(1.504312963531E+03,0.697731253488));
#1002 = CARTESIAN_POINT('',(1.505137540784E+03,0.693788458134));
#1003 = CARTESIAN_POINT('',(1.505943936442E+03,0.689844945594));
#1004 = CARTESIAN_POINT('',(1.506733085453E+03,0.685900794363));
#1005 = CARTESIAN_POINT('',(1.507937748558E+03,0.679751259127));
#1006 = CARTESIAN_POINT('',(1.508364537692E+03,0.677546268271));
#1007 = CARTESIAN_POINT('',(1.508786352239E+03,0.67534111068));
#1008 = CARTESIAN_POINT('',(1.509203332235E+03,0.673135797227));
#1009 = CARTESIAN_POINT('',(1.509927253442E+03,0.66926321505));
#1010 = CARTESIAN_POINT('',(1.510236210193E+03,0.667596008866));
#1011 = CARTESIAN_POINT('',(1.510542537169E+03,0.665928723645));
#1012 = CARTESIAN_POINT('',(1.51084628919E+03,0.664261363453));
#1013 = CARTESIAN_POINT('',(1.511458358995E+03,0.660873301941));
#1014 = CARTESIAN_POINT('',(1.511766513294E+03,0.659152596014));
#1015 = CARTESIAN_POINT('',(1.512072039394E+03,0.657431818523));
#1016 = CARTESIAN_POINT('',(1.512374992663E+03,0.65571097342));
#1017 = CARTESIAN_POINT('',(1.51298877125E+03,0.652195196288));
#1018 = CARTESIAN_POINT('',(1.513299375367E+03,0.650400258653));
#1019 = CARTESIAN_POINT('',(1.513607298637E+03,0.648605255718));
#1020 = CARTESIAN_POINT('',(1.51391259872E+03,0.646810191439));
#1021 = CARTESIAN_POINT('',(1.514528694559E+03,0.643156904248));
#1022 = CARTESIAN_POINT('',(1.514839306817E+03,0.641298677223));
#1023 = CARTESIAN_POINT('',(1.515147228729E+03,0.639440392564));
#1024 = CARTESIAN_POINT('',(1.5154525189E+03,0.637582054139));
#1025 = CARTESIAN_POINT('',(1.516068612478E+03,0.633799805744));
#1026 = CARTESIAN_POINT('',(1.516379231247E+03,0.631875892184));
#1027 = CARTESIAN_POINT('',(1.516687151823E+03,0.629951928906));
#1028 = CARTESIAN_POINT('',(1.516992433713E+03,0.628027919685));
#1029 = CARTESIAN_POINT('',(1.517608524704E+03,0.624111861986));
#1030 = CARTESIAN_POINT('',(1.517919148258E+03,0.622119810466));
#1031 = CARTESIAN_POINT('',(1.518227067523E+03,0.620127717407));
#1032 = CARTESIAN_POINT('',(1.518532342861E+03,0.618135586487));
#1033 = CARTESIAN_POINT('',(1.519148430927E+03,0.614080767448));
#1034 = CARTESIAN_POINT('',(1.519459057445E+03,0.612018076856));
#1035 = CARTESIAN_POINT('',(1.519766975429E+03,0.609955353182));
#1036 = CARTESIAN_POINT('',(1.520072246044E+03,0.607892600005));
#1037 = CARTESIAN_POINT('',(1.520688330839E+03,0.603693973645));
#1038 = CARTESIAN_POINT('',(1.520998958405E+03,0.601558098582));
#1039 = CARTESIAN_POINT('',(1.52130687514E+03,0.599422199188));
#1040 = CARTESIAN_POINT('',(1.521612142958E+03,0.597286278941));
#1041 = CARTESIAN_POINT('',(1.522228224126E+03,0.59293871697));
#1042 = CARTESIAN_POINT('',(1.522538850734E+03,0.590727073982));
#1043 = CARTESIAN_POINT('',(1.522846766259E+03,0.588515415724));
#1044 = CARTESIAN_POINT('',(1.523152033298E+03,0.586303745568));
#1045 = CARTESIAN_POINT('',(1.523767282255E+03,0.581808102571));
#1046 = CARTESIAN_POINT('',(1.524077092238E+03,0.579524129153));
#1047 = CARTESIAN_POINT('',(1.524384207146E+03,0.577240149872));
#1048 = CARTESIAN_POINT('',(1.524688689696E+03,0.574956167969));
#1049 = CARTESIAN_POINT('',(1.525303989919E+03,0.570301354773));
#1050 = CARTESIAN_POINT('',(1.525614608275E+03,0.567930523516));
#1051 = CARTESIAN_POINT('',(1.525922521513E+03,0.565559696074));
#1052 = CARTESIAN_POINT('',(1.526227793379E+03,0.563188875609));
#1053 = CARTESIAN_POINT('',(1.526843861516E+03,0.558363558599));
#1054 = CARTESIAN_POINT('',(1.527154472417E+03,0.555909062773));
#1055 = CARTESIAN_POINT('',(1.527462384584E+03,0.553454580846));
#1056 = CARTESIAN_POINT('',(1.527767662217E+03,0.551000115868));
#1057 = CARTESIAN_POINT('',(1.528383725287E+03,0.546004832795));
#1058 = CARTESIAN_POINT('',(1.52869432643E+03,0.543464016122));
#1059 = CARTESIAN_POINT('',(1.529002237578E+03,0.540923223804));
#1060 = CARTESIAN_POINT('',(1.529307523304E+03,0.538382458779));
#1061 = CARTESIAN_POINT('',(1.529923580956E+03,0.533211903576));
#1062 = CARTESIAN_POINT('',(1.530234169986E+03,0.530582115546));
#1063 = CARTESIAN_POINT('',(1.530542080173E+03,0.527952362713));
#1064 = CARTESIAN_POINT('',(1.530847376369E+03,0.525322647902));
#1065 = CARTESIAN_POINT('',(1.531463428261E+03,0.519971537176));
#1066 = CARTESIAN_POINT('',(1.531774002783E+03,0.517250144152));
#1067 = CARTESIAN_POINT('',(1.532081912069E+03,0.514528797569));
#1068 = CARTESIAN_POINT('',(1.532387221153E+03,0.511807500138));
#1069 = CARTESIAN_POINT('',(1.533003266961E+03,0.506270596));
#1070 = CARTESIAN_POINT('',(1.533313824553E+03,0.503454992945));
#1071 = CARTESIAN_POINT('',(1.533621733E+03,0.500639447991));
#1072 = CARTESIAN_POINT('',(1.533927057417E+03,0.49782396373));
#1073 = CARTESIAN_POINT('',(1.534543096833E+03,0.49209609775));
#1074 = CARTESIAN_POINT('',(1.534853635063E+03,0.48918372046));
#1075 = CARTESIAN_POINT('',(1.535161542734E+03,0.486271413355));
#1076 = CARTESIAN_POINT('',(1.535466884941E+03,0.483359178909));
#1077 = CARTESIAN_POINT('',(1.536082090547E+03,0.477443230823));
#1078 = CARTESIAN_POINT('',(1.53639179398E+03,0.474439521977));
#1079 = CARTESIAN_POINT('',(1.53669890152E+03,0.471435895394));
#1080 = CARTESIAN_POINT('',(1.537003477625E+03,0.468432353411));
#1081 = CARTESIAN_POINT('',(1.537497120928E+03,0.463524683667));
#1082 = CARTESIAN_POINT('',(1.537687665462E+03,0.46162050402));
#1083 = CARTESIAN_POINT('',(1.537877232631E+03,0.459716359802));
#1084 = CARTESIAN_POINT('',(1.538065837549E+03,0.457812251541));
#1085 = CARTESIAN_POINT('',(1.538444204005E+03,0.453973142073));
#1086 = CARTESIAN_POINT('',(1.538633934475E+03,0.452038142062));
#1087 = CARTESIAN_POINT('',(1.53882270161E+03,0.450103180234));
#1088 = CARTESIAN_POINT('',(1.539010520287E+03,0.448168257093));
#1089 = CARTESIAN_POINT('',(1.53938891775E+03,0.444250571527));
#1090 = CARTESIAN_POINT('',(1.539579449704E+03,0.442267811067));
#1091 = CARTESIAN_POINT('',(1.53976901627E+03,0.440285092255));
#1092 = CARTESIAN_POINT('',(1.539957632464E+03,0.438302415584));
#1093 = CARTESIAN_POINT('',(1.540335996157E+03,0.434305424176));
#1094 = CARTESIAN_POINT('',(1.540525713475E+03,0.432291110814));
#1095 = CARTESIAN_POINT('',(1.540714480006E+03,0.430276841929));
#1096 = CARTESIAN_POINT('',(1.540902310512E+03,0.428262617992));
#1097 = CARTESIAN_POINT('',(1.541280704727E+03,0.424184941367));
#1098 = CARTESIAN_POINT('',(1.54147122275E+03,0.42212149093));
#1099 = CARTESIAN_POINT('',(1.541660788709E+03,0.42005808862));
#1100 = CARTESIAN_POINT('',(1.54184941748E+03,0.417994734893));
#1101 = CARTESIAN_POINT('',(1.542227778316E+03,0.413835710709));
#1102 = CARTESIAN_POINT('',(1.542417481165E+03,0.411740041804));
#1103 = CARTESIAN_POINT('',(1.542606247086E+03,0.409644423929));
#1104 = CARTESIAN_POINT('',(1.542794090685E+03,0.40754885752));
#1105 = CARTESIAN_POINT('',(1.543171665785E+03,0.403316304116));
#1106 = CARTESIAN_POINT('',(1.543361360941E+03,0.401179319198));
#1107 = CARTESIAN_POINT('',(1.543550126554E+03,0.399042388676));
#1108 = CARTESIAN_POINT('',(1.54373797714E+03,0.396905512969));
#1109 = CARTESIAN_POINT('',(1.544115550643E+03,0.392589874952));
#1110 = CARTESIAN_POINT('',(1.544305237803E+03,0.390411114835));
#1111 = CARTESIAN_POINT('',(1.544494003106E+03,0.388232412544));
#1112 = CARTESIAN_POINT('',(1.544681860967E+03,0.38605376848));
#1113 = CARTESIAN_POINT('',(1.545060248316E+03,0.381644643835));
#1114 = CARTESIAN_POINT('',(1.545250734687E+03,0.379414166083));
#1115 = CARTESIAN_POINT('',(1.545440299406E+03,0.377183750178));
#1116 = CARTESIAN_POINT('',(1.54562895696E+03,0.374953396509));
#1117 = CARTESIAN_POINT('',(1.546007311856E+03,0.370459245612));
#1118 = CARTESIAN_POINT('',(1.546196982114E+03,0.368195450283));
#1119 = CARTESIAN_POINT('',(1.546385746787E+03,0.365931719845));
#1120 = CARTESIAN_POINT('',(1.546573620059E+03,0.363668054665));
#1121 = CARTESIAN_POINT('',(1.546951188639E+03,0.359097550711));
#1122 = CARTESIAN_POINT('',(1.547140850051E+03,0.356790714471));
#1123 = CARTESIAN_POINT('',(1.547329614404E+03,0.354483946741));
#1124 = CARTESIAN_POINT('',(1.547517495756E+03,0.352177247871));
#1125 = CARTESIAN_POINT('',(1.547895062662E+03,0.347520288425));
#1126 = CARTESIAN_POINT('',(1.548084714968E+03,0.345170030497));
#1127 = CARTESIAN_POINT('',(1.548273478998E+03,0.342819844758));
#1128 = CARTESIAN_POINT('',(1.548461368671E+03,0.340469731542));
#1129 = CARTESIAN_POINT('',(1.548839748749E+03,0.335715337726));
#1130 = CARTESIAN_POINT('',(1.549030198907E+03,0.333311060533));
#1131 = CARTESIAN_POINT('',(1.549219762336E+03,0.330906859922));
#1132 = CARTESIAN_POINT('',(1.54940845299E+03,0.328502736213));
#1133 = CARTESIAN_POINT('',(1.549786801717E+03,0.32366026518));
#1134 = CARTESIAN_POINT('',(1.549976435046E+03,0.321221920082));
#1135 = CARTESIAN_POINT('',(1.550165198414E+03,0.318783654727));
#1136 = CARTESIAN_POINT('',(1.550353105443E+03,0.316345469417));
#1137 = CARTESIAN_POINT('',(1.550730667234E+03,0.311424501345));
#1138 = CARTESIAN_POINT('',(1.55092029076E+03,0.30894172156));
#1139 = CARTESIAN_POINT('',(1.551109053791E+03,0.306459025376));
#1140 = CARTESIAN_POINT('',(1.551296969787E+03,0.303976413076));
#1141 = CARTESIAN_POINT('',(1.551674529853E+03,0.29896629128));
#1142 = CARTESIAN_POINT('',(1.551864143373E+03,0.296438784866));
#1143 = CARTESIAN_POINT('',(1.55205290606E+03,0.293911365967));
#1144 = CARTESIAN_POINT('',(1.552240831209E+03,0.291384034848));
#1145 = CARTESIAN_POINT('',(1.552619203739E+03,0.286273201078));
#1146 = CARTESIAN_POINT('',(1.55280961394E+03,0.283689702397));
#1147 = CARTESIAN_POINT('',(1.552999176006E+03,0.281106295982));
#1148 = CARTESIAN_POINT('',(1.553187903224E+03,0.278522982086));
#1149 = CARTESIAN_POINT('',(1.553566245655E+03,0.273321731086));
#1150 = CARTESIAN_POINT('',(1.553755838572E+03,0.270703796499));
#1151 = CARTESIAN_POINT('',(1.553944600554E+03,0.268085957431));
#1152 = CARTESIAN_POINT('',(1.554132544539E+03,0.265468214113));
#1153 = CARTESIAN_POINT('',(1.554510099377E+03,0.260187069614));
#1154 = CARTESIAN_POINT('',(1.554699681773E+03,0.257523671824));
#1155 = CARTESIAN_POINT('',(1.554888443393E+03,0.254860373624));
#1156 = CARTESIAN_POINT('',(1.555076396988E+03,0.252197175227));
#1157 = CARTESIAN_POINT('',(1.555453950077E+03,0.246824914416));
#1158 = CARTESIAN_POINT('',(1.555643521812E+03,0.24411585549));
#1159 = CARTESIAN_POINT('',(1.555832283063E+03,0.241406900272));
#1160 = CARTESIAN_POINT('',(1.556020246388E+03,0.238698048961));
#1161 = CARTESIAN_POINT('',(1.556398611211E+03,0.233222527271));
#1162 = CARTESIAN_POINT('',(1.556588978688E+03,0.2304558614));
#1163 = CARTESIAN_POINT('',(1.556778539291E+03,0.227689304327));
#1164 = CARTESIAN_POINT('',(1.556967305536E+03,0.224922856236));
#1165 = CARTESIAN_POINT('',(1.557345641625E+03,0.219355329543));
#1166 = CARTESIAN_POINT('',(1.557535191642E+03,0.216554253709));
#1167 = CARTESIAN_POINT('',(1.55772395213E+03,0.213753289974));
#1168 = CARTESIAN_POINT('',(1.557911935248E+03,0.210952438506));
#1169 = CARTESIAN_POINT('',(1.558289483068E+03,0.205304393059));
#1170 = CARTESIAN_POINT('',(1.558479022106E+03,0.20245720285));
#1171 = CARTESIAN_POINT('',(1.558667782202E+03,0.199610128992));
#1172 = CARTESIAN_POINT('',(1.558855775306E+03,0.196763171635));
#1173 = CARTESIAN_POINT('',(1.559233321372E+03,0.191022801316));
#1174 = CARTESIAN_POINT('',(1.559422849358E+03,0.188129392212));
#1175 = CARTESIAN_POINT('',(1.559611609053E+03,0.185236103749));
#1176 = CARTESIAN_POINT('',(1.559799612196E+03,0.182342936059));
#1177 = CARTESIAN_POINT('',(1.560177969259E+03,0.176497497878));
#1178 = CARTESIAN_POINT('',(1.5603682923E+03,0.173545232397));
#1179 = CARTESIAN_POINT('',(1.560557851313E+03,0.170593092953));
#1180 = CARTESIAN_POINT('',(1.56074665797E+03,0.167641079665));
#1181 = CARTESIAN_POINT('',(1.561124987733E+03,0.161702796241));
#1182 = CARTESIAN_POINT('',(1.561314493416E+03,0.158716529074));
#1183 = CARTESIAN_POINT('',(1.56150325228E+03,0.155730391253));
#1184 = CARTESIAN_POINT('',(1.561691275631E+03,0.152744382877));
#1185 = CARTESIAN_POINT('',(1.562068816439E+03,0.146725704168));
#1186 = CARTESIAN_POINT('',(1.562258310949E+03,0.143693037938));
#1187 = CARTESIAN_POINT('',(1.562447069384E+03,0.140660505443));
#1188 = CARTESIAN_POINT('',(1.562635102831E+03,0.13762810677));
#1189 = CARTESIAN_POINT('',(1.563012641894E+03,0.131516621407));
#1190 = CARTESIAN_POINT('',(1.563202125224E+03,0.128437538897));
#1191 = CARTESIAN_POINT('',(1.56339088322E+03,0.125358594542));
#1192 = CARTESIAN_POINT('',(1.563578926749E+03,0.122279788411));
#1193 = CARTESIAN_POINT('',(1.563957276076E+03,0.116062138132));
#1194 = CARTESIAN_POINT('',(1.564147554027E+03,0.112923299454));
#1195 = CARTESIAN_POINT('',(1.564337111302E+03,0.109784604597));
#1196 = CARTESIAN_POINT('',(1.564525958682E+03,0.106646053615));
#1197 = CARTESIAN_POINT('',(1.564904282168E+03,0.100335416717));
#1198 = CARTESIAN_POINT('',(1.565093743122E+03,9.71633339189E-02));
#1199 = CARTESIAN_POINT('',(1.565282500208E+03,9.39913982074E-02));
#1200 = CARTESIAN_POINT('',(1.565470563845E+03,9.081960962039E-02));
#1201 = CARTESIAN_POINT('',(1.565848097692E+03,8.442938487766E-02));
#1202 = CARTESIAN_POINT('',(1.566037547527E+03,8.121095311023E-02));
#1203 = CARTESIAN_POINT('',(1.566226304144E+03,7.799267291633E-02));
#1204 = CARTESIAN_POINT('',(1.566414377735E+03,7.477454431881E-02));
#1205 = CARTESIAN_POINT('',(1.566791909853E+03,6.82916899473E-02));
#1206 = CARTESIAN_POINT('',(1.566981348619E+03,6.502696862496E-02));
#1207 = CARTESIAN_POINT('',(1.567170104755E+03,6.176240338057E-02));
#1208 = CARTESIAN_POINT('',(1.567358188231E+03,5.849799422163E-02));
#1209 = CARTESIAN_POINT('',(1.567858765976E+03,4.977956258069E-02));
#1210 = CARTESIAN_POINT('',(1.568170072252E+03,4.432581977964E-02));
#1211 = CARTESIAN_POINT('',(1.568479572459E+03,3.887251274184E-02));
#1212 = CARTESIAN_POINT('',(1.568787309257E+03,3.341964141155E-02));
#1213 = CARTESIAN_POINT('',(1.569407302059E+03,2.237284768377E-02));
#1214 = CARTESIAN_POINT('',(1.569719467244E+03,1.677894825931E-02));
#1215 = CARTESIAN_POINT('',(1.57002986219E+03,1.118550728964E-02));
#1216 = CARTESIAN_POINT('',(1.570338528299E+03,5.592524608386E-03));
#1217 = CARTESIAN_POINT('',(1.570645504764E+03,0.));
#1218 = ( GEOMETRIC_REPRESENTATION_CONTEXT(2) 
PARAMETRIC_REPRESENTATION_CONTEXT() REPRESENTATION_CONTEXT('2D SPACE',''
  ) );
#1219 = PCURVE('',#1220,#1225);
#1220 = B_SPLINE_SURFACE_WITH_KNOTS('',1,1,(
    (#1221,#1222)
    ,(#1223,#1224
    )),.UNSPECIFIED.,.F.,.F.,.F.,(2,2),(2,2),(0.,851.28036183026),(0.,1.
    ),.PIECEWISE_BEZIER_KNOTS.);
#1221 = CARTESIAN_POINT('',(6.2E+03,-832.1839663029,750.));
#1222 = CARTESIAN_POINT('',(7.88E+03,-77.86967113276,900.));
#1223 = CARTESIAN_POINT('',(6.2E+03,-386.030120149,25.));
#1224 = CARTESIAN_POINT('',(7.88E+03,-20.33333333333,230.33333333333));
#1225 = DEFINITIONAL_REPRESENTATION('',(#1226),#1509);
#1226 = B_SPLINE_CURVE_WITH_KNOTS('',5,(#1227,#1228,#1229,#1230,#1231,
    #1232,#1233,#1234,#1235,#1236,#1237,#1238,#1239,#1240,#1241,#1242,
    #1243,#1244,#1245,#1246,#1247,#1248,#1249,#1250,#1251,#1252,#1253,
    #1254,#1255,#1256,#1257,#1258,#1259,#1260,#1261,#1262,#1263,#1264,
    #1265,#1266,#1267,#1268,#1269,#1270,#1271,#1272,#1273,#1274,#1275,
    #1276,#1277,#1278,#1279,#1280,#1281,#1282,#1283,#1284,#1285,#1286,
    #1287,#1288,#1289,#1290,#1291,#1292,#1293,#1294,#1295,#1296,#1297,
    #1298,#1299,#1300,#1301,#1302,#1303,#1304,#1305,#1306,#1307,#1308,
    #1309,#1310,#1311,#1312,#1313,#1314,#1315,#1316,#1317,#1318,#1319,
    #1320,#1321,#1322,#1323,#1324,#1325,#1326,#1327,#1328,#1329,#1330,
    #1331,#1332,#1333,#1334,#1335,#1336,#1337,#1338,#1339,#1340,#1341,
    #1342,#1343,#1344,#1345,#1346,#1347,#1348,#1349,#1350,#1351,#1352,
    #1353,#1354,#1355,#1356,#1357,#1358,#1359,#1360,#1361,#1362,#1363,
    #1364,#1365,#1366,#1367,#1368,#1369,#1370,#1371,#1372,#1373,#1374,
    #1375,#1376,#1377,#1378,#1379,#1380,#1381,#1382,#1383,#1384,#1385,
    #1386,#1387,#1388,#1389,#1390,#1391,#1392,#1393,#1394,#1395,#1396,
    #1397,#1398,#1399,#1400,#1401,#1402,#1403,#1404,#1405,#1406,#1407,
    #1408,#1409,#1410,#1411,#1412,#1413,#1414,#1415,#1416,#1417,#1418,
    #1419,#1420,#1421,#1422,#1423,#1424,#1425,#1426,#1427,#1428,#1429,
    #1430,#1431,#1432,#1433,#1434,#1435,#1436,#1437,#1438,#1439,#1440,
    #1441,#1442,#1443,#1444,#1445,#1446,#1447,#1448,#1449,#1450,#1451,
    #1452,#1453,#1454,#1455,#1456,#1457,#1458,#1459,#1460,#1461,#1462,
    #1463,#1464,#1465,#1466,#1467,#1468,#1469,#1470,#1471,#1472,#1473,
    #1474,#1475,#1476,#1477,#1478,#1479,#1480,#1481,#1482,#1483,#1484,
    #1485,#1486,#1487,#1488,#1489,#1490,#1491,#1492,#1493,#1494,#1495,
    #1496,#1497,#1498,#1499,#1500,#1501,#1502,#1503,#1504,#1505,#1506,
    #1507,#1508),.UNSPECIFIED.,.F.,.F.,(6,4,4,4,4,4,4,4,4,4,4,4,4,4,4,4,
    4,4,4,4,4,4,4,4,4,4,4,4,4,4,4,4,4,4,4,4,4,4,4,4,4,4,4,4,4,4,4,4,4,4,
    4,4,4,4,4,4,4,4,4,4,4,4,4,4,4,4,4,4,4,4,6),(0.,1.959887011066E-02,
    3.804185643507E-02,5.57873034857E-02,7.310139560762E-02,
    8.584818975584E-02,9.848934361328E-02,0.111056316196,0.123517707788,
    0.13599927167,0.148405108069,0.160853239459,0.173242834829,
    0.193969670984,0.214719782688,0.235506965548,0.256286549551,
    0.277174446506,0.288849257285,0.297674332053,0.306780967793,
    0.316278977367,0.326110550071,0.336288490272,0.346825899054,
    0.357736150668,0.369032864759,0.38072987421,0.392809181679,
    0.40534781431,0.418329093992,0.431767294714,0.445676675929,
    0.460071424545,0.474965593582,0.490373038094,0.506265267264,
    0.516341067097,0.52658072937,0.537073978014,0.547735124672,
    0.558657322089,0.569751108578,0.58106472758,0.592600704219,
    0.604411784625,0.616400637095,0.62861884768,0.641068537501,
    0.653805958859,0.66672552618,0.679882267597,0.693277844207,
    0.706972089543,0.720850863843,0.734972733918,0.749338872195,
    0.764012764371,0.778871510184,0.7939773095,0.809330847598,
    0.8249993303,0.840850987203,0.856951741991,0.873301823284,
    0.889972221177,0.90682227681,0.923921721681,0.941270382373,
    0.970257930573,1.),.UNSPECIFIED.);
#1227 = CARTESIAN_POINT('',(187.29015427027,1.));
#1228 = CARTESIAN_POINT('',(187.05344186329,0.996870770277));
#1229 = CARTESIAN_POINT('',(186.81141699961,0.993669289629));
#1230 = CARTESIAN_POINT('',(186.56453076311,0.990401336652));
#1231 = CARTESIAN_POINT('',(186.31326038341,0.987073058809));
#1232 = CARTESIAN_POINT('',(185.81791548003,0.980507164682));
#1233 = CARTESIAN_POINT('',(185.57428939013,0.977275762668));
#1234 = CARTESIAN_POINT('',(185.32756186811,0.974001036228));
#1235 = CARTESIAN_POINT('',(185.07808773717,0.970687587601));
#1236 = CARTESIAN_POINT('',(184.58379274231,0.964117918058));
#1237 = CARTESIAN_POINT('',(184.33915374665,0.960864285715));
#1238 = CARTESIAN_POINT('',(184.09253469779,0.957582115972));
#1239 = CARTESIAN_POINT('',(183.84417911292,0.954274580858));
#1240 = CARTESIAN_POINT('',(183.35047698512,0.947695048501));
#1241 = CARTESIAN_POINT('',(183.10520536899,0.944424159369));
#1242 = CARTESIAN_POINT('',(182.85866585709,0.941134146068));
#1243 = CARTESIAN_POINT('',(182.61102132257,0.937827137116));
#1244 = CARTESIAN_POINT('',(182.17937312786,0.932059017515));
#1245 = CARTESIAN_POINT('',(181.99581453567,0.929604892855));
#1246 = CARTESIAN_POINT('',(181.81178420904,0.927143220044));
#1247 = CARTESIAN_POINT('',(181.62732974249,0.924674622289));
#1248 = CARTESIAN_POINT('',(181.25918681749,0.919745169237));
#1249 = CARTESIAN_POINT('',(181.07550488592,0.917284421985));
#1250 = CARTESIAN_POINT('',(180.89148679051,0.914817925645));
#1251 = CARTESIAN_POINT('',(180.70716796209,0.912346145163));
#1252 = CARTESIAN_POINT('',(180.33907330563,0.907407354405));
#1253 = CARTESIAN_POINT('',(180.15530080558,0.90494040342));
#1254 = CARTESIAN_POINT('',(179.97129166027,0.902469025917));
#1255 = CARTESIAN_POINT('',(179.7870724183,0.899993571077));
#1256 = CARTESIAN_POINT('',(179.41980895458,0.895055940807));
#1257 = CARTESIAN_POINT('',(179.23676799143,0.892593830192));
#1258 = CARTESIAN_POINT('',(179.05356558324,0.890128304897));
#1259 = CARTESIAN_POINT('',(178.87022153357,0.887659626033));
#1260 = CARTESIAN_POINT('',(178.5029875134,0.882712413864));
#1261 = CARTESIAN_POINT('',(178.31909723662,0.880233872337));
#1262 = CARTESIAN_POINT('',(178.13509948143,0.877752624173));
#1263 = CARTESIAN_POINT('',(177.95100954276,0.875268871595));
#1264 = CARTESIAN_POINT('',(177.58378927655,0.8703117933));
#1265 = CARTESIAN_POINT('',(177.40065997528,0.867838496686));
#1266 = CARTESIAN_POINT('',(177.21746589804,0.865363074145));
#1267 = CARTESIAN_POINT('',(177.03421865397,0.862885679653));
#1268 = CARTESIAN_POINT('',(176.66701321703,0.857918763769));
#1269 = CARTESIAN_POINT('',(176.48305478425,0.855429230532));
#1270 = CARTESIAN_POINT('',(176.29906333792,0.852937984495));
#1271 = CARTESIAN_POINT('',(176.11504800194,0.850445147109));
#1272 = CARTESIAN_POINT('',(175.74785092028,0.845468232153));
#1273 = CARTESIAN_POINT('',(175.56466936375,0.842984169035));
#1274 = CARTESIAN_POINT('',(175.38147998954,0.840498740917));
#1275 = CARTESIAN_POINT('',(175.19828984172,0.838012041965));
#1276 = CARTESIAN_POINT('',(174.70865121986,0.831362112868));
#1277 = CARTESIAN_POINT('',(174.40221265732,0.827196748407));
#1278 = CARTESIAN_POINT('',(174.09581832942,0.823028449073));
#1279 = CARTESIAN_POINT('',(173.78949214671,0.818857536955));
#1280 = CARTESIAN_POINT('',(173.17667126842,0.810506329521));
#1281 = CARTESIAN_POINT('',(172.87017693815,0.806326031221));
#1282 = CARTESIAN_POINT('',(172.56379035092,0.802143647876));
#1283 = CARTESIAN_POINT('',(172.25752791516,0.797959402947));
#1284 = CARTESIAN_POINT('',(171.64473152123,0.789580082576));
#1285 = CARTESIAN_POINT('',(171.33819816028,0.785385002572));
#1286 = CARTESIAN_POINT('',(171.03181674683,0.781188429047));
#1287 = CARTESIAN_POINT('',(170.72559874045,0.776990520328));
#1288 = CARTESIAN_POINT('',(170.11362048593,0.768593833113));
#1289 = CARTESIAN_POINT('',(169.80786017752,0.764395056403));
#1290 = CARTESIAN_POINT('',(169.50228229976,0.760195212114));
#1291 = CARTESIAN_POINT('',(169.19689491435,0.75599441375));
#1292 = CARTESIAN_POINT('',(168.58492384274,0.747569200166));
#1293 = CARTESIAN_POINT('',(168.2783422614,0.743344776573));
#1294 = CARTESIAN_POINT('',(167.97196690813,0.739119584565));
#1295 = CARTESIAN_POINT('',(167.66580361072,0.734893708246));
#1296 = CARTESIAN_POINT('',(167.18885558782,0.728304920493));
#1297 = CARTESIAN_POINT('',(167.01792168659,0.72594243029));
#1298 = CARTESIAN_POINT('',(166.8470564311,0.723579761443));
#1299 = CARTESIAN_POINT('',(166.67626060977,0.7212169256));
#1300 = CARTESIAN_POINT('',(166.37648215588,0.717067730411));
#1301 = CARTESIAN_POINT('',(166.24746945755,0.715281438071));
#1302 = CARTESIAN_POINT('',(166.11849715305,0.713495061048));
#1303 = CARTESIAN_POINT('',(165.98956553201,0.711708603699));
#1304 = CARTESIAN_POINT('',(165.72767198359,0.708078537794));
#1305 = CARTESIAN_POINT('',(165.59471271153,0.7062349243));
#1306 = CARTESIAN_POINT('',(165.46179734401,0.704391234131));
#1307 = CARTESIAN_POINT('',(165.32892615757,0.702547471521));
#1308 = CARTESIAN_POINT('',(165.05756419517,0.698780567451));
#1309 = CARTESIAN_POINT('',(164.91907732135,0.696857419986));
#1310 = CARTESIAN_POINT('',(164.78063907894,0.694934202554));
#1311 = CARTESIAN_POINT('',(164.64224973922,0.693010919399));
#1312 = CARTESIAN_POINT('',(164.36071096161,0.689096683123));
#1313 = CARTESIAN_POINT('',(164.2175650373,0.687105725596));
#1314 = CARTESIAN_POINT('',(164.074472059,0.685114706318));
#1315 = CARTESIAN_POINT('',(163.93143228542,0.683123629434));
#1316 = CARTESIAN_POINT('',(163.64042219956,0.67907122044));
#1317 = CARTESIAN_POINT('',(163.49245571973,0.677009884482));
#1318 = CARTESIAN_POINT('',(163.34454678085,0.674948495256));
#1319 = CARTESIAN_POINT('',(163.19669562827,0.672887056805));
#1320 = CARTESIAN_POINT('',(162.89588952967,0.6686912807));
#1321 = CARTESIAN_POINT('',(162.74293875425,0.666556939785));
#1322 = CARTESIAN_POINT('',(162.59005041203,0.664422554365));
#1323 = CARTESIAN_POINT('',(162.4372247342,0.662288128379));
#1324 = CARTESIAN_POINT('',(162.12629395823,0.657943679409));
#1325 = CARTESIAN_POINT('',(161.96819338875,0.655733653774));
#1326 = CARTESIAN_POINT('',(161.81016045939,0.653523592695));
#1327 = CARTESIAN_POINT('',(161.65219538633,0.651313500005));
#1328 = CARTESIAN_POINT('',(161.33080832549,0.646814971763));
#1329 = CARTESIAN_POINT('',(161.16739124474,0.644526534195));
#1330 = CARTESIAN_POINT('',(161.00404734339,0.642238070559));
#1331 = CARTESIAN_POINT('',(160.84077682169,0.639949584579));
#1332 = CARTESIAN_POINT('',(160.50860006994,0.635291482468));
#1333 = CARTESIAN_POINT('',(160.33969914596,0.632921864981));
#1334 = CARTESIAN_POINT('',(160.17087729088,0.630552231133));
#1335 = CARTESIAN_POINT('',(160.002134688,0.628182584537));
#1336 = CARTESIAN_POINT('',(159.65929583068,0.623365824183));
#1337 = CARTESIAN_POINT('',(159.48520485277,0.620918709807));
#1338 = CARTESIAN_POINT('',(159.31119875044,0.618471589148));
#1339 = CARTESIAN_POINT('',(159.13727768778,0.616024465681));
#1340 = CARTESIAN_POINT('',(158.78299568876,0.611037165829));
#1341 = CARTESIAN_POINT('',(158.60264135456,0.608496989481));
#1342 = CARTESIAN_POINT('',(158.42237897236,0.605956817223));
#1343 = CARTESIAN_POINT('',(158.24220868852,0.603416652438));
#1344 = CARTESIAN_POINT('',(157.87569534134,0.598246669928));
#1345 = CARTESIAN_POINT('',(157.68935890513,0.595616852971));
#1346 = CARTESIAN_POINT('',(157.50312146633,0.592987050907));
#1347 = CARTESIAN_POINT('',(157.31698315101,0.590357267002));
#1348 = CARTESIAN_POINT('',(156.93835669654,0.585005177995));
#1349 = CARTESIAN_POINT('',(156.74587566642,0.582282874417));
#1350 = CARTESIAN_POINT('',(156.553501099,0.579560596933));
#1351 = CARTESIAN_POINT('',(156.36123309884,0.576838348692));
#1352 = CARTESIAN_POINT('',(155.97017270081,0.571298468117));
#1353 = CARTESIAN_POINT('',(155.77138791376,0.568480838084));
#1354 = CARTESIAN_POINT('',(155.57271749056,0.565663245764));
#1355 = CARTESIAN_POINT('',(155.37416151294,0.562845694181));
#1356 = CARTESIAN_POINT('',(154.9703539719,0.55711236126));
#1357 = CARTESIAN_POINT('',(154.76511054006,0.55419658302));
#1358 = CARTESIAN_POINT('',(154.55998982406,0.551280854539));
#1359 = CARTESIAN_POINT('',(154.35499188137,0.54836517872));
#1360 = CARTESIAN_POINT('',(153.93813356073,0.542432781429));
#1361 = CARTESIAN_POINT('',(153.7262818531,0.53941606387));
#1362 = CARTESIAN_POINT('',(153.51456167773,0.536399408562));
#1363 = CARTESIAN_POINT('',(153.30297306635,0.533382818282));
#1364 = CARTESIAN_POINT('',(152.87277187786,0.527245819018));
#1365 = CARTESIAN_POINT('',(152.65416852636,0.524125414779));
#1366 = CARTESIAN_POINT('',(152.43570600002,0.521005085737));
#1367 = CARTESIAN_POINT('',(152.21738430326,0.517884834546));
#1368 = CARTESIAN_POINT('',(151.77415763774,0.511546318739));
#1369 = CARTESIAN_POINT('',(151.54926167036,0.508328059262));
#1370 = CARTESIAN_POINT('',(151.32451551329,0.505109887922));
#1371 = CARTESIAN_POINT('',(151.09991914222,0.501891807226));
#1372 = CARTESIAN_POINT('',(150.7331715732,0.496633589643));
#1373 = CARTESIAN_POINT('',(150.59093082089,0.494593397164));
#1374 = CARTESIAN_POINT('',(150.44875025278,0.492553242645));
#1375 = CARTESIAN_POINT('',(150.3066298574,0.490513126651));
#1376 = CARTESIAN_POINT('',(150.02019906392,0.486399795079));
#1377 = CARTESIAN_POINT('',(149.87589063851,0.484326580781));
#1378 = CARTESIAN_POINT('',(149.73164433116,0.482253407394));
#1379 = CARTESIAN_POINT('',(149.58746012606,0.480180275457));
#1380 = CARTESIAN_POINT('',(149.29564668482,0.475982755208));
#1381 = CARTESIAN_POINT('',(149.14802056185,0.473858369001));
#1382 = CARTESIAN_POINT('',(149.00045961774,0.471734027416));
#1383 = CARTESIAN_POINT('',(148.85296383173,0.469609730983));
#1384 = CARTESIAN_POINT('',(148.5557435557,0.465327240188));
#1385 = CARTESIAN_POINT('',(148.40602116679,0.4631690473));
#1386 = CARTESIAN_POINT('',(148.256365991,0.461010902067));
#1387 = CARTESIAN_POINT('',(148.10677800301,0.458852804991));
#1388 = CARTESIAN_POINT('',(147.80407515478,0.454483865751));
#1389 = CARTESIAN_POINT('',(147.65096362384,0.452273025997));
#1390 = CARTESIAN_POINT('',(147.49792255403,0.450062237807));
#1391 = CARTESIAN_POINT('',(147.34495191467,0.447851501671));
#1392 = CARTESIAN_POINT('',(147.03674935047,0.443395404331));
#1393 = CARTESIAN_POINT('',(146.88151965496,0.44115004479));
#1394 = CARTESIAN_POINT('',(146.726362553,0.438904739924));
#1395 = CARTESIAN_POINT('',(146.57127800915,0.4366594902));
#1396 = CARTESIAN_POINT('',(146.2581822727,0.432124611553));
#1397 = CARTESIAN_POINT('',(146.10017398275,0.429834984855));
#1398 = CARTESIAN_POINT('',(145.94224107723,0.427545416439));
#1399 = CARTESIAN_POINT('',(145.78438351534,0.425255906752));
#1400 = CARTESIAN_POINT('',(145.46571794492,0.420632008877));
#1401 = CARTESIAN_POINT('',(145.30491292543,0.418297623037));
#1402 = CARTESIAN_POINT('',(145.1441861515,0.415963299154));
#1403 = CARTESIAN_POINT('',(144.98353757683,0.413629037657));
#1404 = CARTESIAN_POINT('',(144.65856753343,0.408904975538));
#1405 = CARTESIAN_POINT('',(144.4942498366,0.406515177946));
#1406 = CARTESIAN_POINT('',(144.33001401195,0.40412544662));
#1407 = CARTESIAN_POINT('',(144.16586000682,0.401735781974));
#1408 = CARTESIAN_POINT('',(143.83524602767,0.396920620299));
#1409 = CARTESIAN_POINT('',(143.66878853356,0.394495125304));
#1410 = CARTESIAN_POINT('',(143.50241522825,0.392069699834));
#1411 = CARTESIAN_POINT('',(143.33612605386,0.389644344284));
#1412 = CARTESIAN_POINT('',(143.0005361873,0.384747375761));
#1413 = CARTESIAN_POINT('',(142.83123874267,0.382275765505));
#1414 = CARTESIAN_POINT('',(142.66202855463,0.379804228651));
#1415 = CARTESIAN_POINT('',(142.49290555924,0.377332765576));
#1416 = CARTESIAN_POINT('',(142.15163136641,0.37234316617));
#1417 = CARTESIAN_POINT('',(141.97948350159,0.369825032675));
#1418 = CARTESIAN_POINT('',(141.80742602788,0.367306976526));
#1419 = CARTESIAN_POINT('',(141.63545887511,0.36478899808));
#1420 = CARTESIAN_POINT('',(141.28773272826,0.359695004707));
#1421 = CARTESIAN_POINT('',(141.11197795404,0.357118993429));
#1422 = CARTESIAN_POINT('',(140.93631757276,0.354543064202));
#1423 = CARTESIAN_POINT('',(140.76075150681,0.351967217371));
#1424 = CARTESIAN_POINT('',(140.40729858935,0.346778855551));
#1425 = CARTESIAN_POINT('',(140.22941445232,0.344166342945));
#1426 = CARTESIAN_POINT('',(140.05162718414,0.341553915779));
#1427 = CARTESIAN_POINT('',(139.87393670154,0.338941574376));
#1428 = CARTESIAN_POINT('',(139.51548891783,0.333669108584));
#1429 = CARTESIAN_POINT('',(139.33473519976,0.331008987386));
#1430 = CARTESIAN_POINT('',(139.15408167691,0.32834895576));
#1431 = CARTESIAN_POINT('',(138.97352825918,0.32568901401));
#1432 = CARTESIAN_POINT('',(138.60934566925,0.320321026371));
#1433 = CARTESIAN_POINT('',(138.42572016116,0.317612983785));
#1434 = CARTESIAN_POINT('',(138.24219823505,0.314905034965));
#1435 = CARTESIAN_POINT('',(138.05877979383,0.312197180194));
#1436 = CARTESIAN_POINT('',(137.68806247965,0.306721286869));
#1437 = CARTESIAN_POINT('',(137.50076826835,0.303953252568));
#1438 = CARTESIAN_POINT('',(137.31358200082,0.301185317124));
#1439 = CARTESIAN_POINT('',(137.12650357141,0.298417480806));
#1440 = CARTESIAN_POINT('',(136.75004275918,0.292844711878));
#1441 = CARTESIAN_POINT('',(136.56066329928,0.290039781964));
#1442 = CARTESIAN_POINT('',(136.37139438301,0.28723495439));
#1443 = CARTESIAN_POINT('',(136.18223589864,0.284430229407));
#1444 = CARTESIAN_POINT('',(135.80082826685,0.278771860301));
#1445 = CARTESIAN_POINT('',(135.60858301793,0.275918219812));
#1446 = CARTESIAN_POINT('',(135.41645186833,0.273064686026));
#1447 = CARTESIAN_POINT('',(135.22443469876,0.270211259172));
#1448 = CARTESIAN_POINT('',(134.83730869791,0.264455265445));
#1449 = CARTESIAN_POINT('',(134.64220383962,0.261552702311));
#1450 = CARTESIAN_POINT('',(134.44721668791,0.258650250291));
#1451 = CARTESIAN_POINT('',(134.25234711572,0.255747909601));
#1452 = CARTESIAN_POINT('',(133.85867086124,0.249881279219));
#1453 = CARTESIAN_POINT('',(133.65986926501,0.246916994357));
#1454 = CARTESIAN_POINT('',(133.46119007046,0.243952826064));
#1455 = CARTESIAN_POINT('',(133.26263314082,0.240988774539));
#1456 = CARTESIAN_POINT('',(132.86326376386,0.235023567368));
#1457 = CARTESIAN_POINT('',(132.66245441294,0.232022414688));
#1458 = CARTESIAN_POINT('',(132.46177014325,0.229021382115));
#1459 = CARTESIAN_POINT('',(132.26121081161,0.226020469827));
#1460 = CARTESIAN_POINT('',(131.85700915045,0.219968992563));
#1461 = CARTESIAN_POINT('',(131.65337100531,0.216918431625));
#1462 = CARTESIAN_POINT('',(131.44986168779,0.213867995349));
#1463 = CARTESIAN_POINT('',(131.24648104634,0.210817683894));
#1464 = CARTESIAN_POINT('',(130.83664342742,0.204667287124));
#1465 = CARTESIAN_POINT('',(130.63019070018,0.201567205942));
#1466 = CARTESIAN_POINT('',(130.42387058763,0.198467254016));
#1467 = CARTESIAN_POINT('',(130.21768292971,0.195367431492));
#1468 = CARTESIAN_POINT('',(129.80134542243,0.189104462012));
#1469 = CARTESIAN_POINT('',(129.59120105621,0.185941320425));
#1470 = CARTESIAN_POINT('',(129.38119429678,0.182778313879));
#1471 = CARTESIAN_POINT('',(129.17132497326,0.179615442498));
#1472 = CARTESIAN_POINT('',(128.74940895878,0.173252995972));
#1473 = CARTESIAN_POINT('',(128.53736549602,0.170053424008));
#1474 = CARTESIAN_POINT('',(128.32546234879,0.166853990628));
#1475 = CARTESIAN_POINT('',(128.1136993395,0.16365469594));
#1476 = CARTESIAN_POINT('',(127.68712773035,0.157206111608));
#1477 = CARTESIAN_POINT('',(127.47232356382,0.153956826362));
#1478 = CARTESIAN_POINT('',(127.25766360427,0.150707684403));
#1479 = CARTESIAN_POINT('',(127.04314766506,0.147458685825));
#1480 = CARTESIAN_POINT('',(126.61108381751,0.140910665794));
#1481 = CARTESIAN_POINT('',(126.39354039831,0.137611648818));
#1482 = CARTESIAN_POINT('',(126.17614510611,0.134312779866));
#1483 = CARTESIAN_POINT('',(125.95889774512,0.131014059012));
#1484 = CARTESIAN_POINT('',(125.52044526626,0.124352290855));
#1485 = CARTESIAN_POINT('',(125.2992459937,0.120989249415));
#1486 = CARTESIAN_POINT('',(125.07820009402,0.117626362069));
#1487 = CARTESIAN_POINT('',(124.85730735947,0.114263628874));
#1488 = CARTESIAN_POINT('',(124.4134488809,0.107502232196));
#1489 = CARTESIAN_POINT('',(124.19048645151,0.104103572056));
#1490 = CARTESIAN_POINT('',(123.96768007937,0.100705069508));
#1491 = CARTESIAN_POINT('',(123.74502954983,9.730672459327E-02));
#1492 = CARTESIAN_POINT('',(123.29674671091,9.046005522607E-02));
#1493 = CARTESIAN_POINT('',(123.07111904238,8.701173547524E-02));
#1494 = CARTESIAN_POINT('',(122.84565141827,8.356357812464E-02));
#1495 = CARTESIAN_POINT('',(122.62034361429,8.011558319873E-02));
#1496 = CARTESIAN_POINT('',(122.16676577603,7.316966780068E-02));
#1497 = CARTESIAN_POINT('',(121.93850042773,6.967175209817E-02));
#1498 = CARTESIAN_POINT('',(121.71039912711,6.617400362204E-02));
#1499 = CARTESIAN_POINT('',(121.4824616401,6.267642238031E-02));
#1500 = CARTESIAN_POINT('',(120.87410462988,5.333524562216E-02));
#1501 = CARTESIAN_POINT('',(120.49397821591,4.74919497639E-02));
#1502 = CARTESIAN_POINT('',(120.11430739948,4.164912079482E-02));
#1503 = CARTESIAN_POINT('',(119.73509109077,3.580675865523E-02));
#1504 = CARTESIAN_POINT('',(118.96770643628,2.397090823215E-02));
#1505 = CARTESIAN_POINT('',(118.57956200214,1.797744456425E-02));
#1506 = CARTESIAN_POINT('',(118.19189372335,1.198447209627E-02));
#1507 = CARTESIAN_POINT('',(117.80470042685,5.991990650633E-03));
#1508 = CARTESIAN_POINT('',(117.41798094216,9.331078817375E-13));
#1509 = ( GEOMETRIC_REPRESENTATION_CONTEXT(2) 
PARAMETRIC_REPRESENTATION_CONTEXT() REPRESENTATION_CONTEXT('2D SPACE',''
  ) );
#1510 = ORIENTED_EDGE('',*,*,#502,.T.);
#1511 = ORIENTED_EDGE('',*,*,#550,.T.);
#1512 = ORIENTED_EDGE('',*,*,#622,.F.);
#1513 = ORIENTED_EDGE('',*,*,#574,.F.);
#1514 = ORIENTED_EDGE('',*,*,#397,.T.);
#1515 = ORIENTED_EDGE('',*,*,#1516,.T.);
#1516 = EDGE_CURVE('',#398,#1517,#1519,.T.);
#1517 = VERTEX_POINT('',#1518);
#1518 = CARTESIAN_POINT('',(7.88E+03,65.211104031048,752.66666666666));
#1519 = SURFACE_CURVE('',#1520,(#1763,#2009),.PCURVE_S1.);
#1520 = B_SPLINE_CURVE_WITH_KNOTS('',6,(#1521,#1522,#1523,#1524,#1525,
    #1526,#1527,#1528,#1529,#1530,#1531,#1532,#1533,#1534,#1535,#1536,
    #1537,#1538,#1539,#1540,#1541,#1542,#1543,#1544,#1545,#1546,#1547,
    #1548,#1549,#1550,#1551,#1552,#1553,#1554,#1555,#1556,#1557,#1558,
    #1559,#1560,#1561,#1562,#1563,#1564,#1565,#1566,#1567,#1568,#1569,
    #1570,#1571,#1572,#1573,#1574,#1575,#1576,#1577,#1578,#1579,#1580,
    #1581,#1582,#1583,#1584,#1585,#1586,#1587,#1588,#1589,#1590,#1591,
    #1592,#1593,#1594,#1595,#1596,#1597,#1598,#1599,#1600,#1601,#1602,
    #1603,#1604,#1605,#1606,#1607,#1608,#1609,#1610,#1611,#1612,#1613,
    #1614,#1615,#1616,#1617,#1618,#1619,#1620,#1621,#1622,#1623,#1624,
    #1625,#1626,#1627,#1628,#1629,#1630,#1631,#1632,#1633,#1634,#1635,
    #1636,#1637,#1638,#1639,#1640,#1641,#1642,#1643,#1644,#1645,#1646,
    #1647,#1648,#1649,#1650,#1651,#1652,#1653,#1654,#1655,#1656,#1657,
    #1658,#1659,#1660,#1661,#1662,#1663,#1664,#1665,#1666,#1667,#1668,
    #1669,#1670,#1671,#1672,#1673,#1674,#1675,#1676,#1677,#1678,#1679,
    #1680,#1681,#1682,#1683,#1684,#1685,#1686,#1687,#1688,#1689,#1690,
    #1691,#1692,#1693,#1694,#1695,#1696,#1697,#1698,#1699,#1700,#1701,
    #1702,#1703,#1704,#1705,#1706,#1707,#1708,#1709,#1710,#1711,#1712,
    #1713,#1714,#1715,#1716,#1717,#1718,#1719,#1720,#1721,#1722,#1723,
    #1724,#1725,#1726,#1727,#1728,#1729,#1730,#1731,#1732,#1733,#1734,
    #1735,#1736,#1737,#1738,#1739,#1740,#1741,#1742,#1743,#1744,#1745,
    #1746,#1747,#1748,#1749,#1750,#1751,#1752,#1753,#1754,#1755,#1756,
    #1757,#1758,#1759,#1760,#1761,#1762),.UNSPECIFIED.,.F.,.F.,(7,5,5,5,
    5,5,5,5,5,5,5,5,5,5,5,5,5,5,5,5,5,5,5,5,5,5,5,5,5,5,5,5,5,5,5,5,5,5,
    5,5,5,5,5,5,5,5,5,5,7),(0.,3.826351396565E-02,7.527257716088E-02,
    0.11116708126,0.145854594848,0.179521410325,0.21199088691,
    0.243441846234,0.273714073756,0.302979429665,0.331167963268,
    0.358294565336,0.384308323298,0.409367842355,0.433361015256,
    0.4564397217,0.478506112799,0.494868082501,0.510695562464,
    0.526001665437,0.540799825243,0.555103730967,0.56892726238,
    0.582284427379,0.595145259812,0.607613429364,0.619657394525,
    0.631291112311,0.642528405298,0.653382921438,0.663868098307,
    0.673997131736,0.683749549345,0.693979406199,0.7038368863,
    0.713337192071,0.729989117485,0.752613768424,0.775178267052,
    0.797693167675,0.820101554541,0.845306889858,0.870474438178,
    0.895831742717,0.921381203343,0.940066283514,0.959206661476,
    0.979111487034,1.),.UNSPECIFIED.);
#1521 = CARTESIAN_POINT('',(6.2E+03,770.64550476447,650.));
#1522 = CARTESIAN_POINT('',(6.210792271333E+03,765.92686155023,
    650.65952769258));
#1523 = CARTESIAN_POINT('',(6.221585452459E+03,761.2104829204,
    651.3191109836));
#1524 = CARTESIAN_POINT('',(6.232379543793E+03,756.49637540892,
    651.97874989847));
#1525 = CARTESIAN_POINT('',(6.243174545668E+03,751.7845456148,
    652.6384444575));
#1526 = CARTESIAN_POINT('',(6.253970458334E+03,747.07500020211,
    653.29819467594));
#1527 = CARTESIAN_POINT('',(6.275210136946E+03,737.81481664993,
    654.59617503559));
#1528 = CARTESIAN_POINT('',(6.285653844136E+03,733.26403074951,
    655.23440158608));
#1529 = CARTESIAN_POINT('',(6.296098403677E+03,728.71539428717,
    655.87268022471));
#1530 = CARTESIAN_POINT('',(6.30654381563E+03,724.1689134162,
    656.51101095518));
#1531 = CARTESIAN_POINT('',(6.316990079964E+03,719.62459435473,
    657.1493937756));
#1532 = CARTESIAN_POINT('',(6.33756968944E+03,710.67708311736,
    658.4070365769));
#1533 = CARTESIAN_POINT('',(6.347702984015E+03,706.27376232266,
    659.0262934676));
#1534 = CARTESIAN_POINT('',(6.357837080173E+03,701.87248673361,
    659.64559934393));
#1535 = CARTESIAN_POINT('',(6.367971977703E+03,697.47326214821,
    660.26495419298));
#1536 = CARTESIAN_POINT('',(6.378107676293E+03,693.07609443053,
    660.88435799568));
#1537 = CARTESIAN_POINT('',(6.398039824301E+03,684.43367462343,
    662.1024337073));
#1538 = CARTESIAN_POINT('',(6.407836220773E+03,680.18828614186,
    662.70110238057));
#1539 = CARTESIAN_POINT('',(6.417633364573E+03,675.94482941742,
    663.29981672388));
#1540 = CARTESIAN_POINT('',(6.427431255218E+03,671.70330986853,
    663.89857670774));
#1541 = CARTESIAN_POINT('',(6.437229892115E+03,667.46373298064,
    664.49738229593));
#1542 = CARTESIAN_POINT('',(6.456540305089E+03,659.11317005742,
    665.67746308877));
#1543 = CARTESIAN_POINT('',(6.466052037927E+03,655.00207105779,
    666.25873565107));
#1544 = CARTESIAN_POINT('',(6.475564472433E+03,650.89281238343,
    666.84005109315));
#1545 = CARTESIAN_POINT('',(6.485077607845E+03,646.78539918028,
    667.42140936827));
#1546 = CARTESIAN_POINT('',(6.494591443272E+03,642.67983666411,
    668.0028104222));
#1547 = CARTESIAN_POINT('',(6.513282133772E+03,634.61836929157,
    669.14501928606));
#1548 = CARTESIAN_POINT('',(6.52245894E+03,630.66233477318,
    669.7058241111));
#1549 = CARTESIAN_POINT('',(6.531636395485E+03,626.70803130638,
    670.26666861297));
#1550 = CARTESIAN_POINT('',(6.540814499189E+03,622.75546370378,
    670.82755272821));
#1551 = CARTESIAN_POINT('',(6.54999324994E+03,618.8046368496,
    671.3884763852));
#1552 = CARTESIAN_POINT('',(6.568064099454E+03,611.03035111734,
    672.49280607771));
#1553 = CARTESIAN_POINT('',(6.576956158331E+03,607.20678444076,
    673.03620967578));
#1554 = CARTESIAN_POINT('',(6.585848821879E+03,603.38486017323,
    673.57965022595));
#1555 = CARTESIAN_POINT('',(6.594742088766E+03,599.56458289348,
    674.12312764681));
#1556 = CARTESIAN_POINT('',(6.603635957512E+03,595.74595725554,
    674.66664184794));
#1557 = CARTESIAN_POINT('',(6.621091544953E+03,588.25507264356,
    675.73337219159));
#1558 = CARTESIAN_POINT('',(6.629653219491E+03,584.58269184391,
    676.25658563555));
#1559 = CARTESIAN_POINT('',(6.638215448653E+03,580.91184980665,
    676.77983297321));
#1560 = CARTESIAN_POINT('',(6.64677823083E+03,577.24255082646,
    677.3031141063));
#1561 = CARTESIAN_POINT('',(6.655341564258E+03,573.57479927588,
    677.82642892684));
#1562 = CARTESIAN_POINT('',(6.672184490118E+03,566.36433983398,
    678.85571884053));
#1563 = CARTESIAN_POINT('',(6.680464046606E+03,562.82153043112,
    679.36169173703));
#1564 = CARTESIAN_POINT('',(6.688744114735E+03,559.28017541708,
    679.86769590046));
#1565 = CARTESIAN_POINT('',(6.697024692592E+03,555.74027889469,
    680.37373121396));
#1566 = CARTESIAN_POINT('',(6.705305778092E+03,552.20184504927,
    680.87979755003));
#1567 = CARTESIAN_POINT('',(6.721564237717E+03,545.25805437245,
    681.87337008267));
#1568 = CARTESIAN_POINT('',(6.729541575323E+03,541.85259157917,
    682.36087404753));
#1569 = CARTESIAN_POINT('',(6.737519379775E+03,538.44849358196,
    682.84840654178));
#1570 = CARTESIAN_POINT('',(6.745497648864E+03,535.04576428062,
    683.33596743057));
#1571 = CARTESIAN_POINT('',(6.753476380196E+03,531.64440766159,
    683.82355656755));
#1572 = CARTESIAN_POINT('',(6.769134166391E+03,524.97253355539,
    684.78042127947));
#1573 = CARTESIAN_POINT('',(6.77681318726E+03,521.70191429582,
    685.24969477702));
#1574 = CARTESIAN_POINT('',(6.784492631496E+03,518.43257364836,
    685.71899414696));
#1575 = CARTESIAN_POINT('',(6.792172496595E+03,515.16451533327,
    686.18831923634));
#1576 = CARTESIAN_POINT('',(6.799852779852E+03,511.89774316182,
    686.65766987981));
#1577 = CARTESIAN_POINT('',(6.814899083214E+03,505.50074233645,
    687.57716619639));
#1578 = CARTESIAN_POINT('',(6.822265069934E+03,502.37041001329,
    688.02730982929));
#1579 = CARTESIAN_POINT('',(6.829631435955E+03,499.24126750773,
    688.47747664168));
#1580 = CARTESIAN_POINT('',(6.836998178498E+03,496.11331835537,
    688.92766646377));
#1581 = CARTESIAN_POINT('',(6.84436529457E+03,492.98656618658,
    689.3778791126));
#1582 = CARTESIAN_POINT('',(6.858830012583E+03,486.85011501369,
    690.2618341023));
#1583 = CARTESIAN_POINT('',(6.86592758784E+03,483.84032954217,
    690.69557481245));
#1584 = CARTESIAN_POINT('',(6.873025503865E+03,480.83166164122,
    691.12933634732));
#1585 = CARTESIAN_POINT('',(6.880123757559E+03,477.82411474083,
    691.56311851748));
#1586 = CARTESIAN_POINT('',(6.887222345589E+03,474.81769237169,
    691.99692111934));
#1587 = CARTESIAN_POINT('',(6.901118106176E+03,468.93498685698,
    692.84610648855));
#1588 = CARTESIAN_POINT('',(6.907915251166E+03,466.0586097481,
    693.26148757126));
#1589 = CARTESIAN_POINT('',(6.914712696234E+03,463.18327002514,
    693.67688699208));
#1590 = CARTESIAN_POINT('',(6.921510438008E+03,460.30897097933,
    694.09230454494));
#1591 = CARTESIAN_POINT('',(6.928308472871E+03,457.43571600662,
    694.5077400088));
#1592 = CARTESIAN_POINT('',(6.941646012372E+03,451.80077140408,
    695.32281186718));
#1593 = CARTESIAN_POINT('',(6.948185495366E+03,449.03900344903,
    695.72244693904));
#1594 = CARTESIAN_POINT('',(6.954725242509E+03,446.2782078571,
    696.1220981533));
#1595 = CARTESIAN_POINT('',(6.961265250101E+03,443.51838785396,
    696.52176528396));
#1596 = CARTESIAN_POINT('',(6.967805514183E+03,440.75954677626,
    696.92144808896));
#1597 = CARTESIAN_POINT('',(6.980599656229E+03,435.36479900179,
    697.70331232509));
#1598 = CARTESIAN_POINT('',(6.98685351253E+03,432.72880802126,
    698.08549243239));
#1599 = CARTESIAN_POINT('',(6.993107595744E+03,430.09371814297,
    698.46768640657));
#1600 = CARTESIAN_POINT('',(6.999361901905E+03,427.45953249488,
    698.84989400533));
#1601 = CARTESIAN_POINT('',(7.005616426774E+03,424.82625432002,
    699.23211496952));
#1602 = CARTESIAN_POINT('',(7.01650898135E+03,420.24201752378,
    699.89777108249));
#1603 = CARTESIAN_POINT('',(7.021146914621E+03,418.29064885361,
    700.18120033795));
#1604 = CARTESIAN_POINT('',(7.025784963805E+03,416.33978233623,
    700.46463667695));
#1605 = CARTESIAN_POINT('',(7.030423126956E+03,414.38941938392,
    700.74807998063));
#1606 = CARTESIAN_POINT('',(7.035061402028E+03,412.43956145109,
    701.03153012395));
#1607 = CARTESIAN_POINT('',(7.044186651509E+03,408.60453727884,
    701.58918425891));
#1608 = CARTESIAN_POINT('',(7.048673618858E+03,406.7193384897,
    701.86338781912));
#1609 = CARTESIAN_POINT('',(7.053160686978E+03,404.83461502117,
    702.13759753753));
#1610 = CARTESIAN_POINT('',(7.057647853819E+03,402.95036827113,
    702.41181328896));
#1611 = CARTESIAN_POINT('',(7.062135117229E+03,401.06659968099,
    702.68603494178));
#1612 = CARTESIAN_POINT('',(7.070962013491E+03,397.36205968405,
    703.22545638));
#1613 = CARTESIAN_POINT('',(7.075301640227E+03,395.54125719967,
    703.49065579163));
#1614 = CARTESIAN_POINT('',(7.079641353113E+03,393.72090462521,
    703.75586046801));
#1615 = CARTESIAN_POINT('',(7.083981149999E+03,391.90100334832,
    704.02107027769));
#1616 = CARTESIAN_POINT('',(7.088321028623E+03,390.08155480152,
    704.28628508251));
#1617 = CARTESIAN_POINT('',(7.096856920229E+03,386.50393065511,
    704.80792290289));
#1618 = CARTESIAN_POINT('',(7.101052928025E+03,384.74572541156,
    705.06434560153));
#1619 = CARTESIAN_POINT('',(7.105249007864E+03,382.98794606652,
    705.32077270278));
#1620 = CARTESIAN_POINT('',(7.109445157491E+03,381.23059400122,
    705.57720406892));
#1621 = CARTESIAN_POINT('',(7.113641374542E+03,379.47367064316,
    705.83363955534));
#1622 = CARTESIAN_POINT('',(7.121893783976E+03,376.01935063212,
    706.33795346518));
#1623 = CARTESIAN_POINT('',(7.125949972088E+03,374.32192572544,
    706.58583162758));
#1624 = CARTESIAN_POINT('',(7.130006218634E+03,372.62490407677,
    706.83371336095));
#1625 = CARTESIAN_POINT('',(7.134062521259E+03,370.92828706443,
    707.08159852141));
#1626 = CARTESIAN_POINT('',(7.138118877494E+03,369.23207611435,
    707.32948695795));
#1627 = CARTESIAN_POINT('',(7.146095463909E+03,365.89742019222,
    707.81694501665));
#1628 = CARTESIAN_POINT('',(7.150015690715E+03,364.25894830918,
    708.05651443257));
#1629 = CARTESIAN_POINT('',(7.153935962832E+03,362.62085838072,
    708.29608661751));
#1630 = CARTESIAN_POINT('',(7.157856277806E+03,360.9831517855,
    708.53566142149));
#1631 = CARTESIAN_POINT('',(7.161776633063E+03,359.34582995105,
    708.77523868717));
#1632 = CARTESIAN_POINT('',(7.16948515591E+03,356.12718428193,
    709.24631508341));
#1633 = CARTESIAN_POINT('',(7.173273321002E+03,354.5458348281,
    709.47781406123));
#1634 = CARTESIAN_POINT('',(7.177061518753E+03,352.96484732412,
    709.70931503488));
#1635 = CARTESIAN_POINT('',(7.180849746609E+03,351.38422315188,
    709.94081784831));
#1636 = CARTESIAN_POINT('',(7.184638001894E+03,349.8039637434,
    710.17232233796));
#1637 = CARTESIAN_POINT('',(7.192073794825E+03,346.70288391975,
    710.62673190597));
#1638 = CARTESIAN_POINT('',(7.195721330669E+03,345.18203679429,
    710.84963687419));
#1639 = CARTESIAN_POINT('',(7.199368886841E+03,343.66153052726,
    711.07254308473));
#1640 = CARTESIAN_POINT('',(7.203016460719E+03,342.14136649209,
    711.29545037729));
#1641 = CARTESIAN_POINT('',(7.206664049556E+03,340.62154611277,
    711.51835858395));
#1642 = CARTESIAN_POINT('',(7.213847883998E+03,337.6289877544,
    711.95737068878));
#1643 = CARTESIAN_POINT('',(7.217384128872E+03,336.15622902465,
    712.17347454217));
#1644 = CARTESIAN_POINT('',(7.220920382482E+03,334.68379601808,
    712.38957892946));
#1645 = CARTESIAN_POINT('',(7.224456642083E+03,333.21169013058,
    712.60568368284));
#1646 = CARTESIAN_POINT('',(7.227992904799E+03,331.73991281045,
    712.82178862659));
#1647 = CARTESIAN_POINT('',(7.234945116222E+03,328.84708133954,
    713.24664599137));
#1648 = CARTESIAN_POINT('',(7.238361064916E+03,327.42600511345,
    713.45539841156));
#1649 = CARTESIAN_POINT('',(7.241777011E+03,326.00523823276,
    713.66415067221));
#1650 = CARTESIAN_POINT('',(7.245192951633E+03,324.58478210352,
    713.87290259976));
#1651 = CARTESIAN_POINT('',(7.248608883842E+03,323.16463818534,
    714.08165401258));
#1652 = CARTESIAN_POINT('',(7.255324370463E+03,320.37334074101,
    714.4920448616));
#1653 = CARTESIAN_POINT('',(7.258623925639E+03,319.00216620887,
    714.6936843446));
#1654 = CARTESIAN_POINT('',(7.261923467256E+03,317.63128575843,
    714.89532299899));
#1655 = CARTESIAN_POINT('',(7.265222992382E+03,316.26070080772,
    715.09696064558));
#1656 = CARTESIAN_POINT('',(7.26852249795E+03,314.89041282934,
    715.29859709694));
#1657 = CARTESIAN_POINT('',(7.275009032024E+03,312.1971169537,
    715.69499640146));
#1658 = CARTESIAN_POINT('',(7.278196062049E+03,310.87408906248,
    715.88975934743));
#1659 = CARTESIAN_POINT('',(7.281383067946E+03,309.55134105283,
    716.08452081895));
#1660 = CARTESIAN_POINT('',(7.284570046694E+03,308.22887435629,
    716.2792806313));
#1661 = CARTESIAN_POINT('',(7.287756995132E+03,306.90669045989,
    716.47403859138));
#1662 = CARTESIAN_POINT('',(7.294022268647E+03,304.30791932703,
    716.85691641729));
#1663 = CARTESIAN_POINT('',(7.297100595968E+03,303.03131305182,
    717.04503642028));
#1664 = CARTESIAN_POINT('',(7.300178888955E+03,301.75497347051,
    717.23315432505));
#1665 = CARTESIAN_POINT('',(7.303257144497E+03,300.47890202947,
    717.42126994147));
#1666 = CARTESIAN_POINT('',(7.306335359342E+03,299.20310023139,
    717.6093830709));
#1667 = CARTESIAN_POINT('',(7.312386962027E+03,296.6954406552,
    717.97920323496));
#1668 = CARTESIAN_POINT('',(7.315360352809E+03,295.46356473757,
    718.16091044944));
#1669 = CARTESIAN_POINT('',(7.318333699392E+03,294.23194328755,
    718.34261496284));
#1670 = CARTESIAN_POINT('',(7.321306998578E+03,293.00057776737,
    718.52431657977));
#1671 = CARTESIAN_POINT('',(7.324280247028E+03,291.76946969642,
    718.70601509617));
#1672 = CARTESIAN_POINT('',(7.330125646868E+03,289.34957908504,
    719.06323397524));
#1673 = CARTESIAN_POINT('',(7.332997801871E+03,288.16077924965,
    719.23875455877));
#1674 = CARTESIAN_POINT('',(7.335869903134E+03,286.97222256616,
    719.41427185817));
#1675 = CARTESIAN_POINT('',(7.338741947375E+03,285.78391051357,
    719.58978567289));
#1676 = CARTESIAN_POINT('',(7.341613931169E+03,284.59584462874,
    719.76529579363));
#1677 = CARTESIAN_POINT('',(7.347250987542E+03,282.26437361468,
    720.109782572));
#1678 = CARTESIAN_POINT('',(7.350016064787E+03,281.12095040595,
    720.27875951476));
#1679 = CARTESIAN_POINT('',(7.352781079497E+03,279.97775830347,
    720.44773263592));
#1680 = CARTESIAN_POINT('',(7.355546028343E+03,278.83479878819,
    720.61670173206));
#1681 = CARTESIAN_POINT('',(7.358310907853E+03,277.69207339882,
    720.785666591));
#1682 = CARTESIAN_POINT('',(7.363975874808E+03,275.35116235368,
    721.13185901606));
#1683 = CARTESIAN_POINT('',(7.366875954928E+03,274.15300034623,
    721.30908613447));
#1684 = CARTESIAN_POINT('',(7.369775950599E+03,272.9550995511,
    721.48630809217));
#1685 = CARTESIAN_POINT('',(7.372675857449E+03,271.75746189141,
    721.6635246219));
#1686 = CARTESIAN_POINT('',(7.375575670902E+03,270.56008937174,
    721.84073544403));
#1687 = CARTESIAN_POINT('',(7.381269548997E+03,268.20945458292,
    722.18869466095));
#1688 = CARTESIAN_POINT('',(7.384063620647E+03,267.05617321702,
    722.359443484));
#1689 = CARTESIAN_POINT('',(7.386857596855E+03,265.90314184651,
    722.53018647448));
#1690 = CARTESIAN_POINT('',(7.389651473142E+03,264.75036241973,
    722.70092335865));
#1691 = CARTESIAN_POINT('',(7.392445244823E+03,263.5978369672,
    722.8716538503));
#1692 = CARTESIAN_POINT('',(7.397931344098E+03,261.33504937679,
    723.20691547266));
#1693 = CARTESIAN_POINT('',(7.400623679473E+03,260.22476902081,
    723.37144707892));
#1694 = CARTESIAN_POINT('',(7.403315908762E+03,259.11472842468,
    723.53597220211));
#1695 = CARTESIAN_POINT('',(7.406008027382E+03,258.00492956221,
    723.70049056223));
#1696 = CARTESIAN_POINT('',(7.408700030546E+03,256.89537449004,
    723.86500186671));
#1697 = CARTESIAN_POINT('',(7.416110185627E+03,253.84169286691,
    724.31784467718));
#1698 = CARTESIAN_POINT('',(7.420828087839E+03,251.8980759805,
    724.6061609235));
#1699 = CARTESIAN_POINT('',(7.42554559315E+03,249.95522615192,
    724.89445291471));
#1700 = CARTESIAN_POINT('',(7.4302626724E+03,248.01315581204,
    725.18271886887));
#1701 = CARTESIAN_POINT('',(7.434979294019E+03,246.07187835898,
    725.47095685672));
#1702 = CARTESIAN_POINT('',(7.446103139208E+03,241.49492860015,
    726.15074739601));
#1703 = CARTESIAN_POINT('',(7.452509946217E+03,238.85993950609,
    726.54227449104));
#1704 = CARTESIAN_POINT('',(7.458915760169E+03,236.22647676008,
    726.93374089918));
#1705 = CARTESIAN_POINT('',(7.465320485349E+03,233.59458060413,
    727.32514077129));
#1706 = CARTESIAN_POINT('',(7.471724014491E+03,230.96429591157,
    727.71646755221));
#1707 = CARTESIAN_POINT('',(7.484511419998E+03,225.71403774795,
    728.49792011095));
#1708 = CARTESIAN_POINT('',(7.49089530215E+03,223.09405594727,
    728.88804624247));
#1709 = CARTESIAN_POINT('',(7.497277756286E+03,220.47577628351,
    729.27808510636));
#1710 = CARTESIAN_POINT('',(7.503658648111E+03,217.85925444761,
    729.66802849567));
#1711 = CARTESIAN_POINT('',(7.510037826144E+03,215.24455301202,
    730.05786715325));
#1712 = CARTESIAN_POINT('',(7.522778397437E+03,210.02467378268,
    730.83645762114));
#1713 = CARTESIAN_POINT('',(7.529139797041E+03,207.41948847799,
    731.22520981914));
#1714 = CARTESIAN_POINT('',(7.535499151411E+03,204.81625507589,
    731.61383703065));
#1715 = CARTESIAN_POINT('',(7.541856268092E+03,202.21505254013,
    732.00232749451));
#1716 = CARTESIAN_POINT('',(7.548210928473E+03,199.61597029796,
    732.3906678511));
#1717 = CARTESIAN_POINT('',(7.560884793748E+03,194.43453273156,
    733.16518184013));
#1718 = CARTESIAN_POINT('',(7.567204021014E+03,191.85215772855,
    733.55135683973));
#1719 = CARTESIAN_POINT('',(7.573520325953E+03,189.27208253889,
    733.93735325271));
#1720 = CARTESIAN_POINT('',(7.579833429048E+03,186.69442092104,
    734.32315399739));
#1721 = CARTESIAN_POINT('',(7.586143010528E+03,184.1193027185,
    734.70873953229));
#1722 = CARTESIAN_POINT('',(7.599541463367E+03,178.65336415829,
    735.52753387245));
#1723 = CARTESIAN_POINT('',(7.606629295972E+03,175.76326081875,
    735.96067919829));
#1724 = CARTESIAN_POINT('',(7.613711695087E+03,172.87677159393,
    736.39349247752));
#1725 = CARTESIAN_POINT('',(7.620788051574E+03,169.99414283778,
    736.82593648505));
#1726 = CARTESIAN_POINT('',(7.627857649874E+03,167.1156633847,
    737.25796749229));
#1727 = CARTESIAN_POINT('',(7.641971083533E+03,161.37198008966,
    738.12045510479));
#1728 = CARTESIAN_POINT('',(7.649014923869E+03,158.50677004192,
    738.55091201418));
#1729 = CARTESIAN_POINT('',(7.656050363145E+03,155.64636677467,
    738.98085552554));
#1730 = CARTESIAN_POINT('',(7.663076411814E+03,152.79116846141,
    739.41022516642));
#1731 = CARTESIAN_POINT('',(7.670091896511E+03,149.94164655574,
    739.83894923123));
#1732 = CARTESIAN_POINT('',(7.684151803612E+03,144.23361654756,
    740.69816577627));
#1733 = CARTESIAN_POINT('',(7.69119601115E+03,141.37521657907,
    741.12864512582));
#1734 = CARTESIAN_POINT('',(7.698226686044E+03,138.52370555139,
    741.55829748046));
#1735 = CARTESIAN_POINT('',(7.705242128894E+03,135.67976467558,
    741.98701898799));
#1736 = CARTESIAN_POINT('',(7.712240306987E+03,132.84420784149,
    742.414685427));
#1737 = CARTESIAN_POINT('',(7.726250248173E+03,127.17035156937,
    743.27084849947));
#1738 = CARTESIAN_POINT('',(7.733261646999E+03,124.33222064056,
    743.69932287215));
#1739 = CARTESIAN_POINT('',(7.740250625903E+03,121.50455728687,
    744.12642713854));
#1740 = CARTESIAN_POINT('',(7.747214197223E+03,118.68855550729,
    744.5519787192));
#1741 = CARTESIAN_POINT('',(7.75414877857E+03,115.88564556266,
    744.97575869037));
#1742 = CARTESIAN_POINT('',(7.766097378399E+03,111.05844304766,
    745.70595090218));
#1743 = CARTESIAN_POINT('',(7.771126794764E+03,109.02729830121,
    746.01330412446));
#1744 = CARTESIAN_POINT('',(7.77613677963E+03,107.00472112021,
    746.31946986628));
#1745 = CARTESIAN_POINT('',(7.781125423166E+03,104.99147272338,
    746.62433141572));
#1746 = CARTESIAN_POINT('',(7.78609056088E+03,102.98841523561,
    746.9277564982));
#1747 = CARTESIAN_POINT('',(7.796089353216E+03,98.956065318125,
    747.53879380763));
#1748 = CARTESIAN_POINT('',(7.80112169919E+03,96.927335091065,
    747.84632606158));
#1749 = CARTESIAN_POINT('',(7.806124233182E+03,94.911346450472,
    748.15203647225));
#1750 = CARTESIAN_POINT('',(7.81109399007E+03,92.909278769833,
    748.45574383762));
#1751 = CARTESIAN_POINT('',(7.816027661099E+03,90.922447048398,
    748.75724595606));
#1752 = CARTESIAN_POINT('',(7.826011059881E+03,86.9034401294,
    749.36734254826));
#1753 = CARTESIAN_POINT('',(7.831057527908E+03,84.872633312798,
    749.67573781665));
#1754 = CARTESIAN_POINT('',(7.836056958715E+03,82.861484279917,
    749.98125858808));
#1755 = CARTESIAN_POINT('',(7.841004827807E+03,80.871788003484,
    750.28362836597));
#1756 = CARTESIAN_POINT('',(7.845896247861E+03,78.905481153163,
    750.58254848038));
#1757 = CARTESIAN_POINT('',(7.855794669757E+03,74.92776796747,
    751.18745204069));
#1758 = CARTESIAN_POINT('',(7.860795458175E+03,72.918926720796,
    751.49305577735));
#1759 = CARTESIAN_POINT('',(7.865722518867E+03,70.940418854634,
    751.79415393075));
#1760 = CARTESIAN_POINT('',(7.870569682311E+03,68.994681977844,
    752.09036947455));
#1761 = CARTESIAN_POINT('',(7.875330804221E+03,67.084138884145,
    752.38132692461));
#1762 = CARTESIAN_POINT('',(7.88E+03,65.211104031048,752.66666666666));
#1763 = PCURVE('',#413,#1764);
#1764 = DEFINITIONAL_REPRESENTATION('',(#1765),#2008);
#1765 = B_SPLINE_CURVE_WITH_KNOTS('',6,(#1766,#1767,#1768,#1769,#1770,
    #1771,#1772,#1773,#1774,#1775,#1776,#1777,#1778,#1779,#1780,#1781,
    #1782,#1783,#1784,#1785,#1786,#1787,#1788,#1789,#1790,#1791,#1792,
    #1793,#1794,#1795,#1796,#1797,#1798,#1799,#1800,#1801,#1802,#1803,
    #1804,#1805,#1806,#1807,#1808,#1809,#1810,#1811,#1812,#1813,#1814,
    #1815,#1816,#1817,#1818,#1819,#1820,#1821,#1822,#1823,#1824,#1825,
    #1826,#1827,#1828,#1829,#1830,#1831,#1832,#1833,#1834,#1835,#1836,
    #1837,#1838,#1839,#1840,#1841,#1842,#1843,#1844,#1845,#1846,#1847,
    #1848,#1849,#1850,#1851,#1852,#1853,#1854,#1855,#1856,#1857,#1858,
    #1859,#1860,#1861,#1862,#1863,#1864,#1865,#1866,#1867,#1868,#1869,
    #1870,#1871,#1872,#1873,#1874,#1875,#1876,#1877,#1878,#1879,#1880,
    #1881,#1882,#1883,#1884,#1885,#1886,#1887,#1888,#1889,#1890,#1891,
    #1892,#1893,#1894,#1895,#1896,#1897,#1898,#1899,#1900,#1901,#1902,
    #1903,#1904,#1905,#1906,#1907,#1908,#1909,#1910,#1911,#1912,#1913,
    #1914,#1915,#1916,#1917,#1918,#1919,#1920,#1921,#1922,#1923,#1924,
    #1925,#1926,#1927,#1928,#1929,#1930,#1931,#1932,#1933,#1934,#1935,
    #1936,#1937,#1938,#1939,#1940,#1941,#1942,#1943,#1944,#1945,#1946,
    #1947,#1948,#1949,#1950,#1951,#1952,#1953,#1954,#1955,#1956,#1957,
    #1958,#1959,#1960,#1961,#1962,#1963,#1964,#1965,#1966,#1967,#1968,
    #1969,#1970,#1971,#1972,#1973,#1974,#1975,#1976,#1977,#1978,#1979,
    #1980,#1981,#1982,#1983,#1984,#1985,#1986,#1987,#1988,#1989,#1990,
    #1991,#1992,#1993,#1994,#1995,#1996,#1997,#1998,#1999,#2000,#2001,
    #2002,#2003,#2004,#2005,#2006,#2007),.UNSPECIFIED.,.F.,.F.,(7,5,5,5,
    5,5,5,5,5,5,5,5,5,5,5,5,5,5,5,5,5,5,5,5,5,5,5,5,5,5,5,5,5,5,5,5,5,5,
    5,5,5,5,5,5,5,5,5,5,7),(0.,3.826351396565E-02,7.527257716088E-02,
    0.11116708126,0.145854594848,0.179521410325,0.21199088691,
    0.243441846234,0.273714073756,0.302979429665,0.331167963268,
    0.358294565336,0.384308323298,0.409367842355,0.433361015256,
    0.4564397217,0.478506112799,0.494868082501,0.510695562464,
    0.526001665437,0.540799825243,0.555103730967,0.56892726238,
    0.582284427379,0.595145259812,0.607613429364,0.619657394525,
    0.631291112311,0.642528405298,0.653382921438,0.663868098307,
    0.673997131736,0.683749549345,0.693979406199,0.7038368863,
    0.713337192071,0.729989117485,0.752613768424,0.775178267052,
    0.797693167675,0.820101554541,0.845306889858,0.870474438178,
    0.895831742717,0.921381203343,0.940066283514,0.959206661476,
    0.979111487034,1.),.UNSPECIFIED.);
#1766 = CARTESIAN_POINT('',(29.354495235526,0.));
#1767 = CARTESIAN_POINT('',(29.683602535103,5.995706296189E-03));
#1768 = CARTESIAN_POINT('',(30.014574230021,1.199191803279E-02));
#1769 = CARTESIAN_POINT('',(30.347452000662,1.798863544067E-02));
#1770 = CARTESIAN_POINT('',(30.682279586404,2.398585870458E-02));
#1771 = CARTESIAN_POINT('',(31.019102785619,2.998358796316E-02));
#1772 = CARTESIAN_POINT('',(31.685726545214,4.178340941453E-02));
#1773 = CARTESIAN_POINT('',(32.015395420181,4.758546896444E-02));
#1774 = CARTESIAN_POINT('',(32.347019373394,5.33880020429E-02));
#1775 = CARTESIAN_POINT('',(32.680643843526,5.919100868347E-02));
#1776 = CARTESIAN_POINT('',(33.016316415109,6.499448886915E-02));
#1777 = CARTESIAN_POINT('',(33.681684980763,7.642760524454E-02));
#1778 = CARTESIAN_POINT('',(34.01125663398,8.205721334182E-02));
#1779 = CARTESIAN_POINT('',(34.342847137975,8.7687266763E-02));
#1780 = CARTESIAN_POINT('',(34.676504114923,9.331776539077E-02));
#1781 = CARTESIAN_POINT('',(35.012277449381,9.894870905172E-02));
#1782 = CARTESIAN_POINT('',(35.676797475944,0.110022124612));
#1783 = CARTESIAN_POINT('',(36.005400901086,0.115464567096));
#1784 = CARTESIAN_POINT('',(36.336076613885,0.120907424763));
#1785 = CARTESIAN_POINT('',(36.668874016511,0.126350697343));
#1786 = CARTESIAN_POINT('',(37.003844863143,0.131794384509));
#1787 = CARTESIAN_POINT('',(37.668319417416,0.142522391716));
#1788 = CARTESIAN_POINT('',(37.99769408445,0.147806687737));
#1789 = CARTESIAN_POINT('',(38.329216717022,0.153091373574));
#1790 = CARTESIAN_POINT('',(38.662939260413,0.158376448803));
#1791 = CARTESIAN_POINT('',(38.998916149222,0.163661912929));
#1792 = CARTESIAN_POINT('',(39.663461461278,0.174045629873));
#1793 = CARTESIAN_POINT('',(39.991868539539,0.179143855555));
#1794 = CARTESIAN_POINT('',(40.32247659424,0.184242441936));
#1795 = CARTESIAN_POINT('',(40.655339247056,0.189341388438));
#1796 = CARTESIAN_POINT('',(40.990512689258,0.194440694411));
#1797 = CARTESIAN_POINT('',(41.655010471242,0.204480055252));
#1798 = CARTESIAN_POINT('',(41.984188619796,0.209420087962));
#1799 = CARTESIAN_POINT('',(42.31564351641,0.2143604566));
#1800 = CARTESIAN_POINT('',(42.649431249577,0.219301160426));
#1801 = CARTESIAN_POINT('',(42.985610607235,0.224242198618));
#1802 = CARTESIAN_POINT('',(43.650184140488,0.233939747196));
#1803 = CARTESIAN_POINT('',(43.978398023933,0.23869623305));
#1804 = CARTESIAN_POINT('',(44.308939544749,0.243453027029));
#1805 = CARTESIAN_POINT('',(44.641866285624,0.248210128239));
#1806 = CARTESIAN_POINT('',(44.977238594295,0.252967535699));
#1807 = CARTESIAN_POINT('',(45.641762456476,0.262324716732));
#1808 = CARTESIAN_POINT('',(45.970750049686,0.266924470337));
#1809 = CARTESIAN_POINT('',(46.302139371516,0.271524508186));
#1810 = CARTESIAN_POINT('',(46.635990312034,0.276124829218));
#1811 = CARTESIAN_POINT('',(46.972365643025,0.280725432273));
#1812 = CARTESIAN_POINT('',(47.637824120074,0.289757909843));
#1813 = CARTESIAN_POINT('',(47.966720319835,0.294189764069));
#1814 = CARTESIAN_POINT('',(48.298078273701,0.298621877653));
#1815 = CARTESIAN_POINT('',(48.631959597371,0.303054249369));
#1816 = CARTESIAN_POINT('',(48.968428865832,0.307486877887));
#1817 = CARTESIAN_POINT('',(49.633902694905,0.316185647995));
#1818 = CARTESIAN_POINT('',(49.962711099461,0.3204517707));
#1819 = CARTESIAN_POINT('',(50.294038999468,0.324718128609));
#1820 = CARTESIAN_POINT('',(50.627949593598,0.32898472033));
#1821 = CARTESIAN_POINT('',(50.964509106748,0.333251544362));
#1822 = CARTESIAN_POINT('',(51.629145915259,0.341610601785));
#1823 = CARTESIAN_POINT('',(51.957004917338,0.34570281663));
#1824 = CARTESIAN_POINT('',(52.287424857381,0.349795242197));
#1825 = CARTESIAN_POINT('',(52.620469845328,0.353887876943));
#1826 = CARTESIAN_POINT('',(52.956207039954,0.357980719205));
#1827 = CARTESIAN_POINT('',(53.620789385068,0.366016673657));
#1828 = CARTESIAN_POINT('',(53.949435745737,0.369959771022));
#1829 = CARTESIAN_POINT('',(54.280708478789,0.373903057703));
#1830 = CARTESIAN_POINT('',(54.61467345687,0.377846531977));
#1831 = CARTESIAN_POINT('',(54.951399677361,0.381790191994));
#1832 = CARTESIAN_POINT('',(55.61606972457,0.389510058987));
#1833 = CARTESIAN_POINT('',(55.943777703248,0.393286250648));
#1834 = CARTESIAN_POINT('',(56.274146488471,0.397062609019));
#1835 = CARTESIAN_POINT('',(56.607242492026,0.400839132227));
#1836 = CARTESIAN_POINT('',(56.943135247434,0.404615818262));
#1837 = CARTESIAN_POINT('',(57.607748122388,0.412025562429));
#1838 = CARTESIAN_POINT('',(57.936253839252,0.415658608537));
#1839 = CARTESIAN_POINT('',(58.267479208163,0.419291801394));
#1840 = CARTESIAN_POINT('',(58.60149204963,0.422925138945));
#1841 = CARTESIAN_POINT('',(58.938363357045,0.426558618991));
#1842 = CARTESIAN_POINT('',(59.603066209101,0.433666475683));
#1843 = CARTESIAN_POINT('',(59.930646278788,0.437140840294));
#1844 = CARTESIAN_POINT('',(60.260972323836,0.440615330969));
#1845 = CARTESIAN_POINT('',(60.594112306219,0.444089945503));
#1846 = CARTESIAN_POINT('',(60.930137331801,0.447564681541));
#1847 = CARTESIAN_POINT('',(61.520474549885,0.45361610075));
#1848 = CARTESIAN_POINT('',(61.773454548632,0.456192730345));
#1849 = CARTESIAN_POINT('',(62.028091943069,0.458769424336));
#1850 = CARTESIAN_POINT('',(62.284418133048,0.461346181642));
#1851 = CARTESIAN_POINT('',(62.542465621776,0.463923001127));
#1852 = CARTESIAN_POINT('',(63.053583551762,0.468992584172));
#1853 = CARTESIAN_POINT('',(63.306541253259,0.47148534381));
#1854 = CARTESIAN_POINT('',(63.561171537676,0.473978159432));
#1855 = CARTESIAN_POINT('',(63.817505921103,0.4764710299));
#1856 = CARTESIAN_POINT('',(64.075577018346,0.478963954016));
#1857 = CARTESIAN_POINT('',(64.586700562595,0.483867785273));
#1858 = CARTESIAN_POINT('',(64.839638331081,0.486278689015));
#1859 = CARTESIAN_POINT('',(65.0942623367,0.488689640618));
#1860 = CARTESIAN_POINT('',(65.350604159407,0.491100638888));
#1861 = CARTESIAN_POINT('',(65.608696470808,0.493511682568));
#1862 = CARTESIAN_POINT('',(66.119825421557,0.498253844572));
#1863 = CARTESIAN_POINT('',(66.372745642559,0.500584960014));
#1864 = CARTESIAN_POINT('',(66.627364207402,0.50291611548));
#1865 = CARTESIAN_POINT('',(66.883712708586,0.505247309717));
#1866 = CARTESIAN_POINT('',(67.141823820874,0.507578541412));
#1867 = CARTESIAN_POINT('',(67.6529579501,0.51216321332));
#1868 = CARTESIAN_POINT('',(67.905863013713,0.51441665116));
#1869 = CARTESIAN_POINT('',(68.160476976584,0.516670121463));
#1870 = CARTESIAN_POINT('',(68.41683139385,0.518923622922));
#1871 = CARTESIAN_POINT('',(68.674958891331,0.521177154163));
#1872 = CARTESIAN_POINT('',(69.186097953501,0.525608591061));
#1873 = CARTESIAN_POINT('',(69.438990238615,0.527786494842));
#1874 = CARTESIAN_POINT('',(69.693600433429,0.529964423796));
#1875 = CARTESIAN_POINT('',(69.949960007556,0.532142376559));
#1876 = CARTESIAN_POINT('',(70.208101487666,0.534320351702));
#1877 = CARTESIAN_POINT('',(70.719245222633,0.538602864395));
#1878 = CARTESIAN_POINT('',(70.972127082273,0.540707400557));
#1879 = CARTESIAN_POINT('',(71.226734332813,0.542811954863));
#1880 = CARTESIAN_POINT('',(71.483098312202,0.544916525894));
#1881 = CARTESIAN_POINT('',(71.741251399931,0.547021112163));
#1882 = CARTESIAN_POINT('',(72.251542323432,0.551152108236));
#1883 = CARTESIAN_POINT('',(72.503547266479,0.553178517038));
#1884 = CARTESIAN_POINT('',(72.757271677046,0.555204937134));
#1885 = CARTESIAN_POINT('',(73.012746396177,0.557231367066));
#1886 = CARTESIAN_POINT('',(73.270003275087,0.559257805309));
#1887 = CARTESIAN_POINT('',(73.780237173609,0.563248824443));
#1888 = CARTESIAN_POINT('',(74.033105088862,0.565213404929));
#1889 = CARTESIAN_POINT('',(74.287708861646,0.567177990268));
#1890 = CARTESIAN_POINT('',(74.54407943823,0.569142578935));
#1891 = CARTESIAN_POINT('',(74.802248770433,0.571107169333));
#1892 = CARTESIAN_POINT('',(75.313404848251,0.574969509012));
#1893 = CARTESIAN_POINT('',(75.566269107584,0.576867258287));
#1894 = CARTESIAN_POINT('',(75.820872298878,0.578765006111));
#1895 = CARTESIAN_POINT('',(76.077245112741,0.580662750907));
#1896 = CARTESIAN_POINT('',(76.335419225133,0.582560491024));
#1897 = CARTESIAN_POINT('',(76.846578848751,0.586291316924));
#1898 = CARTESIAN_POINT('',(77.099441582319,0.588124403133));
#1899 = CARTESIAN_POINT('',(77.354044932957,0.589957481809));
#1900 = CARTESIAN_POINT('',(77.610419299473,0.591790551324));
#1901 = CARTESIAN_POINT('',(77.868596044601,0.593623609972));
#1902 = CARTESIAN_POINT('',(78.379758924155,0.597227240013));
#1903 = CARTESIAN_POINT('',(78.632622183689,0.598997812249));
#1904 = CARTESIAN_POINT('',(78.887226405789,0.600768371081));
#1905 = CARTESIAN_POINT('',(79.143601664085,0.60253891483));
#1906 = CARTESIAN_POINT('',(79.401778973646,0.60430944174));
#1907 = CARTESIAN_POINT('',(79.912944821183,0.607790149248));
#1908 = CARTESIAN_POINT('',(80.165810573796,0.609500331094));
#1909 = CARTESIAN_POINT('',(80.420416348627,0.611210493864));
#1910 = CARTESIAN_POINT('',(80.676791863531,0.612920635832));
#1911 = CARTESIAN_POINT('',(80.934967754413,0.61463075519));
#1912 = CARTESIAN_POINT('',(81.446136286025,0.617992756682));
#1913 = CARTESIAN_POINT('',(81.699006409426,0.619644640449));
#1914 = CARTESIAN_POINT('',(81.953614385777,0.621296499662));
#1915 = CARTESIAN_POINT('',(82.209989549341,0.622948332543));
#1916 = CARTESIAN_POINT('',(82.468162128291,0.624600137238));
#1917 = CARTESIAN_POINT('',(82.97933306603,0.627847581593));
#1918 = CARTESIAN_POINT('',(83.232209345003,0.629443223262));
#1919 = CARTESIAN_POINT('',(83.486820138022,0.631038835074));
#1920 = CARTESIAN_POINT('',(83.743194370666,0.632634415208));
#1921 = CARTESIAN_POINT('',(84.001361837692,0.63422996176));
#1922 = CARTESIAN_POINT('',(84.511677618341,0.637361659746));
#1923 = CARTESIAN_POINT('',(84.763692848395,0.638897813771));
#1924 = CARTESIAN_POINT('',(85.017426261739,0.640433933054));
#1925 = CARTESIAN_POINT('',(85.272906059281,0.641970015746));
#1926 = CARTESIAN_POINT('',(85.530161274304,0.643506059918));
#1927 = CARTESIAN_POINT('',(86.060964831915,0.646653263782));
#1928 = CARTESIAN_POINT('',(86.334694294099,0.648264419404));
#1929 = CARTESIAN_POINT('',(86.610444621932,0.649875528111));
#1930 = CARTESIAN_POINT('',(86.888251404311,0.651486587472));
#1931 = CARTESIAN_POINT('',(87.168151356114,0.653097594946));
#1932 = CARTESIAN_POINT('',(87.721947078725,0.656260860554));
#1933 = CARTESIAN_POINT('',(87.995690567834,0.657813122582));
#1934 = CARTESIAN_POINT('',(88.271446641622,0.659365331586));
#1935 = CARTESIAN_POINT('',(88.549250243756,0.660917485079));
#1936 = CARTESIAN_POINT('',(88.829137405481,0.662469580457));
#1937 = CARTESIAN_POINT('',(89.382934859661,0.665517413388));
#1938 = CARTESIAN_POINT('',(89.656694290152,0.667013155263));
#1939 = CARTESIAN_POINT('',(89.932456764561,0.668508838201));
#1940 = CARTESIAN_POINT('',(90.210256559386,0.670004459657));
#1941 = CARTESIAN_POINT('',(90.490129000166,0.67150001697));
#1942 = CARTESIAN_POINT('',(91.266361245961,0.675616769793));
#1943 = CARTESIAN_POINT('',(91.767091785726,0.678237826577));
#1944 = CARTESIAN_POINT('',(92.27449747498,0.680858662861));
#1945 = CARTESIAN_POINT('',(92.788785238476,0.683479262444));
#1946 = CARTESIAN_POINT('',(93.3101735315,0.686099607788));
#1947 = CARTESIAN_POINT('',(94.557252581829,0.692279521782));
#1948 = CARTESIAN_POINT('',(95.289145633069,0.69583885901));
#1949 = CARTESIAN_POINT('',(96.035150645325,0.699397644538));
#1950 = CARTESIAN_POINT('',(96.795889595182,0.702955825194));
#1951 = CARTESIAN_POINT('',(97.572034451446,0.706513341384));
#1952 = CARTESIAN_POINT('',(99.15448782375,0.713617455554));
#1953 = CARTESIAN_POINT('',(99.960710485058,0.71716405675));
#1954 = CARTESIAN_POINT('',(100.78370620105,0.720709864603));
#1955 = CARTESIAN_POINT('',(101.62425475192,0.724254804506));
#1956 = CARTESIAN_POINT('',(102.4832016578,0.727798792302));
#1957 = CARTESIAN_POINT('',(104.2378039341,0.734876887465));
#1958 = CARTESIAN_POINT('',(105.13337416776,0.738410998356));
#1959 = CARTESIAN_POINT('',(106.04909454717,0.741943973006));
#1960 = CARTESIAN_POINT('',(106.98595472003,0.745475704496));
#1961 = CARTESIAN_POINT('',(107.94503175766,0.749006071374));
#1962 = CARTESIAN_POINT('',(109.90532794072,0.756047107638));
#1963 = CARTESIAN_POINT('',(110.90632572468,0.759557789452));
#1964 = CARTESIAN_POINT('',(111.93165973588,0.763066847752));
#1965 = CARTESIAN_POINT('',(112.98258985147,0.766574127249));
#1966 = CARTESIAN_POINT('',(114.06049179599,0.770079450294));
#1967 = CARTESIAN_POINT('',(116.41135537285,0.777523035204));
#1968 = CARTESIAN_POINT('',(117.69186902945,0.781460719985));
#1969 = CARTESIAN_POINT('',(119.01056926732,0.785395386159));
#1970 = CARTESIAN_POINT('',(120.36981720195,0.789326695319));
#1971 = CARTESIAN_POINT('',(121.77222967296,0.79325424993));
#1972 = CARTESIAN_POINT('',(124.66705185719,0.801095046407));
#1973 = CARTESIAN_POINT('',(126.15931975124,0.805008291038));
#1974 = CARTESIAN_POINT('',(127.70044184014,0.808916868414));
#1975 = CARTESIAN_POINT('',(129.29361875529,0.812820228786));
#1976 = CARTESIAN_POINT('',(130.94240399586,0.816717720284));
#1977 = CARTESIAN_POINT('',(134.37201263194,0.824528779784));
#1978 = CARTESIAN_POINT('',(136.15372963958,0.828442228417));
#1979 = CARTESIAN_POINT('',(137.99998676387,0.832348158913));
#1980 = CARTESIAN_POINT('',(139.91525626121,0.836245627164));
#1981 = CARTESIAN_POINT('',(141.90449243491,0.840133503882));
#1982 = CARTESIAN_POINT('',(146.05760262408,0.847916804541));
#1983 = CARTESIAN_POINT('',(148.22266786716,0.85181202611));
#1984 = CARTESIAN_POINT('',(150.47405074764,0.855694792169));
#1985 = CARTESIAN_POINT('',(152.81792230176,0.859563442902));
#1986 = CARTESIAN_POINT('',(155.26102588587,0.863415988094));
#1987 = CARTESIAN_POINT('',(159.67539410418,0.870054099111));
#1988 = CARTESIAN_POINT('',(161.59706216078,0.872848219313));
#1989 = CARTESIAN_POINT('',(163.57859911588,0.875631544239));
#1990 = CARTESIAN_POINT('',(165.62302259156,0.87840301287));
#1991 = CARTESIAN_POINT('',(167.73347749353,0.881161422711));
#1992 = CARTESIAN_POINT('',(172.14606826383,0.886716307342));
#1993 = CARTESIAN_POINT('',(174.45160955799,0.889512055105));
#1994 = CARTESIAN_POINT('',(176.83332846193,0.892291240657));
#1995 = CARTESIAN_POINT('',(179.29479301732,0.895052216706));
#1996 = CARTESIAN_POINT('',(181.83956347575,0.897793145055));
#1997 = CARTESIAN_POINT('',(187.20774649474,0.903339477712));
#1998 = CARTESIAN_POINT('',(190.03821258248,0.90614307106));
#1999 = CARTESIAN_POINT('',(192.9663842127,0.908920532619));
#2000 = CARTESIAN_POINT('',(195.9959571713,0.911669348782));
#2001 = CARTESIAN_POINT('',(199.13027470594,0.914386804367));
#2002 = CARTESIAN_POINT('',(205.77402358461,0.919885927643));
#2003 = CARTESIAN_POINT('',(209.29435426069,0.922664143431));
#2004 = CARTESIAN_POINT('',(212.93612303866,0.92540139937));
#2005 = CARTESIAN_POINT('',(216.70169180185,0.92809426795));
#2006 = CARTESIAN_POINT('',(220.59234003238,0.930739335678));
#2007 = CARTESIAN_POINT('',(224.60790560839,0.933333333333));
#2008 = ( GEOMETRIC_REPRESENTATION_CONTEXT(2) 
PARAMETRIC_REPRESENTATION_CONTEXT() REPRESENTATION_CONTEXT('2D SPACE',''
  ) );
#2009 = PCURVE('',#2010,#2015);
#2010 = B_SPLINE_SURFACE_WITH_KNOTS('',1,1,(
    (#2011,#2012)
    ,(#2013,#2014
    )),.UNSPECIFIED.,.F.,.F.,.F.,(2,2),(2,2),(0.,851.28036183026),(0.,1.
    ),.PIECEWISE_BEZIER_KNOTS.);
#2011 = CARTESIAN_POINT('',(6.2E+03,386.03012014908,25.));
#2012 = CARTESIAN_POINT('',(7.88E+03,20.333333333333,230.33333333333));
#2013 = CARTESIAN_POINT('',(6.2E+03,832.18396630293,750.));
#2014 = CARTESIAN_POINT('',(7.88E+03,77.869671132765,900.));
#2015 = DEFINITIONAL_REPRESENTATION('',(#2016),#2259);
#2016 = B_SPLINE_CURVE_WITH_KNOTS('',6,(#2017,#2018,#2019,#2020,#2021,
    #2022,#2023,#2024,#2025,#2026,#2027,#2028,#2029,#2030,#2031,#2032,
    #2033,#2034,#2035,#2036,#2037,#2038,#2039,#2040,#2041,#2042,#2043,
    #2044,#2045,#2046,#2047,#2048,#2049,#2050,#2051,#2052,#2053,#2054,
    #2055,#2056,#2057,#2058,#2059,#2060,#2061,#2062,#2063,#2064,#2065,
    #2066,#2067,#2068,#2069,#2070,#2071,#2072,#2073,#2074,#2075,#2076,
    #2077,#2078,#2079,#2080,#2081,#2082,#2083,#2084,#2085,#2086,#2087,
    #2088,#2089,#2090,#2091,#2092,#2093,#2094,#2095,#2096,#2097,#2098,
    #2099,#2100,#2101,#2102,#2103,#2104,#2105,#2106,#2107,#2108,#2109,
    #2110,#2111,#2112,#2113,#2114,#2115,#2116,#2117,#2118,#2119,#2120,
    #2121,#2122,#2123,#2124,#2125,#2126,#2127,#2128,#2129,#2130,#2131,
    #2132,#2133,#2134,#2135,#2136,#2137,#2138,#2139,#2140,#2141,#2142,
    #2143,#2144,#2145,#2146,#2147,#2148,#2149,#2150,#2151,#2152,#2153,
    #2154,#2155,#2156,#2157,#2158,#2159,#2160,#2161,#2162,#2163,#2164,
    #2165,#2166,#2167,#2168,#2169,#2170,#2171,#2172,#2173,#2174,#2175,
    #2176,#2177,#2178,#2179,#2180,#2181,#2182,#2183,#2184,#2185,#2186,
    #2187,#2188,#2189,#2190,#2191,#2192,#2193,#2194,#2195,#2196,#2197,
    #2198,#2199,#2200,#2201,#2202,#2203,#2204,#2205,#2206,#2207,#2208,
    #2209,#2210,#2211,#2212,#2213,#2214,#2215,#2216,#2217,#2218,#2219,
    #2220,#2221,#2222,#2223,#2224,#2225,#2226,#2227,#2228,#2229,#2230,
    #2231,#2232,#2233,#2234,#2235,#2236,#2237,#2238,#2239,#2240,#2241,
    #2242,#2243,#2244,#2245,#2246,#2247,#2248,#2249,#2250,#2251,#2252,
    #2253,#2254,#2255,#2256,#2257,#2258),.UNSPECIFIED.,.F.,.F.,(7,5,5,5,
    5,5,5,5,5,5,5,5,5,5,5,5,5,5,5,5,5,5,5,5,5,5,5,5,5,5,5,5,5,5,5,5,5,5,
    5,5,5,5,5,5,5,5,5,5,7),(0.,3.826351396565E-02,7.527257716088E-02,
    0.11116708126,0.145854594848,0.179521410325,0.21199088691,
    0.243441846234,0.273714073756,0.302979429665,0.331167963268,
    0.358294565336,0.384308323298,0.409367842355,0.433361015256,
    0.4564397217,0.478506112799,0.494868082501,0.510695562464,
    0.526001665437,0.540799825243,0.555103730967,0.56892726238,
    0.582284427379,0.595145259812,0.607613429364,0.619657394525,
    0.631291112311,0.642528405298,0.653382921438,0.663868098307,
    0.673997131736,0.683749549345,0.693979406199,0.7038368863,
    0.713337192071,0.729989117485,0.752613768424,0.775178267052,
    0.797693167675,0.820101554541,0.845306889858,0.870474438178,
    0.895831742717,0.921381203343,0.940066283514,0.959206661476,
    0.979111487034,1.),.UNSPECIFIED.);
#2017 = CARTESIAN_POINT('',(733.8623808879,4.000546271357E-12));
#2018 = CARTESIAN_POINT('',(733.4477816488,6.423971027978E-03));
#2019 = CARTESIAN_POINT('',(733.03265960161,1.284848360549E-02));
#2020 = CARTESIAN_POINT('',(732.61701350041,1.927353797413E-02));
#2021 = CARTESIAN_POINT('',(732.20084209683,2.569913432766E-02));
#2022 = CARTESIAN_POINT('',(731.78414414007,3.212527281602E-02));
#2023 = CARTESIAN_POINT('',(730.96337115833,4.476793865842E-02));
#2024 = CARTESIAN_POINT('',(730.55933017431,5.098443103333E-02));
#2025 = CARTESIAN_POINT('',(730.15479429122,5.720143076025E-02));
#2026 = CARTESIAN_POINT('',(729.74976237434,6.341893787514E-02));
#2027 = CARTESIAN_POINT('',(729.34423328789,6.963695235981E-02));
#2028 = CARTESIAN_POINT('',(728.54440635883,8.188671990487E-02));
#2029 = CARTESIAN_POINT('',(728.15013807837,8.791844286624E-02));
#2030 = CARTESIAN_POINT('',(727.75540001633,9.395064296036E-02));
#2031 = CARTESIAN_POINT('',(727.36019113528,9.998332006154E-02));
#2032 = CARTESIAN_POINT('',(726.96451039771,0.106016473984));
#2033 = CARTESIAN_POINT('',(726.1855242173,0.117880847798));
#2034 = CARTESIAN_POINT('',(725.80225004318,0.123712036174));
#2035 = CARTESIAN_POINT('',(725.41853330705,0.129543669388));
#2036 = CARTESIAN_POINT('',(725.03437307319,0.135375747153));
#2037 = CARTESIAN_POINT('',(724.64976840673,0.141208269116));
#2038 = CARTESIAN_POINT('',(723.8909986377,0.152702562553));
#2039 = CARTESIAN_POINT('',(723.51685936013,0.15836430829));
#2040 = CARTESIAN_POINT('',(723.14229968678,0.164026471687));
#2041 = CARTESIAN_POINT('',(722.76731876534,0.169689052288));
#2042 = CARTESIAN_POINT('',(722.39191574527,0.175352049567));
#2043 = CARTESIAN_POINT('',(721.65362982195,0.186477460579));
#2044 = CARTESIAN_POINT('',(721.29077646783,0.191939845238));
#2045 = CARTESIAN_POINT('',(720.92752895398,0.19740261636));
#2046 = CARTESIAN_POINT('',(720.56388652164,0.202865773327));
#2047 = CARTESIAN_POINT('',(720.19984841474,0.20832931544));
#2048 = CARTESIAN_POINT('',(719.48241109276,0.219085773484));
#2049 = CARTESIAN_POINT('',(719.12903635866,0.224378665673));
#2050 = CARTESIAN_POINT('',(718.77528899286,0.229671917785));
#2051 = CARTESIAN_POINT('',(718.42116831426,0.234965529027));
#2052 = CARTESIAN_POINT('',(718.06667364543,0.240259498519));
#2053 = CARTESIAN_POINT('',(717.37023491646,0.250649729139));
#2054 = CARTESIAN_POINT('',(717.02831841411,0.255745963983));
#2055 = CARTESIAN_POINT('',(716.68605420466,0.26084252896));
#2056 = CARTESIAN_POINT('',(716.34344169175,0.265939423113));
#2057 = CARTESIAN_POINT('',(716.00048028359,0.271036645391));
#2058 = CARTESIAN_POINT('',(715.32527721893,0.281062196499));
#2059 = CARTESIAN_POINT('',(714.99305842428,0.285990503932));
#2060 = CARTESIAN_POINT('',(714.66051247828,0.290919115914));
#2061 = CARTESIAN_POINT('',(714.3276388558,0.295848031305));
#2062 = CARTESIAN_POINT('',(713.99443703721,0.300777248864));
#2063 = CARTESIAN_POINT('',(713.3396482757,0.310454903403));
#2064 = CARTESIAN_POINT('',(713.01808507813,0.315203318645));
#2065 = CARTESIAN_POINT('',(712.6962164562,0.319952011771));
#2066 = CARTESIAN_POINT('',(712.37404195686,0.324700981467));
#2067 = CARTESIAN_POINT('',(712.05156113349,0.329450226307));
#2068 = CARTESIAN_POINT('',(711.41814616228,0.338770337138));
#2069 = CARTESIAN_POINT('',(711.10723469277,0.343341182893));
#2070 = CARTESIAN_POINT('',(710.79603874502,0.347912280652));
#2071 = CARTESIAN_POINT('',(710.48455793401,0.352483628925));
#2072 = CARTESIAN_POINT('',(710.17279188206,0.357055226102));
#2073 = CARTESIAN_POINT('',(709.56149019047,0.366011359056));
#2074 = CARTESIAN_POINT('',(709.26197750465,0.370395874961));
#2075 = CARTESIAN_POINT('',(708.9622018347,0.37478061664));
#2076 = CARTESIAN_POINT('',(708.66216286212,0.379165582439));
#2077 = CARTESIAN_POINT('',(708.36186027653,0.383550770577));
#2078 = CARTESIAN_POINT('',(707.77175268112,0.392160721776));
#2079 = CARTESIAN_POINT('',(707.48196667875,0.396385468952));
#2080 = CARTESIAN_POINT('',(707.19193549837,0.400610418967));
#2081 = CARTESIAN_POINT('',(706.90165887885,0.404835569976));
#2082 = CARTESIAN_POINT('',(706.61113656816,0.409060919994));
#2083 = CARTESIAN_POINT('',(706.04197300568,0.417332206057));
#2084 = CARTESIAN_POINT('',(705.7633522395,0.421378125694));
#2085 = CARTESIAN_POINT('',(705.48450581159,0.425424223949));
#2086 = CARTESIAN_POINT('',(705.20543351857,0.429470498814));
#2087 = CARTESIAN_POINT('',(704.92613516691,0.433516948138));
#2088 = CARTESIAN_POINT('',(704.37773967061,0.441455959745));
#2089 = CARTESIAN_POINT('',(704.10865944388,0.445348509147));
#2090 = CARTESIAN_POINT('',(703.83936972922,0.449241215779));
#2091 = CARTESIAN_POINT('',(703.5698703739,0.453134077441));
#2092 = CARTESIAN_POINT('',(703.30016123603,0.457027091776));
#2093 = CARTESIAN_POINT('',(702.77216275661,0.464642652517));
#2094 = CARTESIAN_POINT('',(702.5138914271,0.46836518603));
#2095 = CARTESIAN_POINT('',(702.25542808131,0.47208785461));
#2096 = CARTESIAN_POINT('',(701.99677261608,0.475810655896));
#2097 = CARTESIAN_POINT('',(701.73792493976,0.479533587366));
#2098 = CARTESIAN_POINT('',(701.28680988021,0.486017250803));
#2099 = CARTESIAN_POINT('',(701.09462906591,0.48877792537));
#2100 = CARTESIAN_POINT('',(700.90234249677,0.491538668931));
#2101 = CARTESIAN_POINT('',(700.70995014454,0.494299480331));
#2102 = CARTESIAN_POINT('',(700.51745198525,0.49706035835));
#2103 = CARTESIAN_POINT('',(700.13853572848,0.50249205447));
#2104 = CARTESIAN_POINT('',(699.9521244323,0.505162868368));
#2105 = CARTESIAN_POINT('',(699.76561409286,0.507833742249));
#2106 = CARTESIAN_POINT('',(699.57900469685,0.510504674892));
#2107 = CARTESIAN_POINT('',(699.39229623542,0.513175665017));
#2108 = CARTESIAN_POINT('',(699.02483484683,0.518429769935));
#2109 = CARTESIAN_POINT('',(698.84408833936,0.521012881087));
#2110 = CARTESIAN_POINT('',(698.6632491779,0.52359604352));
#2111 = CARTESIAN_POINT('',(698.48231736318,0.526179255952));
#2112 = CARTESIAN_POINT('',(698.30129290065,0.528762517037));
#2113 = CARTESIAN_POINT('',(697.9450691912,0.533843404898));
#2114 = CARTESIAN_POINT('',(697.76987599099,0.536341028586));
#2115 = CARTESIAN_POINT('',(697.59459620895,0.538838695157));
#2116 = CARTESIAN_POINT('',(697.41922985911,0.541336403269));
#2117 = CARTESIAN_POINT('',(697.24377696037,0.543834151513));
#2118 = CARTESIAN_POINT('',(696.89856107659,0.548746299986));
#2119 = CARTESIAN_POINT('',(696.72880377511,0.551160697671));
#2120 = CARTESIAN_POINT('',(696.55896565354,0.553575130139));
#2121 = CARTESIAN_POINT('',(696.38904673843,0.555989595988));
#2122 = CARTESIAN_POINT('',(696.21904706137,0.558404093746));
#2123 = CARTESIAN_POINT('',(695.88459814114,0.563152061851));
#2124 = CARTESIAN_POINT('',(695.72015422924,0.565485530187));
#2125 = CARTESIAN_POINT('',(695.55563495642,0.567819025495));
#2126 = CARTESIAN_POINT('',(695.39104036102,0.570152546313));
#2127 = CARTESIAN_POINT('',(695.22637048659,0.572486091109));
#2128 = CARTESIAN_POINT('',(694.90243830598,0.577074497566));
#2129 = CARTESIAN_POINT('',(694.74318099053,0.579329357739));
#2130 = CARTESIAN_POINT('',(694.58385347963,0.581584237353));
#2131 = CARTESIAN_POINT('',(694.42445582271,0.583839134886));
#2132 = CARTESIAN_POINT('',(694.26498807461,0.586094048746));
#2133 = CARTESIAN_POINT('',(693.95184070531,0.590520115967));
#2134 = CARTESIAN_POINT('',(693.79816619216,0.592691268255));
#2135 = CARTESIAN_POINT('',(693.6444268099,0.594862432644));
#2136 = CARTESIAN_POINT('',(693.49062261781,0.597033607571));
#2137 = CARTESIAN_POINT('',(693.33675368062,0.599204791402));
#2138 = CARTESIAN_POINT('',(693.03358630909,0.603480883332));
#2139 = CARTESIAN_POINT('',(692.88429176398,0.605585790995));
#2140 = CARTESIAN_POINT('',(692.73493649726,0.607690703858));
#2141 = CARTESIAN_POINT('',(692.58552057864,0.609795620287));
#2142 = CARTESIAN_POINT('',(692.43604408354,0.611900538571));
#2143 = CARTESIAN_POINT('',(692.14205779799,0.616038759656));
#2144 = CARTESIAN_POINT('',(691.99755205426,0.61807206245));
#2145 = CARTESIAN_POINT('',(691.85298993504,0.62010536369));
#2146 = CARTESIAN_POINT('',(691.70837151931,0.622138661686));
#2147 = CARTESIAN_POINT('',(691.56369689193,0.624171954668));
#2148 = CARTESIAN_POINT('',(691.27916528414,0.628169268133));
#2149 = CARTESIAN_POINT('',(691.13931206212,0.630133289071));
#2150 = CARTESIAN_POINT('',(690.99940655931,0.632097301938));
#2151 = CARTESIAN_POINT('',(690.85944886342,0.634061304989));
#2152 = CARTESIAN_POINT('',(690.71943906818,0.636025296399));
#2153 = CARTESIAN_POINT('',(690.44408815476,0.639886328586));
#2154 = CARTESIAN_POINT('',(690.30875052029,0.641783370267));
#2155 = CARTESIAN_POINT('',(690.17336445978,0.643680397587));
#2156 = CARTESIAN_POINT('',(690.0379300692,0.645577408747));
#2157 = CARTESIAN_POINT('',(689.90244745064,0.647474401864));
#2158 = CARTESIAN_POINT('',(689.63600256879,0.651203731337));
#2159 = CARTESIAN_POINT('',(689.50504352817,0.653036069029));
#2160 = CARTESIAN_POINT('',(689.37403968794,0.654868386283));
#2161 = CARTESIAN_POINT('',(689.24299115184,0.656700681248));
#2162 = CARTESIAN_POINT('',(689.11189802983,0.658532951989));
#2163 = CARTESIAN_POINT('',(688.85408497642,0.662135096444));
#2164 = CARTESIAN_POINT('',(688.7273680201,0.66390497191));
#2165 = CARTESIAN_POINT('',(688.60060967387,0.665674821067));
#2166 = CARTESIAN_POINT('',(688.47381004877,0.667444642011));
#2167 = CARTESIAN_POINT('',(688.3469692622,0.669214432755));
#2168 = CARTESIAN_POINT('',(688.09751532907,0.672693837421));
#2169 = CARTESIAN_POINT('',(687.97490492326,0.674403453495));
#2170 = CARTESIAN_POINT('',(687.85225633196,0.67611303758));
#2171 = CARTESIAN_POINT('',(687.72956967314,0.677822587723));
#2172 = CARTESIAN_POINT('',(687.60684507118,0.679532101886));
#2173 = CARTESIAN_POINT('',(687.36588477167,0.682887492584));
#2174 = CARTESIAN_POINT('',(687.24765183398,0.684533371897));
#2175 = CARTESIAN_POINT('',(687.12938396059,0.686179213986));
#2176 = CARTESIAN_POINT('',(687.01108127465,0.687825016871));
#2177 = CARTESIAN_POINT('',(686.89274390577,0.689470778484));
#2178 = CARTESIAN_POINT('',(686.65020506003,0.692842782624));
#2179 = CARTESIAN_POINT('',(686.52600011818,0.69456902079));
#2180 = CARTESIAN_POINT('',(686.40175732133,0.69629520869));
#2181 = CARTESIAN_POINT('',(686.27747683547,0.69802134372));
#2182 = CARTESIAN_POINT('',(686.15315883566,0.699747423156));
#2183 = CARTESIAN_POINT('',(685.90897483156,0.703136636308));
#2184 = CARTESIAN_POINT('',(685.7891114959,0.704799774195));
#2185 = CARTESIAN_POINT('',(685.66921366383,0.706462855271));
#2186 = CARTESIAN_POINT('',(685.54928150927,0.70812587687));
#2187 = CARTESIAN_POINT('',(685.42931521531,0.709788836204));
#2188 = CARTESIAN_POINT('',(685.19366280239,0.713054371487));
#2189 = CARTESIAN_POINT('',(685.07797909935,0.714656952067));
#2190 = CARTESIAN_POINT('',(684.96226403723,0.716259469501));
#2191 = CARTESIAN_POINT('',(684.8465177974,0.717861921061));
#2192 = CARTESIAN_POINT('',(684.73074057049,0.719464303897));
#2193 = CARTESIAN_POINT('',(684.41194683578,0.723875110492));
#2194 = CARTESIAN_POINT('',(684.20886653459,0.726683385619));
#2195 = CARTESIAN_POINT('',(684.00569272285,0.729491424494));
#2196 = CARTESIAN_POINT('',(683.80242657905,0.732299209762));
#2197 = CARTESIAN_POINT('',(683.59906939015,0.73510672263));
#2198 = CARTESIAN_POINT('',(683.11920324321,0.741728059052));
#2199 = CARTESIAN_POINT('',(682.84261846881,0.745541634653));
#2200 = CARTESIAN_POINT('',(682.56587171509,0.749354619148));
#2201 = CARTESIAN_POINT('',(682.28896695332,0.753166955565));
#2202 = CARTESIAN_POINT('',(682.01190867554,0.756978580054));
#2203 = CARTESIAN_POINT('',(681.45823219742,0.764590130951));
#2204 = CARTESIAN_POINT('',(681.18161483737,0.768390060803));
#2205 = CARTESIAN_POINT('',(680.90485484342,0.772189140646));
#2206 = CARTESIAN_POINT('',(680.62795792927,0.775987290542));
#2207 = CARTESIAN_POINT('',(680.35093058468,0.779784420324));
#2208 = CARTESIAN_POINT('',(679.79723886822,0.787368093712));
#2209 = CARTESIAN_POINT('',(679.5205751207,0.791154641096));
#2210 = CARTESIAN_POINT('',(679.24379613315,0.794939971078));
#2211 = CARTESIAN_POINT('',(678.96691024856,0.798723969102));
#2212 = CARTESIAN_POINT('',(678.68992699311,0.802506505043));
#2213 = CARTESIAN_POINT('',(678.13709809519,0.810050472469));
#2214 = CARTESIAN_POINT('',(677.86125340691,0.81381191727));
#2215 = CARTESIAN_POINT('',(677.58533369215,0.817571622591));
#2216 = CARTESIAN_POINT('',(677.30935123808,0.821329422053));
#2217 = CARTESIAN_POINT('',(677.03332015555,0.825085125315));
#2218 = CARTESIAN_POINT('',(676.44673542057,0.833060394862));
#2219 = CARTESIAN_POINT('',(676.13617350824,0.837279342841));
#2220 = CARTESIAN_POINT('',(675.82559339299,0.841495056599));
#2221 = CARTESIAN_POINT('',(675.51502213605,0.845707173556));
#2222 = CARTESIAN_POINT('',(675.204491629,0.849915267782));
#2223 = CARTESIAN_POINT('',(674.58405175491,0.858316121151));
#2224 = CARTESIAN_POINT('',(674.2741429351,0.862508883255));
#2225 = CARTESIAN_POINT('',(673.96434912416,0.866696644729));
#2226 = CARTESIAN_POINT('',(673.65471465533,0.870878816556));
#2227 = CARTESIAN_POINT('',(673.34529222224,0.875054700304));
#2228 = CARTESIAN_POINT('',(672.72466389928,0.883423692626));
#2229 = CARTESIAN_POINT('',(672.41346366369,0.887616673303));
#2230 = CARTESIAN_POINT('',(672.10260516581,0.891801598836));
#2231 = CARTESIAN_POINT('',(671.79216501608,0.895977457675));
#2232 = CARTESIAN_POINT('',(671.48223502174,0.900143039873));
#2233 = CARTESIAN_POINT('',(670.86126730791,0.908482290579));
#2234 = CARTESIAN_POINT('',(670.55024188859,0.912655742261));
#2235 = CARTESIAN_POINT('',(670.23995589674,0.916815848752));
#2236 = CARTESIAN_POINT('',(669.93054468176,0.920960831681));
#2237 = CARTESIAN_POINT('',(669.62217079519,0.925088558673));
#2238 = CARTESIAN_POINT('',(669.09039990604,0.932200820476));
#2239 = CARTESIAN_POINT('',(668.86643333484,0.935194520693));
#2240 = CARTESIAN_POINT('',(668.6432001223,0.938176654542));
#2241 = CARTESIAN_POINT('',(668.42078716135,0.941146085218));
#2242 = CARTESIAN_POINT('',(668.19929304089,0.944101524333));
#2243 = CARTESIAN_POINT('',(667.75299055011,0.950053186438));
#2244 = CARTESIAN_POINT('',(667.52823428026,0.95304863047));
#2245 = CARTESIAN_POINT('',(667.30467695477,0.956026329275));
#2246 = CARTESIAN_POINT('',(667.08245393128,0.958984517899));
#2247 = CARTESIAN_POINT('',(666.86171644704,0.961921226845));
#2248 = CARTESIAN_POINT('',(666.41479362329,0.96786372612));
#2249 = CARTESIAN_POINT('',(666.1887439276,0.970867576136));
#2250 = CARTESIAN_POINT('',(665.96466761784,0.973843427806));
#2251 = CARTESIAN_POINT('',(665.7427720861,0.97678858798));
#2252 = CARTESIAN_POINT('',(665.52328176826,0.979700147536));
#2253 = CARTESIAN_POINT('',(665.07886486397,0.985592065331));
#2254 = CARTESIAN_POINT('',(664.85420474849,0.988568725104));
#2255 = CARTESIAN_POINT('',(664.63272553732,0.991501499326));
#2256 = CARTESIAN_POINT('',(664.41471185715,0.994386715661));
#2257 = CARTESIAN_POINT('',(664.20044805806,0.997220716798));
#2258 = CARTESIAN_POINT('',(663.99020755999,1.));
#2259 = ( GEOMETRIC_REPRESENTATION_CONTEXT(2) 
PARAMETRIC_REPRESENTATION_CONTEXT() REPRESENTATION_CONTEXT('2D SPACE',''
  ) );
#2260 = ORIENTED_EDGE('',*,*,#2261,.F.);
#2261 = EDGE_CURVE('',#647,#1517,#2262,.T.);
#2262 = SURFACE_CURVE('',#2263,(#2266,#2272),.PCURVE_S1.);
#2263 = B_SPLINE_CURVE_WITH_KNOTS('',1,(#2264,#2265),.UNSPECIFIED.,.F.,
  .F.,(2,2),(0.,1.),.PIECEWISE_BEZIER_KNOTS.);
#2264 = CARTESIAN_POINT('',(7.88E+03,-90.66666666666,752.66666666666));
#2265 = CARTESIAN_POINT('',(7.88E+03,90.666666666667,752.66666666666));
#2266 = PCURVE('',#413,#2267);
#2267 = DEFINITIONAL_REPRESENTATION('',(#2268),#2271);
#2268 = B_SPLINE_CURVE_WITH_KNOTS('',1,(#2269,#2270),.UNSPECIFIED.,.F.,
  .F.,(2,2),(0.,1.),.PIECEWISE_BEZIER_KNOTS.);
#2269 = CARTESIAN_POINT('',(1.6E+03,0.933333333333));
#2270 = CARTESIAN_POINT('',(0.,0.933333333333));
#2271 = ( GEOMETRIC_REPRESENTATION_CONTEXT(2) 
PARAMETRIC_REPRESENTATION_CONTEXT() REPRESENTATION_CONTEXT('2D SPACE',''
  ) );
#2272 = PCURVE('',#2273,#2278);
#2273 = PLANE('',#2274);
#2274 = AXIS2_PLACEMENT_3D('',#2275,#2276,#2277);
#2275 = CARTESIAN_POINT('',(7.88E+03,-20.33333333333,230.33333333333));
#2276 = DIRECTION('',(1.,0.,-0.));
#2277 = DIRECTION('',(0.,0.145092819786,0.989418047969));
#2278 = DEFINITIONAL_REPRESENTATION('',(#2279),#2282);
#2279 = B_SPLINE_CURVE_WITH_KNOTS('',1,(#2280,#2281),.UNSPECIFIED.,.F.,
  .F.,(2,2),(0.,1.),.PIECEWISE_BEZIER_KNOTS.);
#2280 = CARTESIAN_POINT('',(506.60116539742,145.37588557549));
#2281 = CARTESIAN_POINT('',(532.91133005199,-34.03858712285));
#2282 = ( GEOMETRIC_REPRESENTATION_CONTEXT(2) 
PARAMETRIC_REPRESENTATION_CONTEXT() REPRESENTATION_CONTEXT('2D SPACE',''
  ) );
#2283 = ADVANCED_FACE('',(#2284),#491,.T.);
#2284 = FACE_BOUND('',#2285,.T.);
#2285 = EDGE_LOOP('',(#2286,#2309,#2310,#2332));
#2286 = ORIENTED_EDGE('',*,*,#2287,.F.);
#2287 = EDGE_CURVE('',#451,#2288,#2290,.T.);
#2288 = VERTEX_POINT('',#2289);
#2289 = CARTESIAN_POINT('',(40.,-386.030120149,25.));
#2290 = SURFACE_CURVE('',#2291,(#2295,#2302),.PCURVE_S1.);
#2291 = LINE('',#2292,#2293);
#2292 = CARTESIAN_POINT('',(40.,-832.1839663029,750.));
#2293 = VECTOR('',#2294,1.);
#2294 = DIRECTION('',(0.,0.524097425664,-0.851658316705));
#2295 = PCURVE('',#491,#2296);
#2296 = DEFINITIONAL_REPRESENTATION('',(#2297),#2301);
#2297 = LINE('',#2298,#2299);
#2298 = CARTESIAN_POINT('',(0.,0.));
#2299 = VECTOR('',#2300,1.);
#2300 = DIRECTION('',(1.,0.));
#2301 = ( GEOMETRIC_REPRESENTATION_CONTEXT(2) 
PARAMETRIC_REPRESENTATION_CONTEXT() REPRESENTATION_CONTEXT('2D SPACE',''
  ) );
#2302 = PCURVE('',#465,#2303);
#2303 = DEFINITIONAL_REPRESENTATION('',(#2304),#2308);
#2304 = LINE('',#2305,#2306);
#2305 = CARTESIAN_POINT('',(284.35010722545,832.18396630293));
#2306 = VECTOR('',#2307,1.);
#2307 = DIRECTION('',(-0.851658316705,-0.524097425664));
#2308 = ( GEOMETRIC_REPRESENTATION_CONTEXT(2) 
PARAMETRIC_REPRESENTATION_CONTEXT() REPRESENTATION_CONTEXT('2D SPACE',''
  ) );
#2309 = ORIENTED_EDGE('',*,*,#476,.T.);
#2310 = ORIENTED_EDGE('',*,*,#2311,.T.);
#2311 = EDGE_CURVE('',#477,#2312,#2314,.T.);
#2312 = VERTEX_POINT('',#2313);
#2313 = CARTESIAN_POINT('',(6.2E+03,-386.030120149,25.));
#2314 = SURFACE_CURVE('',#2315,(#2319,#2326),.PCURVE_S1.);
#2315 = LINE('',#2316,#2317);
#2316 = CARTESIAN_POINT('',(6.2E+03,-832.1839663029,750.));
#2317 = VECTOR('',#2318,1.);
#2318 = DIRECTION('',(0.,0.524097425664,-0.851658316705));
#2319 = PCURVE('',#491,#2320);
#2320 = DEFINITIONAL_REPRESENTATION('',(#2321),#2325);
#2321 = LINE('',#2322,#2323);
#2322 = CARTESIAN_POINT('',(0.,-6.16E+03));
#2323 = VECTOR('',#2324,1.);
#2324 = DIRECTION('',(1.,0.));
#2325 = ( GEOMETRIC_REPRESENTATION_CONTEXT(2) 
PARAMETRIC_REPRESENTATION_CONTEXT() REPRESENTATION_CONTEXT('2D SPACE',''
  ) );
#2326 = PCURVE('',#1220,#2327);
#2327 = DEFINITIONAL_REPRESENTATION('',(#2328),#2331);
#2328 = B_SPLINE_CURVE_WITH_KNOTS('',1,(#2329,#2330),.UNSPECIFIED.,.F.,
  .F.,(2,2),(0.,851.28036183026),.PIECEWISE_BEZIER_KNOTS.);
#2329 = CARTESIAN_POINT('',(0.,0.));
#2330 = CARTESIAN_POINT('',(851.28036183026,0.));
#2331 = ( GEOMETRIC_REPRESENTATION_CONTEXT(2) 
PARAMETRIC_REPRESENTATION_CONTEXT() REPRESENTATION_CONTEXT('2D SPACE',''
  ) );
#2332 = ORIENTED_EDGE('',*,*,#2333,.F.);
#2333 = EDGE_CURVE('',#2288,#2312,#2334,.T.);
#2334 = SURFACE_CURVE('',#2335,(#2339,#2346),.PCURVE_S1.);
#2335 = LINE('',#2336,#2337);
#2336 = CARTESIAN_POINT('',(40.,-386.030120149,25.));
#2337 = VECTOR('',#2338,1.);
#2338 = DIRECTION('',(1.,0.,0.));
#2339 = PCURVE('',#491,#2340);
#2340 = DEFINITIONAL_REPRESENTATION('',(#2341),#2345);
#2341 = LINE('',#2342,#2343);
#2342 = CARTESIAN_POINT('',(851.28036183026,0.));
#2343 = VECTOR('',#2344,1.);
#2344 = DIRECTION('',(0.,-1.));
#2345 = ( GEOMETRIC_REPRESENTATION_CONTEXT(2) 
PARAMETRIC_REPRESENTATION_CONTEXT() REPRESENTATION_CONTEXT('2D SPACE',''
  ) );
#2346 = PCURVE('',#2347,#2352);
#2347 = PLANE('',#2348);
#2348 = AXIS2_PLACEMENT_3D('',#2349,#2350,#2351);
#2349 = CARTESIAN_POINT('',(40.,-386.030120149,25.));
#2350 = DIRECTION('',(0.,0.,1.));
#2351 = DIRECTION('',(0.,1.,0.));
#2352 = DEFINITIONAL_REPRESENTATION('',(#2353),#2357);
#2353 = LINE('',#2354,#2355);
#2354 = CARTESIAN_POINT('',(0.,0.));
#2355 = VECTOR('',#2356,1.);
#2356 = DIRECTION('',(0.,-1.));
#2357 = ( GEOMETRIC_REPRESENTATION_CONTEXT(2) 
PARAMETRIC_REPRESENTATION_CONTEXT() REPRESENTATION_CONTEXT('2D SPACE',''
  ) );
#2358 = ADVANCED_FACE('',(#2359),#465,.T.);
#2359 = FACE_BOUND('',#2360,.T.);
#2360 = EDGE_LOOP('',(#2361,#2362,#2385,#2406));
#2361 = ORIENTED_EDGE('',*,*,#2287,.T.);
#2362 = ORIENTED_EDGE('',*,*,#2363,.T.);
#2363 = EDGE_CURVE('',#2288,#2364,#2366,.T.);
#2364 = VERTEX_POINT('',#2365);
#2365 = CARTESIAN_POINT('',(40.,386.03012014908,25.));
#2366 = SURFACE_CURVE('',#2367,(#2371,#2378),.PCURVE_S1.);
#2367 = LINE('',#2368,#2369);
#2368 = CARTESIAN_POINT('',(40.,-386.030120149,25.));
#2369 = VECTOR('',#2370,1.);
#2370 = DIRECTION('',(0.,1.,0.));
#2371 = PCURVE('',#465,#2372);
#2372 = DEFINITIONAL_REPRESENTATION('',(#2373),#2377);
#2373 = LINE('',#2374,#2375);
#2374 = CARTESIAN_POINT('',(-440.6498927745,386.03012014908));
#2375 = VECTOR('',#2376,1.);
#2376 = DIRECTION('',(0.,-1.));
#2377 = ( GEOMETRIC_REPRESENTATION_CONTEXT(2) 
PARAMETRIC_REPRESENTATION_CONTEXT() REPRESENTATION_CONTEXT('2D SPACE',''
  ) );
#2378 = PCURVE('',#2347,#2379);
#2379 = DEFINITIONAL_REPRESENTATION('',(#2380),#2384);
#2380 = LINE('',#2381,#2382);
#2381 = CARTESIAN_POINT('',(0.,0.));
#2382 = VECTOR('',#2383,1.);
#2383 = DIRECTION('',(1.,0.));
#2384 = ( GEOMETRIC_REPRESENTATION_CONTEXT(2) 
PARAMETRIC_REPRESENTATION_CONTEXT() REPRESENTATION_CONTEXT('2D SPACE',''
  ) );
#2385 = ORIENTED_EDGE('',*,*,#2386,.T.);
#2386 = EDGE_CURVE('',#2364,#425,#2387,.T.);
#2387 = SURFACE_CURVE('',#2388,(#2392,#2399),.PCURVE_S1.);
#2388 = LINE('',#2389,#2390);
#2389 = CARTESIAN_POINT('',(40.,386.03012014908,25.));
#2390 = VECTOR('',#2391,1.);
#2391 = DIRECTION('',(0.,0.524097425664,0.851658316705));
#2392 = PCURVE('',#465,#2393);
#2393 = DEFINITIONAL_REPRESENTATION('',(#2394),#2398);
#2394 = LINE('',#2395,#2396);
#2395 = CARTESIAN_POINT('',(-440.6498927745,-386.030120149));
#2396 = VECTOR('',#2397,1.);
#2397 = DIRECTION('',(0.851658316705,-0.524097425664));
#2398 = ( GEOMETRIC_REPRESENTATION_CONTEXT(2) 
PARAMETRIC_REPRESENTATION_CONTEXT() REPRESENTATION_CONTEXT('2D SPACE',''
  ) );
#2399 = PCURVE('',#439,#2400);
#2400 = DEFINITIONAL_REPRESENTATION('',(#2401),#2405);
#2401 = LINE('',#2402,#2403);
#2402 = CARTESIAN_POINT('',(0.,0.));
#2403 = VECTOR('',#2404,1.);
#2404 = DIRECTION('',(1.,0.));
#2405 = ( GEOMETRIC_REPRESENTATION_CONTEXT(2) 
PARAMETRIC_REPRESENTATION_CONTEXT() REPRESENTATION_CONTEXT('2D SPACE',''
  ) );
#2406 = ORIENTED_EDGE('',*,*,#450,.T.);
#2407 = ADVANCED_FACE('',(#2408),#439,.T.);
#2408 = FACE_BOUND('',#2409,.T.);
#2409 = EDGE_LOOP('',(#2410,#2411,#2434,#2454));
#2410 = ORIENTED_EDGE('',*,*,#2386,.F.);
#2411 = ORIENTED_EDGE('',*,*,#2412,.T.);
#2412 = EDGE_CURVE('',#2364,#2413,#2415,.T.);
#2413 = VERTEX_POINT('',#2414);
#2414 = CARTESIAN_POINT('',(6.2E+03,386.03012014908,25.));
#2415 = SURFACE_CURVE('',#2416,(#2420,#2427),.PCURVE_S1.);
#2416 = LINE('',#2417,#2418);
#2417 = CARTESIAN_POINT('',(40.,386.03012014908,25.));
#2418 = VECTOR('',#2419,1.);
#2419 = DIRECTION('',(1.,0.,0.));
#2420 = PCURVE('',#439,#2421);
#2421 = DEFINITIONAL_REPRESENTATION('',(#2422),#2426);
#2422 = LINE('',#2423,#2424);
#2423 = CARTESIAN_POINT('',(0.,0.));
#2424 = VECTOR('',#2425,1.);
#2425 = DIRECTION('',(0.,-1.));
#2426 = ( GEOMETRIC_REPRESENTATION_CONTEXT(2) 
PARAMETRIC_REPRESENTATION_CONTEXT() REPRESENTATION_CONTEXT('2D SPACE',''
  ) );
#2427 = PCURVE('',#2347,#2428);
#2428 = DEFINITIONAL_REPRESENTATION('',(#2429),#2433);
#2429 = LINE('',#2430,#2431);
#2430 = CARTESIAN_POINT('',(772.06024029817,0.));
#2431 = VECTOR('',#2432,1.);
#2432 = DIRECTION('',(0.,-1.));
#2433 = ( GEOMETRIC_REPRESENTATION_CONTEXT(2) 
PARAMETRIC_REPRESENTATION_CONTEXT() REPRESENTATION_CONTEXT('2D SPACE',''
  ) );
#2434 = ORIENTED_EDGE('',*,*,#2435,.T.);
#2435 = EDGE_CURVE('',#2413,#398,#2436,.T.);
#2436 = SURFACE_CURVE('',#2437,(#2441,#2448),.PCURVE_S1.);
#2437 = LINE('',#2438,#2439);
#2438 = CARTESIAN_POINT('',(6.2E+03,386.03012014908,25.));
#2439 = VECTOR('',#2440,1.);
#2440 = DIRECTION('',(0.,0.524097425664,0.851658316705));
#2441 = PCURVE('',#439,#2442);
#2442 = DEFINITIONAL_REPRESENTATION('',(#2443),#2447);
#2443 = LINE('',#2444,#2445);
#2444 = CARTESIAN_POINT('',(0.,-6.16E+03));
#2445 = VECTOR('',#2446,1.);
#2446 = DIRECTION('',(1.,0.));
#2447 = ( GEOMETRIC_REPRESENTATION_CONTEXT(2) 
PARAMETRIC_REPRESENTATION_CONTEXT() REPRESENTATION_CONTEXT('2D SPACE',''
  ) );
#2448 = PCURVE('',#2010,#2449);
#2449 = DEFINITIONAL_REPRESENTATION('',(#2450),#2453);
#2450 = B_SPLINE_CURVE_WITH_KNOTS('',1,(#2451,#2452),.UNSPECIFIED.,.F.,
  .F.,(2,2),(0.,851.28036183026),.PIECEWISE_BEZIER_KNOTS.);
#2451 = CARTESIAN_POINT('',(0.,0.));
#2452 = CARTESIAN_POINT('',(851.28036183026,0.));
#2453 = ( GEOMETRIC_REPRESENTATION_CONTEXT(2) 
PARAMETRIC_REPRESENTATION_CONTEXT() REPRESENTATION_CONTEXT('2D SPACE',''
  ) );
#2454 = ORIENTED_EDGE('',*,*,#424,.T.);
#2455 = ADVANCED_FACE('',(#2456),#1220,.F.);
#2456 = FACE_BOUND('',#2457,.F.);
#2457 = EDGE_LOOP('',(#2458,#2459,#2460,#2487));
#2458 = ORIENTED_EDGE('',*,*,#646,.T.);
#2459 = ORIENTED_EDGE('',*,*,#2311,.T.);
#2460 = ORIENTED_EDGE('',*,*,#2461,.T.);
#2461 = EDGE_CURVE('',#2312,#2462,#2464,.T.);
#2462 = VERTEX_POINT('',#2463);
#2463 = CARTESIAN_POINT('',(7.88E+03,-20.33333333333,230.33333333333));
#2464 = SURFACE_CURVE('',#2465,(#2468,#2475),.PCURVE_S1.);
#2465 = B_SPLINE_CURVE_WITH_KNOTS('',1,(#2466,#2467),.UNSPECIFIED.,.F.,
  .F.,(2,2),(0.,1.),.PIECEWISE_BEZIER_KNOTS.);
#2466 = CARTESIAN_POINT('',(6.2E+03,-386.030120149,25.));
#2467 = CARTESIAN_POINT('',(7.88E+03,-20.33333333333,230.33333333333));
#2468 = PCURVE('',#1220,#2469);
#2469 = DEFINITIONAL_REPRESENTATION('',(#2470),#2474);
#2470 = LINE('',#2471,#2472);
#2471 = CARTESIAN_POINT('',(851.28036183026,0.));
#2472 = VECTOR('',#2473,1.);
#2473 = DIRECTION('',(0.,1.));
#2474 = ( GEOMETRIC_REPRESENTATION_CONTEXT(2) 
PARAMETRIC_REPRESENTATION_CONTEXT() REPRESENTATION_CONTEXT('2D SPACE',''
  ) );
#2475 = PCURVE('',#2476,#2481);
#2476 = B_SPLINE_SURFACE_WITH_KNOTS('',1,1,(
    (#2477,#2478)
    ,(#2479,#2480
    )),.UNSPECIFIED.,.F.,.F.,.F.,(2,2),(2,2),(0.,772.06024029817),(0.,1.
    ),.PIECEWISE_BEZIER_KNOTS.);
#2477 = CARTESIAN_POINT('',(6.2E+03,-386.030120149,25.));
#2478 = CARTESIAN_POINT('',(7.88E+03,-20.33333333333,230.33333333333));
#2479 = CARTESIAN_POINT('',(6.2E+03,386.03012014908,25.));
#2480 = CARTESIAN_POINT('',(7.88E+03,20.333333333333,230.33333333333));
#2481 = DEFINITIONAL_REPRESENTATION('',(#2482),#2486);
#2482 = LINE('',#2483,#2484);
#2483 = CARTESIAN_POINT('',(0.,0.));
#2484 = VECTOR('',#2485,1.);
#2485 = DIRECTION('',(0.,1.));
#2486 = ( GEOMETRIC_REPRESENTATION_CONTEXT(2) 
PARAMETRIC_REPRESENTATION_CONTEXT() REPRESENTATION_CONTEXT('2D SPACE',''
  ) );
#2487 = ORIENTED_EDGE('',*,*,#2488,.F.);
#2488 = EDGE_CURVE('',#647,#2462,#2489,.T.);
#2489 = SURFACE_CURVE('',#2490,(#2494,#2500),.PCURVE_S1.);
#2490 = LINE('',#2491,#2492);
#2491 = CARTESIAN_POINT('',(7.88E+03,-77.86967113276,900.));
#2492 = VECTOR('',#2493,1.);
#2493 = DIRECTION('',(0.,8.560250343054E-02,-0.996329368937));
#2494 = PCURVE('',#1220,#2495);
#2495 = DEFINITIONAL_REPRESENTATION('',(#2496),#2499);
#2496 = B_SPLINE_CURVE_WITH_KNOTS('',1,(#2497,#2498),.UNSPECIFIED.,.F.,
  .F.,(2,2),(0.,672.133821952),.PIECEWISE_BEZIER_KNOTS.);
#2497 = CARTESIAN_POINT('',(0.,1.));
#2498 = CARTESIAN_POINT('',(851.28036183026,1.));
#2499 = ( GEOMETRIC_REPRESENTATION_CONTEXT(2) 
PARAMETRIC_REPRESENTATION_CONTEXT() REPRESENTATION_CONTEXT('2D SPACE',''
  ) );
#2500 = PCURVE('',#2273,#2501);
#2501 = DEFINITIONAL_REPRESENTATION('',(#2502),#2506);
#2502 = LINE('',#2503,#2504);
#2503 = CARTESIAN_POINT('',(654.23217663164,154.09131601631));
#2504 = VECTOR('',#2505,1.);
#2505 = DIRECTION('',(-0.973365950744,-0.22925689942));
#2506 = ( GEOMETRIC_REPRESENTATION_CONTEXT(2) 
PARAMETRIC_REPRESENTATION_CONTEXT() REPRESENTATION_CONTEXT('2D SPACE',''
  ) );
#2507 = ADVANCED_FACE('',(#2508),#2273,.F.);
#2508 = FACE_BOUND('',#2509,.F.);
#2509 = EDGE_LOOP('',(#2510,#2511,#2533,#2553));
#2510 = ORIENTED_EDGE('',*,*,#2488,.T.);
#2511 = ORIENTED_EDGE('',*,*,#2512,.T.);
#2512 = EDGE_CURVE('',#2462,#2513,#2515,.T.);
#2513 = VERTEX_POINT('',#2514);
#2514 = CARTESIAN_POINT('',(7.88E+03,20.333333333333,230.33333333333));
#2515 = SURFACE_CURVE('',#2516,(#2520,#2527),.PCURVE_S1.);
#2516 = LINE('',#2517,#2518);
#2517 = CARTESIAN_POINT('',(7.88E+03,-20.33333333333,230.33333333333));
#2518 = VECTOR('',#2519,1.);
#2519 = DIRECTION('',(0.,1.,0.));
#2520 = PCURVE('',#2273,#2521);
#2521 = DEFINITIONAL_REPRESENTATION('',(#2522),#2526);
#2522 = LINE('',#2523,#2524);
#2523 = CARTESIAN_POINT('',(0.,0.));
#2524 = VECTOR('',#2525,1.);
#2525 = DIRECTION('',(0.145092819786,-0.989418047969));
#2526 = ( GEOMETRIC_REPRESENTATION_CONTEXT(2) 
PARAMETRIC_REPRESENTATION_CONTEXT() REPRESENTATION_CONTEXT('2D SPACE',''
  ) );
#2527 = PCURVE('',#2476,#2528);
#2528 = DEFINITIONAL_REPRESENTATION('',(#2529),#2532);
#2529 = B_SPLINE_CURVE_WITH_KNOTS('',1,(#2530,#2531),.UNSPECIFIED.,.F.,
  .F.,(2,2),(0.,40.666666666667),.PIECEWISE_BEZIER_KNOTS.);
#2530 = CARTESIAN_POINT('',(0.,1.));
#2531 = CARTESIAN_POINT('',(772.06024029817,1.));
#2532 = ( GEOMETRIC_REPRESENTATION_CONTEXT(2) 
PARAMETRIC_REPRESENTATION_CONTEXT() REPRESENTATION_CONTEXT('2D SPACE',''
  ) );
#2533 = ORIENTED_EDGE('',*,*,#2534,.T.);
#2534 = EDGE_CURVE('',#2513,#1517,#2535,.T.);
#2535 = SURFACE_CURVE('',#2536,(#2540,#2547),.PCURVE_S1.);
#2536 = LINE('',#2537,#2538);
#2537 = CARTESIAN_POINT('',(7.88E+03,20.333333333333,230.33333333333));
#2538 = VECTOR('',#2539,1.);
#2539 = DIRECTION('',(0.,8.560250343054E-02,0.996329368937));
#2540 = PCURVE('',#2273,#2541);
#2541 = DEFINITIONAL_REPRESENTATION('',(#2542),#2546);
#2542 = LINE('',#2543,#2544);
#2543 = CARTESIAN_POINT('',(5.900441337974,-40.23633395073));
#2544 = VECTOR('',#2545,1.);
#2545 = DIRECTION('',(0.998206567951,5.986357572943E-02));
#2546 = ( GEOMETRIC_REPRESENTATION_CONTEXT(2) 
PARAMETRIC_REPRESENTATION_CONTEXT() REPRESENTATION_CONTEXT('2D SPACE',''
  ) );
#2547 = PCURVE('',#2010,#2548);
#2548 = DEFINITIONAL_REPRESENTATION('',(#2549),#2552);
#2549 = B_SPLINE_CURVE_WITH_KNOTS('',1,(#2550,#2551),.UNSPECIFIED.,.F.,
  .F.,(2,2),(0.,672.133821952),.PIECEWISE_BEZIER_KNOTS.);
#2550 = CARTESIAN_POINT('',(0.,1.));
#2551 = CARTESIAN_POINT('',(851.28036183026,1.));
#2552 = ( GEOMETRIC_REPRESENTATION_CONTEXT(2) 
PARAMETRIC_REPRESENTATION_CONTEXT() REPRESENTATION_CONTEXT('2D SPACE',''
  ) );
#2553 = ORIENTED_EDGE('',*,*,#2261,.F.);
#2554 = ADVANCED_FACE('',(#2555),#2010,.F.);
#2555 = FACE_BOUND('',#2556,.F.);
#2556 = EDGE_LOOP('',(#2557,#2577,#2578,#2579));
#2557 = ORIENTED_EDGE('',*,*,#2558,.F.);
#2558 = EDGE_CURVE('',#2413,#2513,#2559,.T.);
#2559 = SURFACE_CURVE('',#2560,(#2563,#2570),.PCURVE_S1.);
#2560 = B_SPLINE_CURVE_WITH_KNOTS('',1,(#2561,#2562),.UNSPECIFIED.,.F.,
  .F.,(2,2),(0.,1.),.PIECEWISE_BEZIER_KNOTS.);
#2561 = CARTESIAN_POINT('',(6.2E+03,386.03012014908,25.));
#2562 = CARTESIAN_POINT('',(7.88E+03,20.333333333333,230.33333333333));
#2563 = PCURVE('',#2010,#2564);
#2564 = DEFINITIONAL_REPRESENTATION('',(#2565),#2569);
#2565 = LINE('',#2566,#2567);
#2566 = CARTESIAN_POINT('',(0.,0.));
#2567 = VECTOR('',#2568,1.);
#2568 = DIRECTION('',(0.,1.));
#2569 = ( GEOMETRIC_REPRESENTATION_CONTEXT(2) 
PARAMETRIC_REPRESENTATION_CONTEXT() REPRESENTATION_CONTEXT('2D SPACE',''
  ) );
#2570 = PCURVE('',#2476,#2571);
#2571 = DEFINITIONAL_REPRESENTATION('',(#2572),#2576);
#2572 = LINE('',#2573,#2574);
#2573 = CARTESIAN_POINT('',(772.06024029817,0.));
#2574 = VECTOR('',#2575,1.);
#2575 = DIRECTION('',(0.,1.));
#2576 = ( GEOMETRIC_REPRESENTATION_CONTEXT(2) 
PARAMETRIC_REPRESENTATION_CONTEXT() REPRESENTATION_CONTEXT('2D SPACE',''
  ) );
#2577 = ORIENTED_EDGE('',*,*,#2435,.T.);
#2578 = ORIENTED_EDGE('',*,*,#1516,.T.);
#2579 = ORIENTED_EDGE('',*,*,#2534,.F.);
#2580 = ADVANCED_FACE('',(#2581),#2347,.T.);
#2581 = FACE_BOUND('',#2582,.T.);
#2582 = EDGE_LOOP('',(#2583,#2584,#2604,#2605));
#2583 = ORIENTED_EDGE('',*,*,#2333,.T.);
#2584 = ORIENTED_EDGE('',*,*,#2585,.T.);
#2585 = EDGE_CURVE('',#2312,#2413,#2586,.T.);
#2586 = SURFACE_CURVE('',#2587,(#2591,#2598),.PCURVE_S1.);
#2587 = LINE('',#2588,#2589);
#2588 = CARTESIAN_POINT('',(6.2E+03,-386.030120149,25.));
#2589 = VECTOR('',#2590,1.);
#2590 = DIRECTION('',(0.,1.,0.));
#2591 = PCURVE('',#2347,#2592);
#2592 = DEFINITIONAL_REPRESENTATION('',(#2593),#2597);
#2593 = LINE('',#2594,#2595);
#2594 = CARTESIAN_POINT('',(0.,-6.16E+03));
#2595 = VECTOR('',#2596,1.);
#2596 = DIRECTION('',(1.,0.));
#2597 = ( GEOMETRIC_REPRESENTATION_CONTEXT(2) 
PARAMETRIC_REPRESENTATION_CONTEXT() REPRESENTATION_CONTEXT('2D SPACE',''
  ) );
#2598 = PCURVE('',#2476,#2599);
#2599 = DEFINITIONAL_REPRESENTATION('',(#2600),#2603);
#2600 = B_SPLINE_CURVE_WITH_KNOTS('',1,(#2601,#2602),.UNSPECIFIED.,.F.,
  .F.,(2,2),(0.,772.06024029817),.PIECEWISE_BEZIER_KNOTS.);
#2601 = CARTESIAN_POINT('',(0.,0.));
#2602 = CARTESIAN_POINT('',(772.06024029817,0.));
#2603 = ( GEOMETRIC_REPRESENTATION_CONTEXT(2) 
PARAMETRIC_REPRESENTATION_CONTEXT() REPRESENTATION_CONTEXT('2D SPACE',''
  ) );
#2604 = ORIENTED_EDGE('',*,*,#2412,.F.);
#2605 = ORIENTED_EDGE('',*,*,#2363,.F.);
#2606 = ADVANCED_FACE('',(#2607),#2476,.F.);
#2607 = FACE_BOUND('',#2608,.F.);
#2608 = EDGE_LOOP('',(#2609,#2610,#2611,#2612));
#2609 = ORIENTED_EDGE('',*,*,#2585,.T.);
#2610 = ORIENTED_EDGE('',*,*,#2558,.T.);
#2611 = ORIENTED_EDGE('',*,*,#2512,.F.);
#2612 = ORIENTED_EDGE('',*,*,#2461,.F.);
#2613 = MANIFOLD_SOLID_BREP('',#2614);
#2614 = CLOSED_SHELL('',(#2615,#2735,#2811,#2887,#3015,#3128,#3153,#3178
    ,#3205,#3232));
#2615 = ADVANCED_FACE('',(#2616),#2630,.F.);
#2616 = FACE_BOUND('',#2617,.F.);
#2617 = EDGE_LOOP('',(#2618,#2653,#2681,#2709));
#2618 = ORIENTED_EDGE('',*,*,#2619,.T.);
#2619 = EDGE_CURVE('',#2620,#2622,#2624,.T.);
#2620 = VERTEX_POINT('',#2621);
#2621 = CARTESIAN_POINT('',(275.,-386.030120149,25.));
#2622 = VERTEX_POINT('',#2623);
#2623 = CARTESIAN_POINT('',(325.,-386.030120149,25.));
#2624 = SURFACE_CURVE('',#2625,(#2629,#2641),.PCURVE_S1.);
#2625 = LINE('',#2626,#2627);
#2626 = CARTESIAN_POINT('',(275.,-386.030120149,25.));
#2627 = VECTOR('',#2628,1.);
#2628 = DIRECTION('',(1.,0.,0.));
#2629 = PCURVE('',#2630,#2635);
#2630 = PLANE('',#2631);
#2631 = AXIS2_PLACEMENT_3D('',#2632,#2633,#2634);
#2632 = CARTESIAN_POINT('',(275.,-386.030120149,25.));
#2633 = DIRECTION('',(0.,0.,1.));
#2634 = DIRECTION('',(0.,1.,0.));
#2635 = DEFINITIONAL_REPRESENTATION('',(#2636),#2640);
#2636 = LINE('',#2637,#2638);
#2637 = CARTESIAN_POINT('',(0.,0.));
#2638 = VECTOR('',#2639,1.);
#2639 = DIRECTION('',(0.,-1.));
#2640 = ( GEOMETRIC_REPRESENTATION_CONTEXT(2) 
PARAMETRIC_REPRESENTATION_CONTEXT() REPRESENTATION_CONTEXT('2D SPACE',''
  ) );
#2641 = PCURVE('',#2642,#2647);
#2642 = PLANE('',#2643);
#2643 = AXIS2_PLACEMENT_3D('',#2644,#2645,#2646);
#2644 = CARTESIAN_POINT('',(275.,-758.3378124567,630.));
#2645 = DIRECTION('',(-0.,0.851658316705,0.524097425664));
#2646 = DIRECTION('',(0.,0.524097425664,-0.851658316705));
#2647 = DEFINITIONAL_REPRESENTATION('',(#2648),#2652);
#2648 = LINE('',#2649,#2650);
#2649 = CARTESIAN_POINT('',(710.37878469974,0.));
#2650 = VECTOR('',#2651,1.);
#2651 = DIRECTION('',(0.,-1.));
#2652 = ( GEOMETRIC_REPRESENTATION_CONTEXT(2) 
PARAMETRIC_REPRESENTATION_CONTEXT() REPRESENTATION_CONTEXT('2D SPACE',''
  ) );
#2653 = ORIENTED_EDGE('',*,*,#2654,.T.);
#2654 = EDGE_CURVE('',#2622,#2655,#2657,.T.);
#2655 = VERTEX_POINT('',#2656);
#2656 = CARTESIAN_POINT('',(325.,386.03012014908,25.));
#2657 = SURFACE_CURVE('',#2658,(#2662,#2669),.PCURVE_S1.);
#2658 = LINE('',#2659,#2660);
#2659 = CARTESIAN_POINT('',(325.,-386.030120149,25.));
#2660 = VECTOR('',#2661,1.);
#2661 = DIRECTION('',(0.,1.,0.));
#2662 = PCURVE('',#2630,#2663);
#2663 = DEFINITIONAL_REPRESENTATION('',(#2664),#2668);
#2664 = LINE('',#2665,#2666);
#2665 = CARTESIAN_POINT('',(0.,-50.));
#2666 = VECTOR('',#2667,1.);
#2667 = DIRECTION('',(1.,0.));
#2668 = ( GEOMETRIC_REPRESENTATION_CONTEXT(2) 
PARAMETRIC_REPRESENTATION_CONTEXT() REPRESENTATION_CONTEXT('2D SPACE',''
  ) );
#2669 = PCURVE('',#2670,#2675);
#2670 = PLANE('',#2671);
#2671 = AXIS2_PLACEMENT_3D('',#2672,#2673,#2674);
#2672 = CARTESIAN_POINT('',(325.,-7.84576950189E-15,388.22153996675));
#2673 = DIRECTION('',(1.,0.,0.));
#2674 = DIRECTION('',(-0.,0.,1.));
#2675 = DEFINITIONAL_REPRESENTATION('',(#2676),#2680);
#2676 = LINE('',#2677,#2678);
#2677 = CARTESIAN_POINT('',(-363.2215399667,386.03012014908));
#2678 = VECTOR('',#2679,1.);
#2679 = DIRECTION('',(0.,-1.));
#2680 = ( GEOMETRIC_REPRESENTATION_CONTEXT(2) 
PARAMETRIC_REPRESENTATION_CONTEXT() REPRESENTATION_CONTEXT('2D SPACE',''
  ) );
#2681 = ORIENTED_EDGE('',*,*,#2682,.F.);
#2682 = EDGE_CURVE('',#2683,#2655,#2685,.T.);
#2683 = VERTEX_POINT('',#2684);
#2684 = CARTESIAN_POINT('',(275.,386.03012014908,25.));
#2685 = SURFACE_CURVE('',#2686,(#2690,#2697),.PCURVE_S1.);
#2686 = LINE('',#2687,#2688);
#2687 = CARTESIAN_POINT('',(275.,386.03012014908,25.));
#2688 = VECTOR('',#2689,1.);
#2689 = DIRECTION('',(1.,0.,0.));
#2690 = PCURVE('',#2630,#2691);
#2691 = DEFINITIONAL_REPRESENTATION('',(#2692),#2696);
#2692 = LINE('',#2693,#2694);
#2693 = CARTESIAN_POINT('',(772.06024029817,0.));
#2694 = VECTOR('',#2695,1.);
#2695 = DIRECTION('',(0.,-1.));
#2696 = ( GEOMETRIC_REPRESENTATION_CONTEXT(2) 
PARAMETRIC_REPRESENTATION_CONTEXT() REPRESENTATION_CONTEXT('2D SPACE',''
  ) );
#2697 = PCURVE('',#2698,#2703);
#2698 = PLANE('',#2699);
#2699 = AXIS2_PLACEMENT_3D('',#2700,#2701,#2702);
#2700 = CARTESIAN_POINT('',(275.,386.03012014908,25.));
#2701 = DIRECTION('',(0.,-0.851658316705,0.524097425664));
#2702 = DIRECTION('',(0.,0.524097425664,0.851658316705));
#2703 = DEFINITIONAL_REPRESENTATION('',(#2704),#2708);
#2704 = LINE('',#2705,#2706);
#2705 = CARTESIAN_POINT('',(0.,0.));
#2706 = VECTOR('',#2707,1.);
#2707 = DIRECTION('',(0.,-1.));
#2708 = ( GEOMETRIC_REPRESENTATION_CONTEXT(2) 
PARAMETRIC_REPRESENTATION_CONTEXT() REPRESENTATION_CONTEXT('2D SPACE',''
  ) );
#2709 = ORIENTED_EDGE('',*,*,#2710,.F.);
#2710 = EDGE_CURVE('',#2620,#2683,#2711,.T.);
#2711 = SURFACE_CURVE('',#2712,(#2716,#2723),.PCURVE_S1.);
#2712 = LINE('',#2713,#2714);
#2713 = CARTESIAN_POINT('',(275.,-386.030120149,25.));
#2714 = VECTOR('',#2715,1.);
#2715 = DIRECTION('',(0.,1.,0.));
#2716 = PCURVE('',#2630,#2717);
#2717 = DEFINITIONAL_REPRESENTATION('',(#2718),#2722);
#2718 = LINE('',#2719,#2720);
#2719 = CARTESIAN_POINT('',(0.,0.));
#2720 = VECTOR('',#2721,1.);
#2721 = DIRECTION('',(1.,0.));
#2722 = ( GEOMETRIC_REPRESENTATION_CONTEXT(2) 
PARAMETRIC_REPRESENTATION_CONTEXT() REPRESENTATION_CONTEXT('2D SPACE',''
  ) );
#2723 = PCURVE('',#2724,#2729);
#2724 = PLANE('',#2725);
#2725 = AXIS2_PLACEMENT_3D('',#2726,#2727,#2728);
#2726 = CARTESIAN_POINT('',(275.,-7.84576950189E-15,388.22153996675));
#2727 = DIRECTION('',(1.,0.,0.));
#2728 = DIRECTION('',(-0.,0.,1.));
#2729 = DEFINITIONAL_REPRESENTATION('',(#2730),#2734);
#2730 = LINE('',#2731,#2732);
#2731 = CARTESIAN_POINT('',(-363.2215399667,386.03012014908));
#2732 = VECTOR('',#2733,1.);
#2733 = DIRECTION('',(0.,-1.));
#2734 = ( GEOMETRIC_REPRESENTATION_CONTEXT(2) 
PARAMETRIC_REPRESENTATION_CONTEXT() REPRESENTATION_CONTEXT('2D SPACE',''
  ) );
#2735 = ADVANCED_FACE('',(#2736),#2642,.F.);
#2736 = FACE_BOUND('',#2737,.F.);
#2737 = EDGE_LOOP('',(#2738,#2768,#2789,#2790));
#2738 = ORIENTED_EDGE('',*,*,#2739,.T.);
#2739 = EDGE_CURVE('',#2740,#2742,#2744,.T.);
#2740 = VERTEX_POINT('',#2741);
#2741 = CARTESIAN_POINT('',(275.,-758.3378124567,630.));
#2742 = VERTEX_POINT('',#2743);
#2743 = CARTESIAN_POINT('',(325.,-758.3378124567,630.));
#2744 = SURFACE_CURVE('',#2745,(#2749,#2756),.PCURVE_S1.);
#2745 = LINE('',#2746,#2747);
#2746 = CARTESIAN_POINT('',(275.,-758.3378124567,630.));
#2747 = VECTOR('',#2748,1.);
#2748 = DIRECTION('',(1.,0.,0.));
#2749 = PCURVE('',#2642,#2750);
#2750 = DEFINITIONAL_REPRESENTATION('',(#2751),#2755);
#2751 = LINE('',#2752,#2753);
#2752 = CARTESIAN_POINT('',(0.,0.));
#2753 = VECTOR('',#2754,1.);
#2754 = DIRECTION('',(0.,-1.));
#2755 = ( GEOMETRIC_REPRESENTATION_CONTEXT(2) 
PARAMETRIC_REPRESENTATION_CONTEXT() REPRESENTATION_CONTEXT('2D SPACE',''
  ) );
#2756 = PCURVE('',#2757,#2762);
#2757 = PLANE('',#2758);
#2758 = AXIS2_PLACEMENT_3D('',#2759,#2760,#2761);
#2759 = CARTESIAN_POINT('',(275.,758.33781245678,630.));
#2760 = DIRECTION('',(0.,0.,-1.));
#2761 = DIRECTION('',(0.,-1.,0.));
#2762 = DEFINITIONAL_REPRESENTATION('',(#2763),#2767);
#2763 = LINE('',#2764,#2765);
#2764 = CARTESIAN_POINT('',(1.516675624914E+03,0.));
#2765 = VECTOR('',#2766,1.);
#2766 = DIRECTION('',(0.,-1.));
#2767 = ( GEOMETRIC_REPRESENTATION_CONTEXT(2) 
PARAMETRIC_REPRESENTATION_CONTEXT() REPRESENTATION_CONTEXT('2D SPACE',''
  ) );
#2768 = ORIENTED_EDGE('',*,*,#2769,.T.);
#2769 = EDGE_CURVE('',#2742,#2622,#2770,.T.);
#2770 = SURFACE_CURVE('',#2771,(#2775,#2782),.PCURVE_S1.);
#2771 = LINE('',#2772,#2773);
#2772 = CARTESIAN_POINT('',(325.,-758.3378124567,630.));
#2773 = VECTOR('',#2774,1.);
#2774 = DIRECTION('',(0.,0.524097425664,-0.851658316705));
#2775 = PCURVE('',#2642,#2776);
#2776 = DEFINITIONAL_REPRESENTATION('',(#2777),#2781);
#2777 = LINE('',#2778,#2779);
#2778 = CARTESIAN_POINT('',(0.,-50.));
#2779 = VECTOR('',#2780,1.);
#2780 = DIRECTION('',(1.,0.));
#2781 = ( GEOMETRIC_REPRESENTATION_CONTEXT(2) 
PARAMETRIC_REPRESENTATION_CONTEXT() REPRESENTATION_CONTEXT('2D SPACE',''
  ) );
#2782 = PCURVE('',#2670,#2783);
#2783 = DEFINITIONAL_REPRESENTATION('',(#2784),#2788);
#2784 = LINE('',#2785,#2786);
#2785 = CARTESIAN_POINT('',(241.77846003324,758.33781245678));
#2786 = VECTOR('',#2787,1.);
#2787 = DIRECTION('',(-0.851658316705,-0.524097425664));
#2788 = ( GEOMETRIC_REPRESENTATION_CONTEXT(2) 
PARAMETRIC_REPRESENTATION_CONTEXT() REPRESENTATION_CONTEXT('2D SPACE',''
  ) );
#2789 = ORIENTED_EDGE('',*,*,#2619,.F.);
#2790 = ORIENTED_EDGE('',*,*,#2791,.F.);
#2791 = EDGE_CURVE('',#2740,#2620,#2792,.T.);
#2792 = SURFACE_CURVE('',#2793,(#2797,#2804),.PCURVE_S1.);
#2793 = LINE('',#2794,#2795);
#2794 = CARTESIAN_POINT('',(275.,-758.3378124567,630.));
#2795 = VECTOR('',#2796,1.);
#2796 = DIRECTION('',(0.,0.524097425664,-0.851658316705));
#2797 = PCURVE('',#2642,#2798);
#2798 = DEFINITIONAL_REPRESENTATION('',(#2799),#2803);
#2799 = LINE('',#2800,#2801);
#2800 = CARTESIAN_POINT('',(0.,0.));
#2801 = VECTOR('',#2802,1.);
#2802 = DIRECTION('',(1.,0.));
#2803 = ( GEOMETRIC_REPRESENTATION_CONTEXT(2) 
PARAMETRIC_REPRESENTATION_CONTEXT() REPRESENTATION_CONTEXT('2D SPACE',''
  ) );
#2804 = PCURVE('',#2724,#2805);
#2805 = DEFINITIONAL_REPRESENTATION('',(#2806),#2810);
#2806 = LINE('',#2807,#2808);
#2807 = CARTESIAN_POINT('',(241.77846003324,758.33781245678));
#2808 = VECTOR('',#2809,1.);
#2809 = DIRECTION('',(-0.851658316705,-0.524097425664));
#2810 = ( GEOMETRIC_REPRESENTATION_CONTEXT(2) 
PARAMETRIC_REPRESENTATION_CONTEXT() REPRESENTATION_CONTEXT('2D SPACE',''
  ) );
#2811 = ADVANCED_FACE('',(#2812),#2698,.F.);
#2812 = FACE_BOUND('',#2813,.F.);
#2813 = EDGE_LOOP('',(#2814,#2815,#2838,#2866));
#2814 = ORIENTED_EDGE('',*,*,#2682,.T.);
#2815 = ORIENTED_EDGE('',*,*,#2816,.T.);
#2816 = EDGE_CURVE('',#2655,#2817,#2819,.T.);
#2817 = VERTEX_POINT('',#2818);
#2818 = CARTESIAN_POINT('',(325.,758.33781245678,630.));
#2819 = SURFACE_CURVE('',#2820,(#2824,#2831),.PCURVE_S1.);
#2820 = LINE('',#2821,#2822);
#2821 = CARTESIAN_POINT('',(325.,386.03012014908,25.));
#2822 = VECTOR('',#2823,1.);
#2823 = DIRECTION('',(0.,0.524097425664,0.851658316705));
#2824 = PCURVE('',#2698,#2825);
#2825 = DEFINITIONAL_REPRESENTATION('',(#2826),#2830);
#2826 = LINE('',#2827,#2828);
#2827 = CARTESIAN_POINT('',(0.,-50.));
#2828 = VECTOR('',#2829,1.);
#2829 = DIRECTION('',(1.,0.));
#2830 = ( GEOMETRIC_REPRESENTATION_CONTEXT(2) 
PARAMETRIC_REPRESENTATION_CONTEXT() REPRESENTATION_CONTEXT('2D SPACE',''
  ) );
#2831 = PCURVE('',#2670,#2832);
#2832 = DEFINITIONAL_REPRESENTATION('',(#2833),#2837);
#2833 = LINE('',#2834,#2835);
#2834 = CARTESIAN_POINT('',(-363.2215399667,-386.030120149));
#2835 = VECTOR('',#2836,1.);
#2836 = DIRECTION('',(0.851658316705,-0.524097425664));
#2837 = ( GEOMETRIC_REPRESENTATION_CONTEXT(2) 
PARAMETRIC_REPRESENTATION_CONTEXT() REPRESENTATION_CONTEXT('2D SPACE',''
  ) );
#2838 = ORIENTED_EDGE('',*,*,#2839,.F.);
#2839 = EDGE_CURVE('',#2840,#2817,#2842,.T.);
#2840 = VERTEX_POINT('',#2841);
#2841 = CARTESIAN_POINT('',(275.,758.33781245678,630.));
#2842 = SURFACE_CURVE('',#2843,(#2847,#2854),.PCURVE_S1.);
#2843 = LINE('',#2844,#2845);
#2844 = CARTESIAN_POINT('',(275.,758.33781245678,630.));
#2845 = VECTOR('',#2846,1.);
#2846 = DIRECTION('',(1.,0.,0.));
#2847 = PCURVE('',#2698,#2848);
#2848 = DEFINITIONAL_REPRESENTATION('',(#2849),#2853);
#2849 = LINE('',#2850,#2851);
#2850 = CARTESIAN_POINT('',(710.37878469974,0.));
#2851 = VECTOR('',#2852,1.);
#2852 = DIRECTION('',(0.,-1.));
#2853 = ( GEOMETRIC_REPRESENTATION_CONTEXT(2) 
PARAMETRIC_REPRESENTATION_CONTEXT() REPRESENTATION_CONTEXT('2D SPACE',''
  ) );
#2854 = PCURVE('',#2855,#2860);
#2855 = PLANE('',#2856);
#2856 = AXIS2_PLACEMENT_3D('',#2857,#2858,#2859);
#2857 = CARTESIAN_POINT('',(275.,758.33781245678,630.));
#2858 = DIRECTION('',(0.,0.,-1.));
#2859 = DIRECTION('',(0.,-1.,0.));
#2860 = DEFINITIONAL_REPRESENTATION('',(#2861),#2865);
#2861 = LINE('',#2862,#2863);
#2862 = CARTESIAN_POINT('',(0.,-0.));
#2863 = VECTOR('',#2864,1.);
#2864 = DIRECTION('',(0.,-1.));
#2865 = ( GEOMETRIC_REPRESENTATION_CONTEXT(2) 
PARAMETRIC_REPRESENTATION_CONTEXT() REPRESENTATION_CONTEXT('2D SPACE',''
  ) );
#2866 = ORIENTED_EDGE('',*,*,#2867,.F.);
#2867 = EDGE_CURVE('',#2683,#2840,#2868,.T.);
#2868 = SURFACE_CURVE('',#2869,(#2873,#2880),.PCURVE_S1.);
#2869 = LINE('',#2870,#2871);
#2870 = CARTESIAN_POINT('',(275.,386.03012014908,25.));
#2871 = VECTOR('',#2872,1.);
#2872 = DIRECTION('',(0.,0.524097425664,0.851658316705));
#2873 = PCURVE('',#2698,#2874);
#2874 = DEFINITIONAL_REPRESENTATION('',(#2875),#2879);
#2875 = LINE('',#2876,#2877);
#2876 = CARTESIAN_POINT('',(0.,0.));
#2877 = VECTOR('',#2878,1.);
#2878 = DIRECTION('',(1.,0.));
#2879 = ( GEOMETRIC_REPRESENTATION_CONTEXT(2) 
PARAMETRIC_REPRESENTATION_CONTEXT() REPRESENTATION_CONTEXT('2D SPACE',''
  ) );
#2880 = PCURVE('',#2724,#2881);
#2881 = DEFINITIONAL_REPRESENTATION('',(#2882),#2886);
#2882 = LINE('',#2883,#2884);
#2883 = CARTESIAN_POINT('',(-363.2215399667,-386.030120149));
#2884 = VECTOR('',#2885,1.);
#2885 = DIRECTION('',(0.851658316705,-0.524097425664));
#2886 = ( GEOMETRIC_REPRESENTATION_CONTEXT(2) 
PARAMETRIC_REPRESENTATION_CONTEXT() REPRESENTATION_CONTEXT('2D SPACE',''
  ) );
#2887 = ADVANCED_FACE('',(#2888),#2724,.F.);
#2888 = FACE_BOUND('',#2889,.F.);
#2889 = EDGE_LOOP('',(#2890,#2891,#2892,#2893,#2916,#2942,#2968,#2994));
#2890 = ORIENTED_EDGE('',*,*,#2791,.T.);
#2891 = ORIENTED_EDGE('',*,*,#2710,.T.);
#2892 = ORIENTED_EDGE('',*,*,#2867,.T.);
#2893 = ORIENTED_EDGE('',*,*,#2894,.T.);
#2894 = EDGE_CURVE('',#2840,#2895,#2897,.T.);
#2895 = VERTEX_POINT('',#2896);
#2896 = CARTESIAN_POINT('',(275.,687.88702389151,630.));
#2897 = SURFACE_CURVE('',#2898,(#2902,#2909),.PCURVE_S1.);
#2898 = LINE('',#2899,#2900);
#2899 = CARTESIAN_POINT('',(275.,758.33781245678,630.));
#2900 = VECTOR('',#2901,1.);
#2901 = DIRECTION('',(0.,-1.,0.));
#2902 = PCURVE('',#2724,#2903);
#2903 = DEFINITIONAL_REPRESENTATION('',(#2904),#2908);
#2904 = LINE('',#2905,#2906);
#2905 = CARTESIAN_POINT('',(241.77846003324,-758.3378124567));
#2906 = VECTOR('',#2907,1.);
#2907 = DIRECTION('',(0.,1.));
#2908 = ( GEOMETRIC_REPRESENTATION_CONTEXT(2) 
PARAMETRIC_REPRESENTATION_CONTEXT() REPRESENTATION_CONTEXT('2D SPACE',''
  ) );
#2909 = PCURVE('',#2855,#2910);
#2910 = DEFINITIONAL_REPRESENTATION('',(#2911),#2915);
#2911 = LINE('',#2912,#2913);
#2912 = CARTESIAN_POINT('',(0.,-0.));
#2913 = VECTOR('',#2914,1.);
#2914 = DIRECTION('',(1.,0.));
#2915 = ( GEOMETRIC_REPRESENTATION_CONTEXT(2) 
PARAMETRIC_REPRESENTATION_CONTEXT() REPRESENTATION_CONTEXT('2D SPACE',''
  ) );
#2916 = ORIENTED_EDGE('',*,*,#2917,.T.);
#2917 = EDGE_CURVE('',#2895,#2918,#2920,.T.);
#2918 = VERTEX_POINT('',#2919);
#2919 = CARTESIAN_POINT('',(275.,352.5024085069,85.));
#2920 = SURFACE_CURVE('',#2921,(#2925,#2931),.PCURVE_S1.);
#2921 = LINE('',#2922,#2923);
#2922 = CARTESIAN_POINT('',(275.,371.76182055003,116.29654457009));
#2923 = VECTOR('',#2924,1.);
#2924 = DIRECTION('',(0.,-0.524097425664,-0.851658316705));
#2925 = PCURVE('',#2724,#2926);
#2926 = DEFINITIONAL_REPRESENTATION('',(#2927),#2930);
#2927 = B_SPLINE_CURVE_WITH_KNOTS('',1,(#2928,#2929),.UNSPECIFIED.,.F.,
  .F.,(2,2),(-603.1802253956,36.74777073885),.PIECEWISE_BEZIER_KNOTS.);
#2928 = CARTESIAN_POINT('',(241.77846003324,-687.8870238915));
#2929 = CARTESIAN_POINT('',(-303.2215399667,-352.5024085069));
#2930 = ( GEOMETRIC_REPRESENTATION_CONTEXT(2) 
PARAMETRIC_REPRESENTATION_CONTEXT() REPRESENTATION_CONTEXT('2D SPACE',''
  ) );
#2931 = PCURVE('',#2932,#2937);
#2932 = PLANE('',#2933);
#2933 = AXIS2_PLACEMENT_3D('',#2934,#2935,#2936);
#2934 = CARTESIAN_POINT('',(274.,352.5024085069,85.));
#2935 = DIRECTION('',(0.,-0.851658316705,0.524097425664));
#2936 = DIRECTION('',(0.,0.524097425664,0.851658316705));
#2937 = DEFINITIONAL_REPRESENTATION('',(#2938),#2941);
#2938 = B_SPLINE_CURVE_WITH_KNOTS('',1,(#2939,#2940),.UNSPECIFIED.,.F.,
  .F.,(2,2),(-603.1802253956,36.74777073885),.PIECEWISE_BEZIER_KNOTS.);
#2939 = CARTESIAN_POINT('',(639.92799613447,-1.));
#2940 = CARTESIAN_POINT('',(0.,-1.));
#2941 = ( GEOMETRIC_REPRESENTATION_CONTEXT(2) 
PARAMETRIC_REPRESENTATION_CONTEXT() REPRESENTATION_CONTEXT('2D SPACE',''
  ) );
#2942 = ORIENTED_EDGE('',*,*,#2943,.T.);
#2943 = EDGE_CURVE('',#2918,#2944,#2946,.T.);
#2944 = VERTEX_POINT('',#2945);
#2945 = CARTESIAN_POINT('',(275.,-352.5024085069,85.));
#2946 = SURFACE_CURVE('',#2947,(#2951,#2957),.PCURVE_S1.);
#2947 = LINE('',#2948,#2949);
#2948 = CARTESIAN_POINT('',(275.,-176.2512042534,85.));
#2949 = VECTOR('',#2950,1.);
#2950 = DIRECTION('',(0.,-1.,0.));
#2951 = PCURVE('',#2724,#2952);
#2952 = DEFINITIONAL_REPRESENTATION('',(#2953),#2956);
#2953 = B_SPLINE_CURVE_WITH_KNOTS('',1,(#2954,#2955),.UNSPECIFIED.,.F.,
  .F.,(2,2),(-528.7536127603,176.25120425345),.PIECEWISE_BEZIER_KNOTS.);
#2954 = CARTESIAN_POINT('',(-303.2215399667,-352.5024085069));
#2955 = CARTESIAN_POINT('',(-303.2215399667,352.5024085069));
#2956 = ( GEOMETRIC_REPRESENTATION_CONTEXT(2) 
PARAMETRIC_REPRESENTATION_CONTEXT() REPRESENTATION_CONTEXT('2D SPACE',''
  ) );
#2957 = PCURVE('',#2958,#2963);
#2958 = PLANE('',#2959);
#2959 = AXIS2_PLACEMENT_3D('',#2960,#2961,#2962);
#2960 = CARTESIAN_POINT('',(274.,-352.5024085069,85.));
#2961 = DIRECTION('',(0.,0.,1.));
#2962 = DIRECTION('',(0.,1.,0.));
#2963 = DEFINITIONAL_REPRESENTATION('',(#2964),#2967);
#2964 = B_SPLINE_CURVE_WITH_KNOTS('',1,(#2965,#2966),.UNSPECIFIED.,.F.,
  .F.,(2,2),(-528.7536127603,176.25120425345),.PIECEWISE_BEZIER_KNOTS.);
#2965 = CARTESIAN_POINT('',(705.0048170138,-1.));
#2966 = CARTESIAN_POINT('',(0.,-1.));
#2967 = ( GEOMETRIC_REPRESENTATION_CONTEXT(2) 
PARAMETRIC_REPRESENTATION_CONTEXT() REPRESENTATION_CONTEXT('2D SPACE',''
  ) );
#2968 = ORIENTED_EDGE('',*,*,#2969,.T.);
#2969 = EDGE_CURVE('',#2944,#2970,#2972,.T.);
#2970 = VERTEX_POINT('',#2971);
#2971 = CARTESIAN_POINT('',(275.,-687.8870238915,630.));
#2972 = SURFACE_CURVE('',#2973,(#2977,#2983),.PCURVE_S1.);
#2973 = LINE('',#2974,#2975);
#2974 = CARTESIAN_POINT('',(275.,-576.3772051654,448.79654457009));
#2975 = VECTOR('',#2976,1.);
#2976 = DIRECTION('',(0.,-0.524097425664,0.851658316705));
#2977 = PCURVE('',#2724,#2978);
#2978 = DEFINITIONAL_REPRESENTATION('',(#2979),#2982);
#2979 = B_SPLINE_CURVE_WITH_KNOTS('',1,(#2980,#2981),.UNSPECIFIED.,.F.,
  .F.,(2,2),(-427.1625573713,212.76543876312),.PIECEWISE_BEZIER_KNOTS.);
#2980 = CARTESIAN_POINT('',(-303.2215399667,352.5024085069));
#2981 = CARTESIAN_POINT('',(241.77846003324,687.88702389151));
#2982 = ( GEOMETRIC_REPRESENTATION_CONTEXT(2) 
PARAMETRIC_REPRESENTATION_CONTEXT() REPRESENTATION_CONTEXT('2D SPACE',''
  ) );
#2983 = PCURVE('',#2984,#2989);
#2984 = PLANE('',#2985);
#2985 = AXIS2_PLACEMENT_3D('',#2986,#2987,#2988);
#2986 = CARTESIAN_POINT('',(274.,-761.7331777376,750.));
#2987 = DIRECTION('',(-0.,0.851658316705,0.524097425664));
#2988 = DIRECTION('',(0.,0.524097425664,-0.851658316705));
#2989 = DEFINITIONAL_REPRESENTATION('',(#2990),#2993);
#2990 = B_SPLINE_CURVE_WITH_KNOTS('',1,(#2991,#2992),.UNSPECIFIED.,.F.,
  .F.,(2,2),(-427.1625573713,212.76543876312),.PIECEWISE_BEZIER_KNOTS.);
#2991 = CARTESIAN_POINT('',(780.829573265,-1.));
#2992 = CARTESIAN_POINT('',(140.90157713052,-1.));
#2993 = ( GEOMETRIC_REPRESENTATION_CONTEXT(2) 
PARAMETRIC_REPRESENTATION_CONTEXT() REPRESENTATION_CONTEXT('2D SPACE',''
  ) );
#2994 = ORIENTED_EDGE('',*,*,#2995,.T.);
#2995 = EDGE_CURVE('',#2970,#2740,#2996,.T.);
#2996 = SURFACE_CURVE('',#2997,(#3001,#3008),.PCURVE_S1.);
#2997 = LINE('',#2998,#2999);
#2998 = CARTESIAN_POINT('',(275.,758.33781245678,630.));
#2999 = VECTOR('',#3000,1.);
#3000 = DIRECTION('',(0.,-1.,0.));
#3001 = PCURVE('',#2724,#3002);
#3002 = DEFINITIONAL_REPRESENTATION('',(#3003),#3007);
#3003 = LINE('',#3004,#3005);
#3004 = CARTESIAN_POINT('',(241.77846003324,-758.3378124567));
#3005 = VECTOR('',#3006,1.);
#3006 = DIRECTION('',(0.,1.));
#3007 = ( GEOMETRIC_REPRESENTATION_CONTEXT(2) 
PARAMETRIC_REPRESENTATION_CONTEXT() REPRESENTATION_CONTEXT('2D SPACE',''
  ) );
#3008 = PCURVE('',#2757,#3009);
#3009 = DEFINITIONAL_REPRESENTATION('',(#3010),#3014);
#3010 = LINE('',#3011,#3012);
#3011 = CARTESIAN_POINT('',(0.,-0.));
#3012 = VECTOR('',#3013,1.);
#3013 = DIRECTION('',(1.,0.));
#3014 = ( GEOMETRIC_REPRESENTATION_CONTEXT(2) 
PARAMETRIC_REPRESENTATION_CONTEXT() REPRESENTATION_CONTEXT('2D SPACE',''
  ) );
#3015 = ADVANCED_FACE('',(#3016),#2670,.T.);
#3016 = FACE_BOUND('',#3017,.T.);
#3017 = EDGE_LOOP('',(#3018,#3019,#3020,#3021,#3044,#3065,#3086,#3107));
#3018 = ORIENTED_EDGE('',*,*,#2769,.T.);
#3019 = ORIENTED_EDGE('',*,*,#2654,.T.);
#3020 = ORIENTED_EDGE('',*,*,#2816,.T.);
#3021 = ORIENTED_EDGE('',*,*,#3022,.T.);
#3022 = EDGE_CURVE('',#2817,#3023,#3025,.T.);
#3023 = VERTEX_POINT('',#3024);
#3024 = CARTESIAN_POINT('',(325.,687.88702389151,630.));
#3025 = SURFACE_CURVE('',#3026,(#3030,#3037),.PCURVE_S1.);
#3026 = LINE('',#3027,#3028);
#3027 = CARTESIAN_POINT('',(325.,758.33781245678,630.));
#3028 = VECTOR('',#3029,1.);
#3029 = DIRECTION('',(0.,-1.,0.));
#3030 = PCURVE('',#2670,#3031);
#3031 = DEFINITIONAL_REPRESENTATION('',(#3032),#3036);
#3032 = LINE('',#3033,#3034);
#3033 = CARTESIAN_POINT('',(241.77846003324,-758.3378124567));
#3034 = VECTOR('',#3035,1.);
#3035 = DIRECTION('',(0.,1.));
#3036 = ( GEOMETRIC_REPRESENTATION_CONTEXT(2) 
PARAMETRIC_REPRESENTATION_CONTEXT() REPRESENTATION_CONTEXT('2D SPACE',''
  ) );
#3037 = PCURVE('',#2855,#3038);
#3038 = DEFINITIONAL_REPRESENTATION('',(#3039),#3043);
#3039 = LINE('',#3040,#3041);
#3040 = CARTESIAN_POINT('',(0.,-50.));
#3041 = VECTOR('',#3042,1.);
#3042 = DIRECTION('',(1.,0.));
#3043 = ( GEOMETRIC_REPRESENTATION_CONTEXT(2) 
PARAMETRIC_REPRESENTATION_CONTEXT() REPRESENTATION_CONTEXT('2D SPACE',''
  ) );
#3044 = ORIENTED_EDGE('',*,*,#3045,.T.);
#3045 = EDGE_CURVE('',#3023,#3046,#3048,.T.);
#3046 = VERTEX_POINT('',#3047);
#3047 = CARTESIAN_POINT('',(325.,352.5024085069,85.));
#3048 = SURFACE_CURVE('',#3049,(#3053,#3059),.PCURVE_S1.);
#3049 = LINE('',#3050,#3051);
#3050 = CARTESIAN_POINT('',(325.,371.76182055003,116.29654457009));
#3051 = VECTOR('',#3052,1.);
#3052 = DIRECTION('',(0.,-0.524097425664,-0.851658316705));
#3053 = PCURVE('',#2670,#3054);
#3054 = DEFINITIONAL_REPRESENTATION('',(#3055),#3058);
#3055 = B_SPLINE_CURVE_WITH_KNOTS('',1,(#3056,#3057),.UNSPECIFIED.,.F.,
  .F.,(2,2),(-603.1802253956,36.74777073885),.PIECEWISE_BEZIER_KNOTS.);
#3056 = CARTESIAN_POINT('',(241.77846003324,-687.8870238915));
#3057 = CARTESIAN_POINT('',(-303.2215399667,-352.5024085069));
#3058 = ( GEOMETRIC_REPRESENTATION_CONTEXT(2) 
PARAMETRIC_REPRESENTATION_CONTEXT() REPRESENTATION_CONTEXT('2D SPACE',''
  ) );
#3059 = PCURVE('',#2932,#3060);
#3060 = DEFINITIONAL_REPRESENTATION('',(#3061),#3064);
#3061 = B_SPLINE_CURVE_WITH_KNOTS('',1,(#3062,#3063),.UNSPECIFIED.,.F.,
  .F.,(2,2),(-603.1802253956,36.74777073885),.PIECEWISE_BEZIER_KNOTS.);
#3062 = CARTESIAN_POINT('',(639.92799613447,-51.));
#3063 = CARTESIAN_POINT('',(0.,-51.));
#3064 = ( GEOMETRIC_REPRESENTATION_CONTEXT(2) 
PARAMETRIC_REPRESENTATION_CONTEXT() REPRESENTATION_CONTEXT('2D SPACE',''
  ) );
#3065 = ORIENTED_EDGE('',*,*,#3066,.T.);
#3066 = EDGE_CURVE('',#3046,#3067,#3069,.T.);
#3067 = VERTEX_POINT('',#3068);
#3068 = CARTESIAN_POINT('',(325.,-352.5024085069,85.));
#3069 = SURFACE_CURVE('',#3070,(#3074,#3080),.PCURVE_S1.);
#3070 = LINE('',#3071,#3072);
#3071 = CARTESIAN_POINT('',(325.,-176.2512042534,85.));
#3072 = VECTOR('',#3073,1.);
#3073 = DIRECTION('',(0.,-1.,0.));
#3074 = PCURVE('',#2670,#3075);
#3075 = DEFINITIONAL_REPRESENTATION('',(#3076),#3079);
#3076 = B_SPLINE_CURVE_WITH_KNOTS('',1,(#3077,#3078),.UNSPECIFIED.,.F.,
  .F.,(2,2),(-528.7536127603,176.25120425345),.PIECEWISE_BEZIER_KNOTS.);
#3077 = CARTESIAN_POINT('',(-303.2215399667,-352.5024085069));
#3078 = CARTESIAN_POINT('',(-303.2215399667,352.5024085069));
#3079 = ( GEOMETRIC_REPRESENTATION_CONTEXT(2) 
PARAMETRIC_REPRESENTATION_CONTEXT() REPRESENTATION_CONTEXT('2D SPACE',''
  ) );
#3080 = PCURVE('',#2958,#3081);
#3081 = DEFINITIONAL_REPRESENTATION('',(#3082),#3085);
#3082 = B_SPLINE_CURVE_WITH_KNOTS('',1,(#3083,#3084),.UNSPECIFIED.,.F.,
  .F.,(2,2),(-528.7536127603,176.25120425345),.PIECEWISE_BEZIER_KNOTS.);
#3083 = CARTESIAN_POINT('',(705.0048170138,-51.));
#3084 = CARTESIAN_POINT('',(0.,-51.));
#3085 = ( GEOMETRIC_REPRESENTATION_CONTEXT(2) 
PARAMETRIC_REPRESENTATION_CONTEXT() REPRESENTATION_CONTEXT('2D SPACE',''
  ) );
#3086 = ORIENTED_EDGE('',*,*,#3087,.T.);
#3087 = EDGE_CURVE('',#3067,#3088,#3090,.T.);
#3088 = VERTEX_POINT('',#3089);
#3089 = CARTESIAN_POINT('',(325.,-687.8870238915,630.));
#3090 = SURFACE_CURVE('',#3091,(#3095,#3101),.PCURVE_S1.);
#3091 = LINE('',#3092,#3093);
#3092 = CARTESIAN_POINT('',(325.,-576.3772051654,448.79654457009));
#3093 = VECTOR('',#3094,1.);
#3094 = DIRECTION('',(0.,-0.524097425664,0.851658316705));
#3095 = PCURVE('',#2670,#3096);
#3096 = DEFINITIONAL_REPRESENTATION('',(#3097),#3100);
#3097 = B_SPLINE_CURVE_WITH_KNOTS('',1,(#3098,#3099),.UNSPECIFIED.,.F.,
  .F.,(2,2),(-427.1625573713,212.76543876312),.PIECEWISE_BEZIER_KNOTS.);
#3098 = CARTESIAN_POINT('',(-303.2215399667,352.5024085069));
#3099 = CARTESIAN_POINT('',(241.77846003324,687.88702389151));
#3100 = ( GEOMETRIC_REPRESENTATION_CONTEXT(2) 
PARAMETRIC_REPRESENTATION_CONTEXT() REPRESENTATION_CONTEXT('2D SPACE',''
  ) );
#3101 = PCURVE('',#2984,#3102);
#3102 = DEFINITIONAL_REPRESENTATION('',(#3103),#3106);
#3103 = B_SPLINE_CURVE_WITH_KNOTS('',1,(#3104,#3105),.UNSPECIFIED.,.F.,
  .F.,(2,2),(-427.1625573713,212.76543876312),.PIECEWISE_BEZIER_KNOTS.);
#3104 = CARTESIAN_POINT('',(780.829573265,-51.));
#3105 = CARTESIAN_POINT('',(140.90157713052,-51.));
#3106 = ( GEOMETRIC_REPRESENTATION_CONTEXT(2) 
PARAMETRIC_REPRESENTATION_CONTEXT() REPRESENTATION_CONTEXT('2D SPACE',''
  ) );
#3107 = ORIENTED_EDGE('',*,*,#3108,.T.);
#3108 = EDGE_CURVE('',#3088,#2742,#3109,.T.);
#3109 = SURFACE_CURVE('',#3110,(#3114,#3121),.PCURVE_S1.);
#3110 = LINE('',#3111,#3112);
#3111 = CARTESIAN_POINT('',(325.,758.33781245678,630.));
#3112 = VECTOR('',#3113,1.);
#3113 = DIRECTION('',(0.,-1.,0.));
#3114 = PCURVE('',#2670,#3115);
#3115 = DEFINITIONAL_REPRESENTATION('',(#3116),#3120);
#3116 = LINE('',#3117,#3118);
#3117 = CARTESIAN_POINT('',(241.77846003324,-758.3378124567));
#3118 = VECTOR('',#3119,1.);
#3119 = DIRECTION('',(0.,1.));
#3120 = ( GEOMETRIC_REPRESENTATION_CONTEXT(2) 
PARAMETRIC_REPRESENTATION_CONTEXT() REPRESENTATION_CONTEXT('2D SPACE',''
  ) );
#3121 = PCURVE('',#2757,#3122);
#3122 = DEFINITIONAL_REPRESENTATION('',(#3123),#3127);
#3123 = LINE('',#3124,#3125);
#3124 = CARTESIAN_POINT('',(0.,-50.));
#3125 = VECTOR('',#3126,1.);
#3126 = DIRECTION('',(1.,0.));
#3127 = ( GEOMETRIC_REPRESENTATION_CONTEXT(2) 
PARAMETRIC_REPRESENTATION_CONTEXT() REPRESENTATION_CONTEXT('2D SPACE',''
  ) );
#3128 = ADVANCED_FACE('',(#3129),#2757,.F.);
#3129 = FACE_BOUND('',#3130,.F.);
#3130 = EDGE_LOOP('',(#3131,#3132,#3151,#3152));
#3131 = ORIENTED_EDGE('',*,*,#2995,.F.);
#3132 = ORIENTED_EDGE('',*,*,#3133,.T.);
#3133 = EDGE_CURVE('',#2970,#3088,#3134,.T.);
#3134 = SURFACE_CURVE('',#3135,(#3139,#3145),.PCURVE_S1.);
#3135 = LINE('',#3136,#3137);
#3136 = CARTESIAN_POINT('',(274.5,-687.8870238915,630.));
#3137 = VECTOR('',#3138,1.);
#3138 = DIRECTION('',(1.,0.,0.));
#3139 = PCURVE('',#2757,#3140);
#3140 = DEFINITIONAL_REPRESENTATION('',(#3141),#3144);
#3141 = B_SPLINE_CURVE_WITH_KNOTS('',1,(#3142,#3143),.UNSPECIFIED.,.F.,
  .F.,(2,2),(0.5,50.5),.PIECEWISE_BEZIER_KNOTS.);
#3142 = CARTESIAN_POINT('',(1.446224836348E+03,0.));
#3143 = CARTESIAN_POINT('',(1.446224836348E+03,-50.));
#3144 = ( GEOMETRIC_REPRESENTATION_CONTEXT(2) 
PARAMETRIC_REPRESENTATION_CONTEXT() REPRESENTATION_CONTEXT('2D SPACE',''
  ) );
#3145 = PCURVE('',#2984,#3146);
#3146 = DEFINITIONAL_REPRESENTATION('',(#3147),#3150);
#3147 = B_SPLINE_CURVE_WITH_KNOTS('',1,(#3148,#3149),.UNSPECIFIED.,.F.,
  .F.,(2,2),(0.5,50.5),.PIECEWISE_BEZIER_KNOTS.);
#3148 = CARTESIAN_POINT('',(140.90157713052,-1.));
#3149 = CARTESIAN_POINT('',(140.90157713052,-51.));
#3150 = ( GEOMETRIC_REPRESENTATION_CONTEXT(2) 
PARAMETRIC_REPRESENTATION_CONTEXT() REPRESENTATION_CONTEXT('2D SPACE',''
  ) );
#3151 = ORIENTED_EDGE('',*,*,#3108,.T.);
#3152 = ORIENTED_EDGE('',*,*,#2739,.F.);
#3153 = ADVANCED_FACE('',(#3154),#2855,.F.);
#3154 = FACE_BOUND('',#3155,.F.);
#3155 = EDGE_LOOP('',(#3156,#3157,#3158,#3159));
#3156 = ORIENTED_EDGE('',*,*,#2894,.F.);
#3157 = ORIENTED_EDGE('',*,*,#2839,.T.);
#3158 = ORIENTED_EDGE('',*,*,#3022,.T.);
#3159 = ORIENTED_EDGE('',*,*,#3160,.T.);
#3160 = EDGE_CURVE('',#3023,#2895,#3161,.T.);
#3161 = SURFACE_CURVE('',#3162,(#3166,#3172),.PCURVE_S1.);
#3162 = LINE('',#3163,#3164);
#3163 = CARTESIAN_POINT('',(274.5,687.88702389151,630.));
#3164 = VECTOR('',#3165,1.);
#3165 = DIRECTION('',(-1.,-0.,-0.));
#3166 = PCURVE('',#2855,#3167);
#3167 = DEFINITIONAL_REPRESENTATION('',(#3168),#3171);
#3168 = B_SPLINE_CURVE_WITH_KNOTS('',1,(#3169,#3170),.UNSPECIFIED.,.F.,
  .F.,(2,2),(-50.5,-0.5),.PIECEWISE_BEZIER_KNOTS.);
#3169 = CARTESIAN_POINT('',(70.450788565263,-50.));
#3170 = CARTESIAN_POINT('',(70.450788565263,0.));
#3171 = ( GEOMETRIC_REPRESENTATION_CONTEXT(2) 
PARAMETRIC_REPRESENTATION_CONTEXT() REPRESENTATION_CONTEXT('2D SPACE',''
  ) );
#3172 = PCURVE('',#2932,#3173);
#3173 = DEFINITIONAL_REPRESENTATION('',(#3174),#3177);
#3174 = B_SPLINE_CURVE_WITH_KNOTS('',1,(#3175,#3176),.UNSPECIFIED.,.F.,
  .F.,(2,2),(-50.5,-0.5),.PIECEWISE_BEZIER_KNOTS.);
#3175 = CARTESIAN_POINT('',(639.92799613447,-51.));
#3176 = CARTESIAN_POINT('',(639.92799613447,-1.));
#3177 = ( GEOMETRIC_REPRESENTATION_CONTEXT(2) 
PARAMETRIC_REPRESENTATION_CONTEXT() REPRESENTATION_CONTEXT('2D SPACE',''
  ) );
#3178 = ADVANCED_FACE('',(#3179),#2984,.T.);
#3179 = FACE_BOUND('',#3180,.T.);
#3180 = EDGE_LOOP('',(#3181,#3202,#3203,#3204));
#3181 = ORIENTED_EDGE('',*,*,#3182,.F.);
#3182 = EDGE_CURVE('',#2944,#3067,#3183,.T.);
#3183 = SURFACE_CURVE('',#3184,(#3188,#3195),.PCURVE_S1.);
#3184 = LINE('',#3185,#3186);
#3185 = CARTESIAN_POINT('',(274.,-352.5024085069,85.));
#3186 = VECTOR('',#3187,1.);
#3187 = DIRECTION('',(1.,0.,0.));
#3188 = PCURVE('',#2984,#3189);
#3189 = DEFINITIONAL_REPRESENTATION('',(#3190),#3194);
#3190 = LINE('',#3191,#3192);
#3191 = CARTESIAN_POINT('',(780.829573265,0.));
#3192 = VECTOR('',#3193,1.);
#3193 = DIRECTION('',(0.,-1.));
#3194 = ( GEOMETRIC_REPRESENTATION_CONTEXT(2) 
PARAMETRIC_REPRESENTATION_CONTEXT() REPRESENTATION_CONTEXT('2D SPACE',''
  ) );
#3195 = PCURVE('',#2958,#3196);
#3196 = DEFINITIONAL_REPRESENTATION('',(#3197),#3201);
#3197 = LINE('',#3198,#3199);
#3198 = CARTESIAN_POINT('',(0.,0.));
#3199 = VECTOR('',#3200,1.);
#3200 = DIRECTION('',(0.,-1.));
#3201 = ( GEOMETRIC_REPRESENTATION_CONTEXT(2) 
PARAMETRIC_REPRESENTATION_CONTEXT() REPRESENTATION_CONTEXT('2D SPACE',''
  ) );
#3202 = ORIENTED_EDGE('',*,*,#2969,.T.);
#3203 = ORIENTED_EDGE('',*,*,#3133,.T.);
#3204 = ORIENTED_EDGE('',*,*,#3087,.F.);
#3205 = ADVANCED_FACE('',(#3206),#2958,.T.);
#3206 = FACE_BOUND('',#3207,.T.);
#3207 = EDGE_LOOP('',(#3208,#3209,#3210,#3211));
#3208 = ORIENTED_EDGE('',*,*,#2943,.T.);
#3209 = ORIENTED_EDGE('',*,*,#3182,.T.);
#3210 = ORIENTED_EDGE('',*,*,#3066,.F.);
#3211 = ORIENTED_EDGE('',*,*,#3212,.F.);
#3212 = EDGE_CURVE('',#2918,#3046,#3213,.T.);
#3213 = SURFACE_CURVE('',#3214,(#3218,#3225),.PCURVE_S1.);
#3214 = LINE('',#3215,#3216);
#3215 = CARTESIAN_POINT('',(274.,352.5024085069,85.));
#3216 = VECTOR('',#3217,1.);
#3217 = DIRECTION('',(1.,0.,0.));
#3218 = PCURVE('',#2958,#3219);
#3219 = DEFINITIONAL_REPRESENTATION('',(#3220),#3224);
#3220 = LINE('',#3221,#3222);
#3221 = CARTESIAN_POINT('',(705.0048170138,0.));
#3222 = VECTOR('',#3223,1.);
#3223 = DIRECTION('',(0.,-1.));
#3224 = ( GEOMETRIC_REPRESENTATION_CONTEXT(2) 
PARAMETRIC_REPRESENTATION_CONTEXT() REPRESENTATION_CONTEXT('2D SPACE',''
  ) );
#3225 = PCURVE('',#2932,#3226);
#3226 = DEFINITIONAL_REPRESENTATION('',(#3227),#3231);
#3227 = LINE('',#3228,#3229);
#3228 = CARTESIAN_POINT('',(0.,0.));
#3229 = VECTOR('',#3230,1.);
#3230 = DIRECTION('',(0.,-1.));
#3231 = ( GEOMETRIC_REPRESENTATION_CONTEXT(2) 
PARAMETRIC_REPRESENTATION_CONTEXT() REPRESENTATION_CONTEXT('2D SPACE',''
  ) );
#3232 = ADVANCED_FACE('',(#3233),#2932,.T.);
#3233 = FACE_BOUND('',#3234,.T.);
#3234 = EDGE_LOOP('',(#3235,#3236,#3237,#3238));
#3235 = ORIENTED_EDGE('',*,*,#2917,.T.);
#3236 = ORIENTED_EDGE('',*,*,#3212,.T.);
#3237 = ORIENTED_EDGE('',*,*,#3045,.F.);
#3238 = ORIENTED_EDGE('',*,*,#3160,.T.);
#3239 = MANIFOLD_SOLID_BREP('',#3240);
#3240 = CLOSED_SHELL('',(#3241,#3361,#3437,#3513,#3641,#3754,#3779,#3804
    ,#3831,#3858));
#3241 = ADVANCED_FACE('',(#3242),#3256,.F.);
#3242 = FACE_BOUND('',#3243,.F.);
#3243 = EDGE_LOOP('',(#3244,#3279,#3307,#3335));
#3244 = ORIENTED_EDGE('',*,*,#3245,.T.);
#3245 = EDGE_CURVE('',#3246,#3248,#3250,.T.);
#3246 = VERTEX_POINT('',#3247);
#3247 = CARTESIAN_POINT('',(875.,-386.030120149,25.));
#3248 = VERTEX_POINT('',#3249);
#3249 = CARTESIAN_POINT('',(925.,-386.030120149,25.));
#3250 = SURFACE_CURVE('',#3251,(#3255,#3267),.PCURVE_S1.);
#3251 = LINE('',#3252,#3253);
#3252 = CARTESIAN_POINT('',(875.,-386.030120149,25.));
#3253 = VECTOR('',#3254,1.);
#3254 = DIRECTION('',(1.,0.,0.));
#3255 = PCURVE('',#3256,#3261);
#3256 = PLANE('',#3257);
#3257 = AXIS2_PLACEMENT_3D('',#3258,#3259,#3260);
#3258 = CARTESIAN_POINT('',(875.,-386.030120149,25.));
#3259 = DIRECTION('',(0.,0.,1.));
#3260 = DIRECTION('',(0.,1.,0.));
#3261 = DEFINITIONAL_REPRESENTATION('',(#3262),#3266);
#3262 = LINE('',#3263,#3264);
#3263 = CARTESIAN_POINT('',(0.,0.));
#3264 = VECTOR('',#3265,1.);
#3265 = DIRECTION('',(0.,-1.));
#3266 = ( GEOMETRIC_REPRESENTATION_CONTEXT(2) 
PARAMETRIC_REPRESENTATION_CONTEXT() REPRESENTATION_CONTEXT('2D SPACE',''
  ) );
#3267 = PCURVE('',#3268,#3273);
#3268 = PLANE('',#3269);
#3269 = AXIS2_PLACEMENT_3D('',#3270,#3271,#3272);
#3270 = CARTESIAN_POINT('',(875.,-758.3378124567,630.));
#3271 = DIRECTION('',(-0.,0.851658316705,0.524097425664));
#3272 = DIRECTION('',(0.,0.524097425664,-0.851658316705));
#3273 = DEFINITIONAL_REPRESENTATION('',(#3274),#3278);
#3274 = LINE('',#3275,#3276);
#3275 = CARTESIAN_POINT('',(710.37878469974,0.));
#3276 = VECTOR('',#3277,1.);
#3277 = DIRECTION('',(0.,-1.));
#3278 = ( GEOMETRIC_REPRESENTATION_CONTEXT(2) 
PARAMETRIC_REPRESENTATION_CONTEXT() REPRESENTATION_CONTEXT('2D SPACE',''
  ) );
#3279 = ORIENTED_EDGE('',*,*,#3280,.T.);
#3280 = EDGE_CURVE('',#3248,#3281,#3283,.T.);
#3281 = VERTEX_POINT('',#3282);
#3282 = CARTESIAN_POINT('',(925.,386.03012014908,25.));
#3283 = SURFACE_CURVE('',#3284,(#3288,#3295),.PCURVE_S1.);
#3284 = LINE('',#3285,#3286);
#3285 = CARTESIAN_POINT('',(925.,-386.030120149,25.));
#3286 = VECTOR('',#3287,1.);
#3287 = DIRECTION('',(0.,1.,0.));
#3288 = PCURVE('',#3256,#3289);
#3289 = DEFINITIONAL_REPRESENTATION('',(#3290),#3294);
#3290 = LINE('',#3291,#3292);
#3291 = CARTESIAN_POINT('',(0.,-50.));
#3292 = VECTOR('',#3293,1.);
#3293 = DIRECTION('',(1.,0.));
#3294 = ( GEOMETRIC_REPRESENTATION_CONTEXT(2) 
PARAMETRIC_REPRESENTATION_CONTEXT() REPRESENTATION_CONTEXT('2D SPACE',''
  ) );
#3295 = PCURVE('',#3296,#3301);
#3296 = PLANE('',#3297);
#3297 = AXIS2_PLACEMENT_3D('',#3298,#3299,#3300);
#3298 = CARTESIAN_POINT('',(925.,-7.84576950189E-15,388.22153996675));
#3299 = DIRECTION('',(1.,0.,0.));
#3300 = DIRECTION('',(-0.,0.,1.));
#3301 = DEFINITIONAL_REPRESENTATION('',(#3302),#3306);
#3302 = LINE('',#3303,#3304);
#3303 = CARTESIAN_POINT('',(-363.2215399667,386.03012014908));
#3304 = VECTOR('',#3305,1.);
#3305 = DIRECTION('',(0.,-1.));
#3306 = ( GEOMETRIC_REPRESENTATION_CONTEXT(2) 
PARAMETRIC_REPRESENTATION_CONTEXT() REPRESENTATION_CONTEXT('2D SPACE',''
  ) );
#3307 = ORIENTED_EDGE('',*,*,#3308,.F.);
#3308 = EDGE_CURVE('',#3309,#3281,#3311,.T.);
#3309 = VERTEX_POINT('',#3310);
#3310 = CARTESIAN_POINT('',(875.,386.03012014908,25.));
#3311 = SURFACE_CURVE('',#3312,(#3316,#3323),.PCURVE_S1.);
#3312 = LINE('',#3313,#3314);
#3313 = CARTESIAN_POINT('',(875.,386.03012014908,25.));
#3314 = VECTOR('',#3315,1.);
#3315 = DIRECTION('',(1.,0.,0.));
#3316 = PCURVE('',#3256,#3317);
#3317 = DEFINITIONAL_REPRESENTATION('',(#3318),#3322);
#3318 = LINE('',#3319,#3320);
#3319 = CARTESIAN_POINT('',(772.06024029817,0.));
#3320 = VECTOR('',#3321,1.);
#3321 = DIRECTION('',(0.,-1.));
#3322 = ( GEOMETRIC_REPRESENTATION_CONTEXT(2) 
PARAMETRIC_REPRESENTATION_CONTEXT() REPRESENTATION_CONTEXT('2D SPACE',''
  ) );
#3323 = PCURVE('',#3324,#3329);
#3324 = PLANE('',#3325);
#3325 = AXIS2_PLACEMENT_3D('',#3326,#3327,#3328);
#3326 = CARTESIAN_POINT('',(875.,386.03012014908,25.));
#3327 = DIRECTION('',(0.,-0.851658316705,0.524097425664));
#3328 = DIRECTION('',(0.,0.524097425664,0.851658316705));
#3329 = DEFINITIONAL_REPRESENTATION('',(#3330),#3334);
#3330 = LINE('',#3331,#3332);
#3331 = CARTESIAN_POINT('',(0.,0.));
#3332 = VECTOR('',#3333,1.);
#3333 = DIRECTION('',(0.,-1.));
#3334 = ( GEOMETRIC_REPRESENTATION_CONTEXT(2) 
PARAMETRIC_REPRESENTATION_CONTEXT() REPRESENTATION_CONTEXT('2D SPACE',''
  ) );
#3335 = ORIENTED_EDGE('',*,*,#3336,.F.);
#3336 = EDGE_CURVE('',#3246,#3309,#3337,.T.);
#3337 = SURFACE_CURVE('',#3338,(#3342,#3349),.PCURVE_S1.);
#3338 = LINE('',#3339,#3340);
#3339 = CARTESIAN_POINT('',(875.,-386.030120149,25.));
#3340 = VECTOR('',#3341,1.);
#3341 = DIRECTION('',(0.,1.,0.));
#3342 = PCURVE('',#3256,#3343);
#3343 = DEFINITIONAL_REPRESENTATION('',(#3344),#3348);
#3344 = LINE('',#3345,#3346);
#3345 = CARTESIAN_POINT('',(0.,0.));
#3346 = VECTOR('',#3347,1.);
#3347 = DIRECTION('',(1.,0.));
#3348 = ( GEOMETRIC_REPRESENTATION_CONTEXT(2) 
PARAMETRIC_REPRESENTATION_CONTEXT() REPRESENTATION_CONTEXT('2D SPACE',''
  ) );
#3349 = PCURVE('',#3350,#3355);
#3350 = PLANE('',#3351);
#3351 = AXIS2_PLACEMENT_3D('',#3352,#3353,#3354);
#3352 = CARTESIAN_POINT('',(875.,-7.84576950189E-15,388.22153996675));
#3353 = DIRECTION('',(1.,0.,0.));
#3354 = DIRECTION('',(-0.,0.,1.));
#3355 = DEFINITIONAL_REPRESENTATION('',(#3356),#3360);
#3356 = LINE('',#3357,#3358);
#3357 = CARTESIAN_POINT('',(-363.2215399667,386.03012014908));
#3358 = VECTOR('',#3359,1.);
#3359 = DIRECTION('',(0.,-1.));
#3360 = ( GEOMETRIC_REPRESENTATION_CONTEXT(2) 
PARAMETRIC_REPRESENTATION_CONTEXT() REPRESENTATION_CONTEXT('2D SPACE',''
  ) );
#3361 = ADVANCED_FACE('',(#3362),#3268,.F.);
#3362 = FACE_BOUND('',#3363,.F.);
#3363 = EDGE_LOOP('',(#3364,#3394,#3415,#3416));
#3364 = ORIENTED_EDGE('',*,*,#3365,.T.);
#3365 = EDGE_CURVE('',#3366,#3368,#3370,.T.);
#3366 = VERTEX_POINT('',#3367);
#3367 = CARTESIAN_POINT('',(875.,-758.3378124567,630.));
#3368 = VERTEX_POINT('',#3369);
#3369 = CARTESIAN_POINT('',(925.,-758.3378124567,630.));
#3370 = SURFACE_CURVE('',#3371,(#3375,#3382),.PCURVE_S1.);
#3371 = LINE('',#3372,#3373);
#3372 = CARTESIAN_POINT('',(875.,-758.3378124567,630.));
#3373 = VECTOR('',#3374,1.);
#3374 = DIRECTION('',(1.,0.,0.));
#3375 = PCURVE('',#3268,#3376);
#3376 = DEFINITIONAL_REPRESENTATION('',(#3377),#3381);
#3377 = LINE('',#3378,#3379);
#3378 = CARTESIAN_POINT('',(0.,0.));
#3379 = VECTOR('',#3380,1.);
#3380 = DIRECTION('',(0.,-1.));
#3381 = ( GEOMETRIC_REPRESENTATION_CONTEXT(2) 
PARAMETRIC_REPRESENTATION_CONTEXT() REPRESENTATION_CONTEXT('2D SPACE',''
  ) );
#3382 = PCURVE('',#3383,#3388);
#3383 = PLANE('',#3384);
#3384 = AXIS2_PLACEMENT_3D('',#3385,#3386,#3387);
#3385 = CARTESIAN_POINT('',(875.,758.33781245678,630.));
#3386 = DIRECTION('',(0.,0.,-1.));
#3387 = DIRECTION('',(0.,-1.,0.));
#3388 = DEFINITIONAL_REPRESENTATION('',(#3389),#3393);
#3389 = LINE('',#3390,#3391);
#3390 = CARTESIAN_POINT('',(1.516675624914E+03,0.));
#3391 = VECTOR('',#3392,1.);
#3392 = DIRECTION('',(0.,-1.));
#3393 = ( GEOMETRIC_REPRESENTATION_CONTEXT(2) 
PARAMETRIC_REPRESENTATION_CONTEXT() REPRESENTATION_CONTEXT('2D SPACE',''
  ) );
#3394 = ORIENTED_EDGE('',*,*,#3395,.T.);
#3395 = EDGE_CURVE('',#3368,#3248,#3396,.T.);
#3396 = SURFACE_CURVE('',#3397,(#3401,#3408),.PCURVE_S1.);
#3397 = LINE('',#3398,#3399);
#3398 = CARTESIAN_POINT('',(925.,-758.3378124567,630.));
#3399 = VECTOR('',#3400,1.);
#3400 = DIRECTION('',(0.,0.524097425664,-0.851658316705));
#3401 = PCURVE('',#3268,#3402);
#3402 = DEFINITIONAL_REPRESENTATION('',(#3403),#3407);
#3403 = LINE('',#3404,#3405);
#3404 = CARTESIAN_POINT('',(0.,-50.));
#3405 = VECTOR('',#3406,1.);
#3406 = DIRECTION('',(1.,0.));
#3407 = ( GEOMETRIC_REPRESENTATION_CONTEXT(2) 
PARAMETRIC_REPRESENTATION_CONTEXT() REPRESENTATION_CONTEXT('2D SPACE',''
  ) );
#3408 = PCURVE('',#3296,#3409);
#3409 = DEFINITIONAL_REPRESENTATION('',(#3410),#3414);
#3410 = LINE('',#3411,#3412);
#3411 = CARTESIAN_POINT('',(241.77846003324,758.33781245678));
#3412 = VECTOR('',#3413,1.);
#3413 = DIRECTION('',(-0.851658316705,-0.524097425664));
#3414 = ( GEOMETRIC_REPRESENTATION_CONTEXT(2) 
PARAMETRIC_REPRESENTATION_CONTEXT() REPRESENTATION_CONTEXT('2D SPACE',''
  ) );
#3415 = ORIENTED_EDGE('',*,*,#3245,.F.);
#3416 = ORIENTED_EDGE('',*,*,#3417,.F.);
#3417 = EDGE_CURVE('',#3366,#3246,#3418,.T.);
#3418 = SURFACE_CURVE('',#3419,(#3423,#3430),.PCURVE_S1.);
#3419 = LINE('',#3420,#3421);
#3420 = CARTESIAN_POINT('',(875.,-758.3378124567,630.));
#3421 = VECTOR('',#3422,1.);
#3422 = DIRECTION('',(0.,0.524097425664,-0.851658316705));
#3423 = PCURVE('',#3268,#3424);
#3424 = DEFINITIONAL_REPRESENTATION('',(#3425),#3429);
#3425 = LINE('',#3426,#3427);
#3426 = CARTESIAN_POINT('',(0.,0.));
#3427 = VECTOR('',#3428,1.);
#3428 = DIRECTION('',(1.,0.));
#3429 = ( GEOMETRIC_REPRESENTATION_CONTEXT(2) 
PARAMETRIC_REPRESENTATION_CONTEXT() REPRESENTATION_CONTEXT('2D SPACE',''
  ) );
#3430 = PCURVE('',#3350,#3431);
#3431 = DEFINITIONAL_REPRESENTATION('',(#3432),#3436);
#3432 = LINE('',#3433,#3434);
#3433 = CARTESIAN_POINT('',(241.77846003324,758.33781245678));
#3434 = VECTOR('',#3435,1.);
#3435 = DIRECTION('',(-0.851658316705,-0.524097425664));
#3436 = ( GEOMETRIC_REPRESENTATION_CONTEXT(2) 
PARAMETRIC_REPRESENTATION_CONTEXT() REPRESENTATION_CONTEXT('2D SPACE',''
  ) );
#3437 = ADVANCED_FACE('',(#3438),#3324,.F.);
#3438 = FACE_BOUND('',#3439,.F.);
#3439 = EDGE_LOOP('',(#3440,#3441,#3464,#3492));
#3440 = ORIENTED_EDGE('',*,*,#3308,.T.);
#3441 = ORIENTED_EDGE('',*,*,#3442,.T.);
#3442 = EDGE_CURVE('',#3281,#3443,#3445,.T.);
#3443 = VERTEX_POINT('',#3444);
#3444 = CARTESIAN_POINT('',(925.,758.33781245678,630.));
#3445 = SURFACE_CURVE('',#3446,(#3450,#3457),.PCURVE_S1.);
#3446 = LINE('',#3447,#3448);
#3447 = CARTESIAN_POINT('',(925.,386.03012014908,25.));
#3448 = VECTOR('',#3449,1.);
#3449 = DIRECTION('',(0.,0.524097425664,0.851658316705));
#3450 = PCURVE('',#3324,#3451);
#3451 = DEFINITIONAL_REPRESENTATION('',(#3452),#3456);
#3452 = LINE('',#3453,#3454);
#3453 = CARTESIAN_POINT('',(0.,-50.));
#3454 = VECTOR('',#3455,1.);
#3455 = DIRECTION('',(1.,0.));
#3456 = ( GEOMETRIC_REPRESENTATION_CONTEXT(2) 
PARAMETRIC_REPRESENTATION_CONTEXT() REPRESENTATION_CONTEXT('2D SPACE',''
  ) );
#3457 = PCURVE('',#3296,#3458);
#3458 = DEFINITIONAL_REPRESENTATION('',(#3459),#3463);
#3459 = LINE('',#3460,#3461);
#3460 = CARTESIAN_POINT('',(-363.2215399667,-386.030120149));
#3461 = VECTOR('',#3462,1.);
#3462 = DIRECTION('',(0.851658316705,-0.524097425664));
#3463 = ( GEOMETRIC_REPRESENTATION_CONTEXT(2) 
PARAMETRIC_REPRESENTATION_CONTEXT() REPRESENTATION_CONTEXT('2D SPACE',''
  ) );
#3464 = ORIENTED_EDGE('',*,*,#3465,.F.);
#3465 = EDGE_CURVE('',#3466,#3443,#3468,.T.);
#3466 = VERTEX_POINT('',#3467);
#3467 = CARTESIAN_POINT('',(875.,758.33781245678,630.));
#3468 = SURFACE_CURVE('',#3469,(#3473,#3480),.PCURVE_S1.);
#3469 = LINE('',#3470,#3471);
#3470 = CARTESIAN_POINT('',(875.,758.33781245678,630.));
#3471 = VECTOR('',#3472,1.);
#3472 = DIRECTION('',(1.,0.,0.));
#3473 = PCURVE('',#3324,#3474);
#3474 = DEFINITIONAL_REPRESENTATION('',(#3475),#3479);
#3475 = LINE('',#3476,#3477);
#3476 = CARTESIAN_POINT('',(710.37878469974,0.));
#3477 = VECTOR('',#3478,1.);
#3478 = DIRECTION('',(0.,-1.));
#3479 = ( GEOMETRIC_REPRESENTATION_CONTEXT(2) 
PARAMETRIC_REPRESENTATION_CONTEXT() REPRESENTATION_CONTEXT('2D SPACE',''
  ) );
#3480 = PCURVE('',#3481,#3486);
#3481 = PLANE('',#3482);
#3482 = AXIS2_PLACEMENT_3D('',#3483,#3484,#3485);
#3483 = CARTESIAN_POINT('',(875.,758.33781245678,630.));
#3484 = DIRECTION('',(0.,0.,-1.));
#3485 = DIRECTION('',(0.,-1.,0.));
#3486 = DEFINITIONAL_REPRESENTATION('',(#3487),#3491);
#3487 = LINE('',#3488,#3489);
#3488 = CARTESIAN_POINT('',(0.,-0.));
#3489 = VECTOR('',#3490,1.);
#3490 = DIRECTION('',(0.,-1.));
#3491 = ( GEOMETRIC_REPRESENTATION_CONTEXT(2) 
PARAMETRIC_REPRESENTATION_CONTEXT() REPRESENTATION_CONTEXT('2D SPACE',''
  ) );
#3492 = ORIENTED_EDGE('',*,*,#3493,.F.);
#3493 = EDGE_CURVE('',#3309,#3466,#3494,.T.);
#3494 = SURFACE_CURVE('',#3495,(#3499,#3506),.PCURVE_S1.);
#3495 = LINE('',#3496,#3497);
#3496 = CARTESIAN_POINT('',(875.,386.03012014908,25.));
#3497 = VECTOR('',#3498,1.);
#3498 = DIRECTION('',(0.,0.524097425664,0.851658316705));
#3499 = PCURVE('',#3324,#3500);
#3500 = DEFINITIONAL_REPRESENTATION('',(#3501),#3505);
#3501 = LINE('',#3502,#3503);
#3502 = CARTESIAN_POINT('',(0.,0.));
#3503 = VECTOR('',#3504,1.);
#3504 = DIRECTION('',(1.,0.));
#3505 = ( GEOMETRIC_REPRESENTATION_CONTEXT(2) 
PARAMETRIC_REPRESENTATION_CONTEXT() REPRESENTATION_CONTEXT('2D SPACE',''
  ) );
#3506 = PCURVE('',#3350,#3507);
#3507 = DEFINITIONAL_REPRESENTATION('',(#3508),#3512);
#3508 = LINE('',#3509,#3510);
#3509 = CARTESIAN_POINT('',(-363.2215399667,-386.030120149));
#3510 = VECTOR('',#3511,1.);
#3511 = DIRECTION('',(0.851658316705,-0.524097425664));
#3512 = ( GEOMETRIC_REPRESENTATION_CONTEXT(2) 
PARAMETRIC_REPRESENTATION_CONTEXT() REPRESENTATION_CONTEXT('2D SPACE',''
  ) );
#3513 = ADVANCED_FACE('',(#3514),#3350,.F.);
#3514 = FACE_BOUND('',#3515,.F.);
#3515 = EDGE_LOOP('',(#3516,#3517,#3518,#3519,#3542,#3568,#3594,#3620));
#3516 = ORIENTED_EDGE('',*,*,#3417,.T.);
#3517 = ORIENTED_EDGE('',*,*,#3336,.T.);
#3518 = ORIENTED_EDGE('',*,*,#3493,.T.);
#3519 = ORIENTED_EDGE('',*,*,#3520,.T.);
#3520 = EDGE_CURVE('',#3466,#3521,#3523,.T.);
#3521 = VERTEX_POINT('',#3522);
#3522 = CARTESIAN_POINT('',(875.,687.88702389151,630.));
#3523 = SURFACE_CURVE('',#3524,(#3528,#3535),.PCURVE_S1.);
#3524 = LINE('',#3525,#3526);
#3525 = CARTESIAN_POINT('',(875.,758.33781245678,630.));
#3526 = VECTOR('',#3527,1.);
#3527 = DIRECTION('',(0.,-1.,0.));
#3528 = PCURVE('',#3350,#3529);
#3529 = DEFINITIONAL_REPRESENTATION('',(#3530),#3534);
#3530 = LINE('',#3531,#3532);
#3531 = CARTESIAN_POINT('',(241.77846003324,-758.3378124567));
#3532 = VECTOR('',#3533,1.);
#3533 = DIRECTION('',(0.,1.));
#3534 = ( GEOMETRIC_REPRESENTATION_CONTEXT(2) 
PARAMETRIC_REPRESENTATION_CONTEXT() REPRESENTATION_CONTEXT('2D SPACE',''
  ) );
#3535 = PCURVE('',#3481,#3536);
#3536 = DEFINITIONAL_REPRESENTATION('',(#3537),#3541);
#3537 = LINE('',#3538,#3539);
#3538 = CARTESIAN_POINT('',(0.,-0.));
#3539 = VECTOR('',#3540,1.);
#3540 = DIRECTION('',(1.,0.));
#3541 = ( GEOMETRIC_REPRESENTATION_CONTEXT(2) 
PARAMETRIC_REPRESENTATION_CONTEXT() REPRESENTATION_CONTEXT('2D SPACE',''
  ) );
#3542 = ORIENTED_EDGE('',*,*,#3543,.T.);
#3543 = EDGE_CURVE('',#3521,#3544,#3546,.T.);
#3544 = VERTEX_POINT('',#3545);
#3545 = CARTESIAN_POINT('',(875.,352.5024085069,85.));
#3546 = SURFACE_CURVE('',#3547,(#3551,#3557),.PCURVE_S1.);
#3547 = LINE('',#3548,#3549);
#3548 = CARTESIAN_POINT('',(875.,371.76182055003,116.29654457009));
#3549 = VECTOR('',#3550,1.);
#3550 = DIRECTION('',(0.,-0.524097425664,-0.851658316705));
#3551 = PCURVE('',#3350,#3552);
#3552 = DEFINITIONAL_REPRESENTATION('',(#3553),#3556);
#3553 = B_SPLINE_CURVE_WITH_KNOTS('',1,(#3554,#3555),.UNSPECIFIED.,.F.,
  .F.,(2,2),(-603.1802253956,36.74777073885),.PIECEWISE_BEZIER_KNOTS.);
#3554 = CARTESIAN_POINT('',(241.77846003324,-687.8870238915));
#3555 = CARTESIAN_POINT('',(-303.2215399667,-352.5024085069));
#3556 = ( GEOMETRIC_REPRESENTATION_CONTEXT(2) 
PARAMETRIC_REPRESENTATION_CONTEXT() REPRESENTATION_CONTEXT('2D SPACE',''
  ) );
#3557 = PCURVE('',#3558,#3563);
#3558 = PLANE('',#3559);
#3559 = AXIS2_PLACEMENT_3D('',#3560,#3561,#3562);
#3560 = CARTESIAN_POINT('',(874.,352.5024085069,85.));
#3561 = DIRECTION('',(0.,-0.851658316705,0.524097425664));
#3562 = DIRECTION('',(0.,0.524097425664,0.851658316705));
#3563 = DEFINITIONAL_REPRESENTATION('',(#3564),#3567);
#3564 = B_SPLINE_CURVE_WITH_KNOTS('',1,(#3565,#3566),.UNSPECIFIED.,.F.,
  .F.,(2,2),(-603.1802253956,36.74777073885),.PIECEWISE_BEZIER_KNOTS.);
#3565 = CARTESIAN_POINT('',(639.92799613447,-1.));
#3566 = CARTESIAN_POINT('',(0.,-1.));
#3567 = ( GEOMETRIC_REPRESENTATION_CONTEXT(2) 
PARAMETRIC_REPRESENTATION_CONTEXT() REPRESENTATION_CONTEXT('2D SPACE',''
  ) );
#3568 = ORIENTED_EDGE('',*,*,#3569,.T.);
#3569 = EDGE_CURVE('',#3544,#3570,#3572,.T.);
#3570 = VERTEX_POINT('',#3571);
#3571 = CARTESIAN_POINT('',(875.,-352.5024085069,85.));
#3572 = SURFACE_CURVE('',#3573,(#3577,#3583),.PCURVE_S1.);
#3573 = LINE('',#3574,#3575);
#3574 = CARTESIAN_POINT('',(875.,-176.2512042534,85.));
#3575 = VECTOR('',#3576,1.);
#3576 = DIRECTION('',(0.,-1.,0.));
#3577 = PCURVE('',#3350,#3578);
#3578 = DEFINITIONAL_REPRESENTATION('',(#3579),#3582);
#3579 = B_SPLINE_CURVE_WITH_KNOTS('',1,(#3580,#3581),.UNSPECIFIED.,.F.,
  .F.,(2,2),(-528.7536127603,176.25120425345),.PIECEWISE_BEZIER_KNOTS.);
#3580 = CARTESIAN_POINT('',(-303.2215399667,-352.5024085069));
#3581 = CARTESIAN_POINT('',(-303.2215399667,352.5024085069));
#3582 = ( GEOMETRIC_REPRESENTATION_CONTEXT(2) 
PARAMETRIC_REPRESENTATION_CONTEXT() REPRESENTATION_CONTEXT('2D SPACE',''
  ) );
#3583 = PCURVE('',#3584,#3589);
#3584 = PLANE('',#3585);
#3585 = AXIS2_PLACEMENT_3D('',#3586,#3587,#3588);
#3586 = CARTESIAN_POINT('',(874.,-352.5024085069,85.));
#3587 = DIRECTION('',(0.,0.,1.));
#3588 = DIRECTION('',(0.,1.,0.));
#3589 = DEFINITIONAL_REPRESENTATION('',(#3590),#3593);
#3590 = B_SPLINE_CURVE_WITH_KNOTS('',1,(#3591,#3592),.UNSPECIFIED.,.F.,
  .F.,(2,2),(-528.7536127603,176.25120425345),.PIECEWISE_BEZIER_KNOTS.);
#3591 = CARTESIAN_POINT('',(705.0048170138,-1.));
#3592 = CARTESIAN_POINT('',(0.,-1.));
#3593 = ( GEOMETRIC_REPRESENTATION_CONTEXT(2) 
PARAMETRIC_REPRESENTATION_CONTEXT() REPRESENTATION_CONTEXT('2D SPACE',''
  ) );
#3594 = ORIENTED_EDGE('',*,*,#3595,.T.);
#3595 = EDGE_CURVE('',#3570,#3596,#3598,.T.);
#3596 = VERTEX_POINT('',#3597);
#3597 = CARTESIAN_POINT('',(875.,-687.8870238915,630.));
#3598 = SURFACE_CURVE('',#3599,(#3603,#3609),.PCURVE_S1.);
#3599 = LINE('',#3600,#3601);
#3600 = CARTESIAN_POINT('',(875.,-576.3772051654,448.79654457009));
#3601 = VECTOR('',#3602,1.);
#3602 = DIRECTION('',(0.,-0.524097425664,0.851658316705));
#3603 = PCURVE('',#3350,#3604);
#3604 = DEFINITIONAL_REPRESENTATION('',(#3605),#3608);
#3605 = B_SPLINE_CURVE_WITH_KNOTS('',1,(#3606,#3607),.UNSPECIFIED.,.F.,
  .F.,(2,2),(-427.1625573713,212.76543876312),.PIECEWISE_BEZIER_KNOTS.);
#3606 = CARTESIAN_POINT('',(-303.2215399667,352.5024085069));
#3607 = CARTESIAN_POINT('',(241.77846003324,687.88702389151));
#3608 = ( GEOMETRIC_REPRESENTATION_CONTEXT(2) 
PARAMETRIC_REPRESENTATION_CONTEXT() REPRESENTATION_CONTEXT('2D SPACE',''
  ) );
#3609 = PCURVE('',#3610,#3615);
#3610 = PLANE('',#3611);
#3611 = AXIS2_PLACEMENT_3D('',#3612,#3613,#3614);
#3612 = CARTESIAN_POINT('',(874.,-761.7331777376,750.));
#3613 = DIRECTION('',(-0.,0.851658316705,0.524097425664));
#3614 = DIRECTION('',(0.,0.524097425664,-0.851658316705));
#3615 = DEFINITIONAL_REPRESENTATION('',(#3616),#3619);
#3616 = B_SPLINE_CURVE_WITH_KNOTS('',1,(#3617,#3618),.UNSPECIFIED.,.F.,
  .F.,(2,2),(-427.1625573713,212.76543876312),.PIECEWISE_BEZIER_KNOTS.);
#3617 = CARTESIAN_POINT('',(780.829573265,-1.));
#3618 = CARTESIAN_POINT('',(140.90157713052,-1.));
#3619 = ( GEOMETRIC_REPRESENTATION_CONTEXT(2) 
PARAMETRIC_REPRESENTATION_CONTEXT() REPRESENTATION_CONTEXT('2D SPACE',''
  ) );
#3620 = ORIENTED_EDGE('',*,*,#3621,.T.);
#3621 = EDGE_CURVE('',#3596,#3366,#3622,.T.);
#3622 = SURFACE_CURVE('',#3623,(#3627,#3634),.PCURVE_S1.);
#3623 = LINE('',#3624,#3625);
#3624 = CARTESIAN_POINT('',(875.,758.33781245678,630.));
#3625 = VECTOR('',#3626,1.);
#3626 = DIRECTION('',(0.,-1.,0.));
#3627 = PCURVE('',#3350,#3628);
#3628 = DEFINITIONAL_REPRESENTATION('',(#3629),#3633);
#3629 = LINE('',#3630,#3631);
#3630 = CARTESIAN_POINT('',(241.77846003324,-758.3378124567));
#3631 = VECTOR('',#3632,1.);
#3632 = DIRECTION('',(0.,1.));
#3633 = ( GEOMETRIC_REPRESENTATION_CONTEXT(2) 
PARAMETRIC_REPRESENTATION_CONTEXT() REPRESENTATION_CONTEXT('2D SPACE',''
  ) );
#3634 = PCURVE('',#3383,#3635);
#3635 = DEFINITIONAL_REPRESENTATION('',(#3636),#3640);
#3636 = LINE('',#3637,#3638);
#3637 = CARTESIAN_POINT('',(0.,-0.));
#3638 = VECTOR('',#3639,1.);
#3639 = DIRECTION('',(1.,0.));
#3640 = ( GEOMETRIC_REPRESENTATION_CONTEXT(2) 
PARAMETRIC_REPRESENTATION_CONTEXT() REPRESENTATION_CONTEXT('2D SPACE',''
  ) );
#3641 = ADVANCED_FACE('',(#3642),#3296,.T.);
#3642 = FACE_BOUND('',#3643,.T.);
#3643 = EDGE_LOOP('',(#3644,#3645,#3646,#3647,#3670,#3691,#3712,#3733));
#3644 = ORIENTED_EDGE('',*,*,#3395,.T.);
#3645 = ORIENTED_EDGE('',*,*,#3280,.T.);
#3646 = ORIENTED_EDGE('',*,*,#3442,.T.);
#3647 = ORIENTED_EDGE('',*,*,#3648,.T.);
#3648 = EDGE_CURVE('',#3443,#3649,#3651,.T.);
#3649 = VERTEX_POINT('',#3650);
#3650 = CARTESIAN_POINT('',(925.,687.88702389151,630.));
#3651 = SURFACE_CURVE('',#3652,(#3656,#3663),.PCURVE_S1.);
#3652 = LINE('',#3653,#3654);
#3653 = CARTESIAN_POINT('',(925.,758.33781245678,630.));
#3654 = VECTOR('',#3655,1.);
#3655 = DIRECTION('',(0.,-1.,0.));
#3656 = PCURVE('',#3296,#3657);
#3657 = DEFINITIONAL_REPRESENTATION('',(#3658),#3662);
#3658 = LINE('',#3659,#3660);
#3659 = CARTESIAN_POINT('',(241.77846003324,-758.3378124567));
#3660 = VECTOR('',#3661,1.);
#3661 = DIRECTION('',(0.,1.));
#3662 = ( GEOMETRIC_REPRESENTATION_CONTEXT(2) 
PARAMETRIC_REPRESENTATION_CONTEXT() REPRESENTATION_CONTEXT('2D SPACE',''
  ) );
#3663 = PCURVE('',#3481,#3664);
#3664 = DEFINITIONAL_REPRESENTATION('',(#3665),#3669);
#3665 = LINE('',#3666,#3667);
#3666 = CARTESIAN_POINT('',(0.,-50.));
#3667 = VECTOR('',#3668,1.);
#3668 = DIRECTION('',(1.,0.));
#3669 = ( GEOMETRIC_REPRESENTATION_CONTEXT(2) 
PARAMETRIC_REPRESENTATION_CONTEXT() REPRESENTATION_CONTEXT('2D SPACE',''
  ) );
#3670 = ORIENTED_EDGE('',*,*,#3671,.T.);
#3671 = EDGE_CURVE('',#3649,#3672,#3674,.T.);
#3672 = VERTEX_POINT('',#3673);
#3673 = CARTESIAN_POINT('',(925.,352.5024085069,85.));
#3674 = SURFACE_CURVE('',#3675,(#3679,#3685),.PCURVE_S1.);
#3675 = LINE('',#3676,#3677);
#3676 = CARTESIAN_POINT('',(925.,371.76182055003,116.29654457009));
#3677 = VECTOR('',#3678,1.);
#3678 = DIRECTION('',(0.,-0.524097425664,-0.851658316705));
#3679 = PCURVE('',#3296,#3680);
#3680 = DEFINITIONAL_REPRESENTATION('',(#3681),#3684);
#3681 = B_SPLINE_CURVE_WITH_KNOTS('',1,(#3682,#3683),.UNSPECIFIED.,.F.,
  .F.,(2,2),(-603.1802253956,36.74777073885),.PIECEWISE_BEZIER_KNOTS.);
#3682 = CARTESIAN_POINT('',(241.77846003324,-687.8870238915));
#3683 = CARTESIAN_POINT('',(-303.2215399667,-352.5024085069));
#3684 = ( GEOMETRIC_REPRESENTATION_CONTEXT(2) 
PARAMETRIC_REPRESENTATION_CONTEXT() REPRESENTATION_CONTEXT('2D SPACE',''
  ) );
#3685 = PCURVE('',#3558,#3686);
#3686 = DEFINITIONAL_REPRESENTATION('',(#3687),#3690);
#3687 = B_SPLINE_CURVE_WITH_KNOTS('',1,(#3688,#3689),.UNSPECIFIED.,.F.,
  .F.,(2,2),(-603.1802253956,36.74777073885),.PIECEWISE_BEZIER_KNOTS.);
#3688 = CARTESIAN_POINT('',(639.92799613447,-51.));
#3689 = CARTESIAN_POINT('',(0.,-51.));
#3690 = ( GEOMETRIC_REPRESENTATION_CONTEXT(2) 
PARAMETRIC_REPRESENTATION_CONTEXT() REPRESENTATION_CONTEXT('2D SPACE',''
  ) );
#3691 = ORIENTED_EDGE('',*,*,#3692,.T.);
#3692 = EDGE_CURVE('',#3672,#3693,#3695,.T.);
#3693 = VERTEX_POINT('',#3694);
#3694 = CARTESIAN_POINT('',(925.,-352.5024085069,85.));
#3695 = SURFACE_CURVE('',#3696,(#3700,#3706),.PCURVE_S1.);
#3696 = LINE('',#3697,#3698);
#3697 = CARTESIAN_POINT('',(925.,-176.2512042534,85.));
#3698 = VECTOR('',#3699,1.);
#3699 = DIRECTION('',(0.,-1.,0.));
#3700 = PCURVE('',#3296,#3701);
#3701 = DEFINITIONAL_REPRESENTATION('',(#3702),#3705);
#3702 = B_SPLINE_CURVE_WITH_KNOTS('',1,(#3703,#3704),.UNSPECIFIED.,.F.,
  .F.,(2,2),(-528.7536127603,176.25120425345),.PIECEWISE_BEZIER_KNOTS.);
#3703 = CARTESIAN_POINT('',(-303.2215399667,-352.5024085069));
#3704 = CARTESIAN_POINT('',(-303.2215399667,352.5024085069));
#3705 = ( GEOMETRIC_REPRESENTATION_CONTEXT(2) 
PARAMETRIC_REPRESENTATION_CONTEXT() REPRESENTATION_CONTEXT('2D SPACE',''
  ) );
#3706 = PCURVE('',#3584,#3707);
#3707 = DEFINITIONAL_REPRESENTATION('',(#3708),#3711);
#3708 = B_SPLINE_CURVE_WITH_KNOTS('',1,(#3709,#3710),.UNSPECIFIED.,.F.,
  .F.,(2,2),(-528.7536127603,176.25120425345),.PIECEWISE_BEZIER_KNOTS.);
#3709 = CARTESIAN_POINT('',(705.0048170138,-51.));
#3710 = CARTESIAN_POINT('',(0.,-51.));
#3711 = ( GEOMETRIC_REPRESENTATION_CONTEXT(2) 
PARAMETRIC_REPRESENTATION_CONTEXT() REPRESENTATION_CONTEXT('2D SPACE',''
  ) );
#3712 = ORIENTED_EDGE('',*,*,#3713,.T.);
#3713 = EDGE_CURVE('',#3693,#3714,#3716,.T.);
#3714 = VERTEX_POINT('',#3715);
#3715 = CARTESIAN_POINT('',(925.,-687.8870238915,630.));
#3716 = SURFACE_CURVE('',#3717,(#3721,#3727),.PCURVE_S1.);
#3717 = LINE('',#3718,#3719);
#3718 = CARTESIAN_POINT('',(925.,-576.3772051654,448.79654457009));
#3719 = VECTOR('',#3720,1.);
#3720 = DIRECTION('',(0.,-0.524097425664,0.851658316705));
#3721 = PCURVE('',#3296,#3722);
#3722 = DEFINITIONAL_REPRESENTATION('',(#3723),#3726);
#3723 = B_SPLINE_CURVE_WITH_KNOTS('',1,(#3724,#3725),.UNSPECIFIED.,.F.,
  .F.,(2,2),(-427.1625573713,212.76543876312),.PIECEWISE_BEZIER_KNOTS.);
#3724 = CARTESIAN_POINT('',(-303.2215399667,352.5024085069));
#3725 = CARTESIAN_POINT('',(241.77846003324,687.88702389151));
#3726 = ( GEOMETRIC_REPRESENTATION_CONTEXT(2) 
PARAMETRIC_REPRESENTATION_CONTEXT() REPRESENTATION_CONTEXT('2D SPACE',''
  ) );
#3727 = PCURVE('',#3610,#3728);
#3728 = DEFINITIONAL_REPRESENTATION('',(#3729),#3732);
#3729 = B_SPLINE_CURVE_WITH_KNOTS('',1,(#3730,#3731),.UNSPECIFIED.,.F.,
  .F.,(2,2),(-427.1625573713,212.76543876312),.PIECEWISE_BEZIER_KNOTS.);
#3730 = CARTESIAN_POINT('',(780.829573265,-51.));
#3731 = CARTESIAN_POINT('',(140.90157713052,-51.));
#3732 = ( GEOMETRIC_REPRESENTATION_CONTEXT(2) 
PARAMETRIC_REPRESENTATION_CONTEXT() REPRESENTATION_CONTEXT('2D SPACE',''
  ) );
#3733 = ORIENTED_EDGE('',*,*,#3734,.T.);
#3734 = EDGE_CURVE('',#3714,#3368,#3735,.T.);
#3735 = SURFACE_CURVE('',#3736,(#3740,#3747),.PCURVE_S1.);
#3736 = LINE('',#3737,#3738);
#3737 = CARTESIAN_POINT('',(925.,758.33781245678,630.));
#3738 = VECTOR('',#3739,1.);
#3739 = DIRECTION('',(0.,-1.,0.));
#3740 = PCURVE('',#3296,#3741);
#3741 = DEFINITIONAL_REPRESENTATION('',(#3742),#3746);
#3742 = LINE('',#3743,#3744);
#3743 = CARTESIAN_POINT('',(241.77846003324,-758.3378124567));
#3744 = VECTOR('',#3745,1.);
#3745 = DIRECTION('',(0.,1.));
#3746 = ( GEOMETRIC_REPRESENTATION_CONTEXT(2) 
PARAMETRIC_REPRESENTATION_CONTEXT() REPRESENTATION_CONTEXT('2D SPACE',''
  ) );
#3747 = PCURVE('',#3383,#3748);
#3748 = DEFINITIONAL_REPRESENTATION('',(#3749),#3753);
#3749 = LINE('',#3750,#3751);
#3750 = CARTESIAN_POINT('',(0.,-50.));
#3751 = VECTOR('',#3752,1.);
#3752 = DIRECTION('',(1.,0.));
#3753 = ( GEOMETRIC_REPRESENTATION_CONTEXT(2) 
PARAMETRIC_REPRESENTATION_CONTEXT() REPRESENTATION_CONTEXT('2D SPACE',''
  ) );
#3754 = ADVANCED_FACE('',(#3755),#3383,.F.);
#3755 = FACE_BOUND('',#3756,.F.);
#3756 = EDGE_LOOP('',(#3757,#3758,#3777,#3778));
#3757 = ORIENTED_EDGE('',*,*,#3621,.F.);
#3758 = ORIENTED_EDGE('',*,*,#3759,.T.);
#3759 = EDGE_CURVE('',#3596,#3714,#3760,.T.);
#3760 = SURFACE_CURVE('',#3761,(#3765,#3771),.PCURVE_S1.);
#3761 = LINE('',#3762,#3763);
#3762 = CARTESIAN_POINT('',(874.5,-687.8870238915,630.));
#3763 = VECTOR('',#3764,1.);
#3764 = DIRECTION('',(1.,0.,0.));
#3765 = PCURVE('',#3383,#3766);
#3766 = DEFINITIONAL_REPRESENTATION('',(#3767),#3770);
#3767 = B_SPLINE_CURVE_WITH_KNOTS('',1,(#3768,#3769),.UNSPECIFIED.,.F.,
  .F.,(2,2),(0.5,50.5),.PIECEWISE_BEZIER_KNOTS.);
#3768 = CARTESIAN_POINT('',(1.446224836348E+03,0.));
#3769 = CARTESIAN_POINT('',(1.446224836348E+03,-50.));
#3770 = ( GEOMETRIC_REPRESENTATION_CONTEXT(2) 
PARAMETRIC_REPRESENTATION_CONTEXT() REPRESENTATION_CONTEXT('2D SPACE',''
  ) );
#3771 = PCURVE('',#3610,#3772);
#3772 = DEFINITIONAL_REPRESENTATION('',(#3773),#3776);
#3773 = B_SPLINE_CURVE_WITH_KNOTS('',1,(#3774,#3775),.UNSPECIFIED.,.F.,
  .F.,(2,2),(0.5,50.5),.PIECEWISE_BEZIER_KNOTS.);
#3774 = CARTESIAN_POINT('',(140.90157713052,-1.));
#3775 = CARTESIAN_POINT('',(140.90157713052,-51.));
#3776 = ( GEOMETRIC_REPRESENTATION_CONTEXT(2) 
PARAMETRIC_REPRESENTATION_CONTEXT() REPRESENTATION_CONTEXT('2D SPACE',''
  ) );
#3777 = ORIENTED_EDGE('',*,*,#3734,.T.);
#3778 = ORIENTED_EDGE('',*,*,#3365,.F.);
#3779 = ADVANCED_FACE('',(#3780),#3481,.F.);
#3780 = FACE_BOUND('',#3781,.F.);
#3781 = EDGE_LOOP('',(#3782,#3783,#3784,#3785));
#3782 = ORIENTED_EDGE('',*,*,#3520,.F.);
#3783 = ORIENTED_EDGE('',*,*,#3465,.T.);
#3784 = ORIENTED_EDGE('',*,*,#3648,.T.);
#3785 = ORIENTED_EDGE('',*,*,#3786,.T.);
#3786 = EDGE_CURVE('',#3649,#3521,#3787,.T.);
#3787 = SURFACE_CURVE('',#3788,(#3792,#3798),.PCURVE_S1.);
#3788 = LINE('',#3789,#3790);
#3789 = CARTESIAN_POINT('',(874.5,687.88702389151,630.));
#3790 = VECTOR('',#3791,1.);
#3791 = DIRECTION('',(-1.,-0.,-0.));
#3792 = PCURVE('',#3481,#3793);
#3793 = DEFINITIONAL_REPRESENTATION('',(#3794),#3797);
#3794 = B_SPLINE_CURVE_WITH_KNOTS('',1,(#3795,#3796),.UNSPECIFIED.,.F.,
  .F.,(2,2),(-50.5,-0.5),.PIECEWISE_BEZIER_KNOTS.);
#3795 = CARTESIAN_POINT('',(70.450788565263,-50.));
#3796 = CARTESIAN_POINT('',(70.450788565263,0.));
#3797 = ( GEOMETRIC_REPRESENTATION_CONTEXT(2) 
PARAMETRIC_REPRESENTATION_CONTEXT() REPRESENTATION_CONTEXT('2D SPACE',''
  ) );
#3798 = PCURVE('',#3558,#3799);
#3799 = DEFINITIONAL_REPRESENTATION('',(#3800),#3803);
#3800 = B_SPLINE_CURVE_WITH_KNOTS('',1,(#3801,#3802),.UNSPECIFIED.,.F.,
  .F.,(2,2),(-50.5,-0.5),.PIECEWISE_BEZIER_KNOTS.);
#3801 = CARTESIAN_POINT('',(639.92799613447,-51.));
#3802 = CARTESIAN_POINT('',(639.92799613447,-1.));
#3803 = ( GEOMETRIC_REPRESENTATION_CONTEXT(2) 
PARAMETRIC_REPRESENTATION_CONTEXT() REPRESENTATION_CONTEXT('2D SPACE',''
  ) );
#3804 = ADVANCED_FACE('',(#3805),#3610,.T.);
#3805 = FACE_BOUND('',#3806,.T.);
#3806 = EDGE_LOOP('',(#3807,#3828,#3829,#3830));
#3807 = ORIENTED_EDGE('',*,*,#3808,.F.);
#3808 = EDGE_CURVE('',#3570,#3693,#3809,.T.);
#3809 = SURFACE_CURVE('',#3810,(#3814,#3821),.PCURVE_S1.);
#3810 = LINE('',#3811,#3812);
#3811 = CARTESIAN_POINT('',(874.,-352.5024085069,85.));
#3812 = VECTOR('',#3813,1.);
#3813 = DIRECTION('',(1.,0.,0.));
#3814 = PCURVE('',#3610,#3815);
#3815 = DEFINITIONAL_REPRESENTATION('',(#3816),#3820);
#3816 = LINE('',#3817,#3818);
#3817 = CARTESIAN_POINT('',(780.829573265,0.));
#3818 = VECTOR('',#3819,1.);
#3819 = DIRECTION('',(0.,-1.));
#3820 = ( GEOMETRIC_REPRESENTATION_CONTEXT(2) 
PARAMETRIC_REPRESENTATION_CONTEXT() REPRESENTATION_CONTEXT('2D SPACE',''
  ) );
#3821 = PCURVE('',#3584,#3822);
#3822 = DEFINITIONAL_REPRESENTATION('',(#3823),#3827);
#3823 = LINE('',#3824,#3825);
#3824 = CARTESIAN_POINT('',(0.,0.));
#3825 = VECTOR('',#3826,1.);
#3826 = DIRECTION('',(0.,-1.));
#3827 = ( GEOMETRIC_REPRESENTATION_CONTEXT(2) 
PARAMETRIC_REPRESENTATION_CONTEXT() REPRESENTATION_CONTEXT('2D SPACE',''
  ) );
#3828 = ORIENTED_EDGE('',*,*,#3595,.T.);
#3829 = ORIENTED_EDGE('',*,*,#3759,.T.);
#3830 = ORIENTED_EDGE('',*,*,#3713,.F.);
#3831 = ADVANCED_FACE('',(#3832),#3584,.T.);
#3832 = FACE_BOUND('',#3833,.T.);
#3833 = EDGE_LOOP('',(#3834,#3835,#3836,#3837));
#3834 = ORIENTED_EDGE('',*,*,#3569,.T.);
#3835 = ORIENTED_EDGE('',*,*,#3808,.T.);
#3836 = ORIENTED_EDGE('',*,*,#3692,.F.);
#3837 = ORIENTED_EDGE('',*,*,#3838,.F.);
#3838 = EDGE_CURVE('',#3544,#3672,#3839,.T.);
#3839 = SURFACE_CURVE('',#3840,(#3844,#3851),.PCURVE_S1.);
#3840 = LINE('',#3841,#3842);
#3841 = CARTESIAN_POINT('',(874.,352.5024085069,85.));
#3842 = VECTOR('',#3843,1.);
#3843 = DIRECTION('',(1.,0.,0.));
#3844 = PCURVE('',#3584,#3845);
#3845 = DEFINITIONAL_REPRESENTATION('',(#3846),#3850);
#3846 = LINE('',#3847,#3848);
#3847 = CARTESIAN_POINT('',(705.0048170138,0.));
#3848 = VECTOR('',#3849,1.);
#3849 = DIRECTION('',(0.,-1.));
#3850 = ( GEOMETRIC_REPRESENTATION_CONTEXT(2) 
PARAMETRIC_REPRESENTATION_CONTEXT() REPRESENTATION_CONTEXT('2D SPACE',''
  ) );
#3851 = PCURVE('',#3558,#3852);
#3852 = DEFINITIONAL_REPRESENTATION('',(#3853),#3857);
#3853 = LINE('',#3854,#3855);
#3854 = CARTESIAN_POINT('',(0.,0.));
#3855 = VECTOR('',#3856,1.);
#3856 = DIRECTION('',(0.,-1.));
#3857 = ( GEOMETRIC_REPRESENTATION_CONTEXT(2) 
PARAMETRIC_REPRESENTATION_CONTEXT() REPRESENTATION_CONTEXT('2D SPACE',''
  ) );
#3858 = ADVANCED_FACE('',(#3859),#3558,.T.);
#3859 = FACE_BOUND('',#3860,.T.);
#3860 = EDGE_LOOP('',(#3861,#3862,#3863,#3864));
#3861 = ORIENTED_EDGE('',*,*,#3543,.T.);
#3862 = ORIENTED_EDGE('',*,*,#3838,.T.);
#3863 = ORIENTED_EDGE('',*,*,#3671,.F.);
#3864 = ORIENTED_EDGE('',*,*,#3786,.T.);
#3865 = MANIFOLD_SOLID_BREP('',#3866);
#3866 = CLOSED_SHELL('',(#3867,#3987,#4063,#4139,#4267,#4380,#4405,#4430
    ,#4457,#4484));
#3867 = ADVANCED_FACE('',(#3868),#3882,.F.);
#3868 = FACE_BOUND('',#3869,.F.);
#3869 = EDGE_LOOP('',(#3870,#3905,#3933,#3961));
#3870 = ORIENTED_EDGE('',*,*,#3871,.T.);
#3871 = EDGE_CURVE('',#3872,#3874,#3876,.T.);
#3872 = VERTEX_POINT('',#3873);
#3873 = CARTESIAN_POINT('',(1.475E+03,-386.030120149,25.));
#3874 = VERTEX_POINT('',#3875);
#3875 = CARTESIAN_POINT('',(1.525E+03,-386.030120149,25.));
#3876 = SURFACE_CURVE('',#3877,(#3881,#3893),.PCURVE_S1.);
#3877 = LINE('',#3878,#3879);
#3878 = CARTESIAN_POINT('',(1.475E+03,-386.030120149,25.));
#3879 = VECTOR('',#3880,1.);
#3880 = DIRECTION('',(1.,0.,0.));
#3881 = PCURVE('',#3882,#3887);
#3882 = PLANE('',#3883);
#3883 = AXIS2_PLACEMENT_3D('',#3884,#3885,#3886);
#3884 = CARTESIAN_POINT('',(1.475E+03,-386.030120149,25.));
#3885 = DIRECTION('',(0.,0.,1.));
#3886 = DIRECTION('',(0.,1.,0.));
#3887 = DEFINITIONAL_REPRESENTATION('',(#3888),#3892);
#3888 = LINE('',#3889,#3890);
#3889 = CARTESIAN_POINT('',(0.,0.));
#3890 = VECTOR('',#3891,1.);
#3891 = DIRECTION('',(0.,-1.));
#3892 = ( GEOMETRIC_REPRESENTATION_CONTEXT(2) 
PARAMETRIC_REPRESENTATION_CONTEXT() REPRESENTATION_CONTEXT('2D SPACE',''
  ) );
#3893 = PCURVE('',#3894,#3899);
#3894 = PLANE('',#3895);
#3895 = AXIS2_PLACEMENT_3D('',#3896,#3897,#3898);
#3896 = CARTESIAN_POINT('',(1.475E+03,-758.3378124567,630.));
#3897 = DIRECTION('',(-0.,0.851658316705,0.524097425664));
#3898 = DIRECTION('',(0.,0.524097425664,-0.851658316705));
#3899 = DEFINITIONAL_REPRESENTATION('',(#3900),#3904);
#3900 = LINE('',#3901,#3902);
#3901 = CARTESIAN_POINT('',(710.37878469974,0.));
#3902 = VECTOR('',#3903,1.);
#3903 = DIRECTION('',(0.,-1.));
#3904 = ( GEOMETRIC_REPRESENTATION_CONTEXT(2) 
PARAMETRIC_REPRESENTATION_CONTEXT() REPRESENTATION_CONTEXT('2D SPACE',''
  ) );
#3905 = ORIENTED_EDGE('',*,*,#3906,.T.);
#3906 = EDGE_CURVE('',#3874,#3907,#3909,.T.);
#3907 = VERTEX_POINT('',#3908);
#3908 = CARTESIAN_POINT('',(1.525E+03,386.03012014908,25.));
#3909 = SURFACE_CURVE('',#3910,(#3914,#3921),.PCURVE_S1.);
#3910 = LINE('',#3911,#3912);
#3911 = CARTESIAN_POINT('',(1.525E+03,-386.030120149,25.));
#3912 = VECTOR('',#3913,1.);
#3913 = DIRECTION('',(0.,1.,0.));
#3914 = PCURVE('',#3882,#3915);
#3915 = DEFINITIONAL_REPRESENTATION('',(#3916),#3920);
#3916 = LINE('',#3917,#3918);
#3917 = CARTESIAN_POINT('',(0.,-50.));
#3918 = VECTOR('',#3919,1.);
#3919 = DIRECTION('',(1.,0.));
#3920 = ( GEOMETRIC_REPRESENTATION_CONTEXT(2) 
PARAMETRIC_REPRESENTATION_CONTEXT() REPRESENTATION_CONTEXT('2D SPACE',''
  ) );
#3921 = PCURVE('',#3922,#3927);
#3922 = PLANE('',#3923);
#3923 = AXIS2_PLACEMENT_3D('',#3924,#3925,#3926);
#3924 = CARTESIAN_POINT('',(1.525E+03,-7.84576950189E-15,388.22153996675
    ));
#3925 = DIRECTION('',(1.,0.,0.));
#3926 = DIRECTION('',(-0.,0.,1.));
#3927 = DEFINITIONAL_REPRESENTATION('',(#3928),#3932);
#3928 = LINE('',#3929,#3930);
#3929 = CARTESIAN_POINT('',(-363.2215399667,386.03012014908));
#3930 = VECTOR('',#3931,1.);
#3931 = DIRECTION('',(0.,-1.));
#3932 = ( GEOMETRIC_REPRESENTATION_CONTEXT(2) 
PARAMETRIC_REPRESENTATION_CONTEXT() REPRESENTATION_CONTEXT('2D SPACE',''
  ) );
#3933 = ORIENTED_EDGE('',*,*,#3934,.F.);
#3934 = EDGE_CURVE('',#3935,#3907,#3937,.T.);
#3935 = VERTEX_POINT('',#3936);
#3936 = CARTESIAN_POINT('',(1.475E+03,386.03012014908,25.));
#3937 = SURFACE_CURVE('',#3938,(#3942,#3949),.PCURVE_S1.);
#3938 = LINE('',#3939,#3940);
#3939 = CARTESIAN_POINT('',(1.475E+03,386.03012014908,25.));
#3940 = VECTOR('',#3941,1.);
#3941 = DIRECTION('',(1.,0.,0.));
#3942 = PCURVE('',#3882,#3943);
#3943 = DEFINITIONAL_REPRESENTATION('',(#3944),#3948);
#3944 = LINE('',#3945,#3946);
#3945 = CARTESIAN_POINT('',(772.06024029817,0.));
#3946 = VECTOR('',#3947,1.);
#3947 = DIRECTION('',(0.,-1.));
#3948 = ( GEOMETRIC_REPRESENTATION_CONTEXT(2) 
PARAMETRIC_REPRESENTATION_CONTEXT() REPRESENTATION_CONTEXT('2D SPACE',''
  ) );
#3949 = PCURVE('',#3950,#3955);
#3950 = PLANE('',#3951);
#3951 = AXIS2_PLACEMENT_3D('',#3952,#3953,#3954);
#3952 = CARTESIAN_POINT('',(1.475E+03,386.03012014908,25.));
#3953 = DIRECTION('',(0.,-0.851658316705,0.524097425664));
#3954 = DIRECTION('',(0.,0.524097425664,0.851658316705));
#3955 = DEFINITIONAL_REPRESENTATION('',(#3956),#3960);
#3956 = LINE('',#3957,#3958);
#3957 = CARTESIAN_POINT('',(0.,0.));
#3958 = VECTOR('',#3959,1.);
#3959 = DIRECTION('',(0.,-1.));
#3960 = ( GEOMETRIC_REPRESENTATION_CONTEXT(2) 
PARAMETRIC_REPRESENTATION_CONTEXT() REPRESENTATION_CONTEXT('2D SPACE',''
  ) );
#3961 = ORIENTED_EDGE('',*,*,#3962,.F.);
#3962 = EDGE_CURVE('',#3872,#3935,#3963,.T.);
#3963 = SURFACE_CURVE('',#3964,(#3968,#3975),.PCURVE_S1.);
#3964 = LINE('',#3965,#3966);
#3965 = CARTESIAN_POINT('',(1.475E+03,-386.030120149,25.));
#3966 = VECTOR('',#3967,1.);
#3967 = DIRECTION('',(0.,1.,0.));
#3968 = PCURVE('',#3882,#3969);
#3969 = DEFINITIONAL_REPRESENTATION('',(#3970),#3974);
#3970 = LINE('',#3971,#3972);
#3971 = CARTESIAN_POINT('',(0.,0.));
#3972 = VECTOR('',#3973,1.);
#3973 = DIRECTION('',(1.,0.));
#3974 = ( GEOMETRIC_REPRESENTATION_CONTEXT(2) 
PARAMETRIC_REPRESENTATION_CONTEXT() REPRESENTATION_CONTEXT('2D SPACE',''
  ) );
#3975 = PCURVE('',#3976,#3981);
#3976 = PLANE('',#3977);
#3977 = AXIS2_PLACEMENT_3D('',#3978,#3979,#3980);
#3978 = CARTESIAN_POINT('',(1.475E+03,-7.84576950189E-15,388.22153996675
    ));
#3979 = DIRECTION('',(1.,0.,0.));
#3980 = DIRECTION('',(-0.,0.,1.));
#3981 = DEFINITIONAL_REPRESENTATION('',(#3982),#3986);
#3982 = LINE('',#3983,#3984);
#3983 = CARTESIAN_POINT('',(-363.2215399667,386.03012014908));
#3984 = VECTOR('',#3985,1.);
#3985 = DIRECTION('',(0.,-1.));
#3986 = ( GEOMETRIC_REPRESENTATION_CONTEXT(2) 
PARAMETRIC_REPRESENTATION_CONTEXT() REPRESENTATION_CONTEXT('2D SPACE',''
  ) );
#3987 = ADVANCED_FACE('',(#3988),#3894,.F.);
#3988 = FACE_BOUND('',#3989,.F.);
#3989 = EDGE_LOOP('',(#3990,#4020,#4041,#4042));
#3990 = ORIENTED_EDGE('',*,*,#3991,.T.);
#3991 = EDGE_CURVE('',#3992,#3994,#3996,.T.);
#3992 = VERTEX_POINT('',#3993);
#3993 = CARTESIAN_POINT('',(1.475E+03,-758.3378124567,630.));
#3994 = VERTEX_POINT('',#3995);
#3995 = CARTESIAN_POINT('',(1.525E+03,-758.3378124567,630.));
#3996 = SURFACE_CURVE('',#3997,(#4001,#4008),.PCURVE_S1.);
#3997 = LINE('',#3998,#3999);
#3998 = CARTESIAN_POINT('',(1.475E+03,-758.3378124567,630.));
#3999 = VECTOR('',#4000,1.);
#4000 = DIRECTION('',(1.,0.,0.));
#4001 = PCURVE('',#3894,#4002);
#4002 = DEFINITIONAL_REPRESENTATION('',(#4003),#4007);
#4003 = LINE('',#4004,#4005);
#4004 = CARTESIAN_POINT('',(0.,0.));
#4005 = VECTOR('',#4006,1.);
#4006 = DIRECTION('',(0.,-1.));
#4007 = ( GEOMETRIC_REPRESENTATION_CONTEXT(2) 
PARAMETRIC_REPRESENTATION_CONTEXT() REPRESENTATION_CONTEXT('2D SPACE',''
  ) );
#4008 = PCURVE('',#4009,#4014);
#4009 = PLANE('',#4010);
#4010 = AXIS2_PLACEMENT_3D('',#4011,#4012,#4013);
#4011 = CARTESIAN_POINT('',(1.475E+03,758.33781245678,630.));
#4012 = DIRECTION('',(0.,0.,-1.));
#4013 = DIRECTION('',(0.,-1.,0.));
#4014 = DEFINITIONAL_REPRESENTATION('',(#4015),#4019);
#4015 = LINE('',#4016,#4017);
#4016 = CARTESIAN_POINT('',(1.516675624914E+03,0.));
#4017 = VECTOR('',#4018,1.);
#4018 = DIRECTION('',(0.,-1.));
#4019 = ( GEOMETRIC_REPRESENTATION_CONTEXT(2) 
PARAMETRIC_REPRESENTATION_CONTEXT() REPRESENTATION_CONTEXT('2D SPACE',''
  ) );
#4020 = ORIENTED_EDGE('',*,*,#4021,.T.);
#4021 = EDGE_CURVE('',#3994,#3874,#4022,.T.);
#4022 = SURFACE_CURVE('',#4023,(#4027,#4034),.PCURVE_S1.);
#4023 = LINE('',#4024,#4025);
#4024 = CARTESIAN_POINT('',(1.525E+03,-758.3378124567,630.));
#4025 = VECTOR('',#4026,1.);
#4026 = DIRECTION('',(0.,0.524097425664,-0.851658316705));
#4027 = PCURVE('',#3894,#4028);
#4028 = DEFINITIONAL_REPRESENTATION('',(#4029),#4033);
#4029 = LINE('',#4030,#4031);
#4030 = CARTESIAN_POINT('',(0.,-50.));
#4031 = VECTOR('',#4032,1.);
#4032 = DIRECTION('',(1.,0.));
#4033 = ( GEOMETRIC_REPRESENTATION_CONTEXT(2) 
PARAMETRIC_REPRESENTATION_CONTEXT() REPRESENTATION_CONTEXT('2D SPACE',''
  ) );
#4034 = PCURVE('',#3922,#4035);
#4035 = DEFINITIONAL_REPRESENTATION('',(#4036),#4040);
#4036 = LINE('',#4037,#4038);
#4037 = CARTESIAN_POINT('',(241.77846003324,758.33781245678));
#4038 = VECTOR('',#4039,1.);
#4039 = DIRECTION('',(-0.851658316705,-0.524097425664));
#4040 = ( GEOMETRIC_REPRESENTATION_CONTEXT(2) 
PARAMETRIC_REPRESENTATION_CONTEXT() REPRESENTATION_CONTEXT('2D SPACE',''
  ) );
#4041 = ORIENTED_EDGE('',*,*,#3871,.F.);
#4042 = ORIENTED_EDGE('',*,*,#4043,.F.);
#4043 = EDGE_CURVE('',#3992,#3872,#4044,.T.);
#4044 = SURFACE_CURVE('',#4045,(#4049,#4056),.PCURVE_S1.);
#4045 = LINE('',#4046,#4047);
#4046 = CARTESIAN_POINT('',(1.475E+03,-758.3378124567,630.));
#4047 = VECTOR('',#4048,1.);
#4048 = DIRECTION('',(0.,0.524097425664,-0.851658316705));
#4049 = PCURVE('',#3894,#4050);
#4050 = DEFINITIONAL_REPRESENTATION('',(#4051),#4055);
#4051 = LINE('',#4052,#4053);
#4052 = CARTESIAN_POINT('',(0.,0.));
#4053 = VECTOR('',#4054,1.);
#4054 = DIRECTION('',(1.,0.));
#4055 = ( GEOMETRIC_REPRESENTATION_CONTEXT(2) 
PARAMETRIC_REPRESENTATION_CONTEXT() REPRESENTATION_CONTEXT('2D SPACE',''
  ) );
#4056 = PCURVE('',#3976,#4057);
#4057 = DEFINITIONAL_REPRESENTATION('',(#4058),#4062);
#4058 = LINE('',#4059,#4060);
#4059 = CARTESIAN_POINT('',(241.77846003324,758.33781245678));
#4060 = VECTOR('',#4061,1.);
#4061 = DIRECTION('',(-0.851658316705,-0.524097425664));
#4062 = ( GEOMETRIC_REPRESENTATION_CONTEXT(2) 
PARAMETRIC_REPRESENTATION_CONTEXT() REPRESENTATION_CONTEXT('2D SPACE',''
  ) );
#4063 = ADVANCED_FACE('',(#4064),#3950,.F.);
#4064 = FACE_BOUND('',#4065,.F.);
#4065 = EDGE_LOOP('',(#4066,#4067,#4090,#4118));
#4066 = ORIENTED_EDGE('',*,*,#3934,.T.);
#4067 = ORIENTED_EDGE('',*,*,#4068,.T.);
#4068 = EDGE_CURVE('',#3907,#4069,#4071,.T.);
#4069 = VERTEX_POINT('',#4070);
#4070 = CARTESIAN_POINT('',(1.525E+03,758.33781245678,630.));
#4071 = SURFACE_CURVE('',#4072,(#4076,#4083),.PCURVE_S1.);
#4072 = LINE('',#4073,#4074);
#4073 = CARTESIAN_POINT('',(1.525E+03,386.03012014908,25.));
#4074 = VECTOR('',#4075,1.);
#4075 = DIRECTION('',(0.,0.524097425664,0.851658316705));
#4076 = PCURVE('',#3950,#4077);
#4077 = DEFINITIONAL_REPRESENTATION('',(#4078),#4082);
#4078 = LINE('',#4079,#4080);
#4079 = CARTESIAN_POINT('',(0.,-50.));
#4080 = VECTOR('',#4081,1.);
#4081 = DIRECTION('',(1.,0.));
#4082 = ( GEOMETRIC_REPRESENTATION_CONTEXT(2) 
PARAMETRIC_REPRESENTATION_CONTEXT() REPRESENTATION_CONTEXT('2D SPACE',''
  ) );
#4083 = PCURVE('',#3922,#4084);
#4084 = DEFINITIONAL_REPRESENTATION('',(#4085),#4089);
#4085 = LINE('',#4086,#4087);
#4086 = CARTESIAN_POINT('',(-363.2215399667,-386.030120149));
#4087 = VECTOR('',#4088,1.);
#4088 = DIRECTION('',(0.851658316705,-0.524097425664));
#4089 = ( GEOMETRIC_REPRESENTATION_CONTEXT(2) 
PARAMETRIC_REPRESENTATION_CONTEXT() REPRESENTATION_CONTEXT('2D SPACE',''
  ) );
#4090 = ORIENTED_EDGE('',*,*,#4091,.F.);
#4091 = EDGE_CURVE('',#4092,#4069,#4094,.T.);
#4092 = VERTEX_POINT('',#4093);
#4093 = CARTESIAN_POINT('',(1.475E+03,758.33781245678,630.));
#4094 = SURFACE_CURVE('',#4095,(#4099,#4106),.PCURVE_S1.);
#4095 = LINE('',#4096,#4097);
#4096 = CARTESIAN_POINT('',(1.475E+03,758.33781245678,630.));
#4097 = VECTOR('',#4098,1.);
#4098 = DIRECTION('',(1.,0.,0.));
#4099 = PCURVE('',#3950,#4100);
#4100 = DEFINITIONAL_REPRESENTATION('',(#4101),#4105);
#4101 = LINE('',#4102,#4103);
#4102 = CARTESIAN_POINT('',(710.37878469974,0.));
#4103 = VECTOR('',#4104,1.);
#4104 = DIRECTION('',(0.,-1.));
#4105 = ( GEOMETRIC_REPRESENTATION_CONTEXT(2) 
PARAMETRIC_REPRESENTATION_CONTEXT() REPRESENTATION_CONTEXT('2D SPACE',''
  ) );
#4106 = PCURVE('',#4107,#4112);
#4107 = PLANE('',#4108);
#4108 = AXIS2_PLACEMENT_3D('',#4109,#4110,#4111);
#4109 = CARTESIAN_POINT('',(1.475E+03,758.33781245678,630.));
#4110 = DIRECTION('',(0.,0.,-1.));
#4111 = DIRECTION('',(0.,-1.,0.));
#4112 = DEFINITIONAL_REPRESENTATION('',(#4113),#4117);
#4113 = LINE('',#4114,#4115);
#4114 = CARTESIAN_POINT('',(0.,-0.));
#4115 = VECTOR('',#4116,1.);
#4116 = DIRECTION('',(0.,-1.));
#4117 = ( GEOMETRIC_REPRESENTATION_CONTEXT(2) 
PARAMETRIC_REPRESENTATION_CONTEXT() REPRESENTATION_CONTEXT('2D SPACE',''
  ) );
#4118 = ORIENTED_EDGE('',*,*,#4119,.F.);
#4119 = EDGE_CURVE('',#3935,#4092,#4120,.T.);
#4120 = SURFACE_CURVE('',#4121,(#4125,#4132),.PCURVE_S1.);
#4121 = LINE('',#4122,#4123);
#4122 = CARTESIAN_POINT('',(1.475E+03,386.03012014908,25.));
#4123 = VECTOR('',#4124,1.);
#4124 = DIRECTION('',(0.,0.524097425664,0.851658316705));
#4125 = PCURVE('',#3950,#4126);
#4126 = DEFINITIONAL_REPRESENTATION('',(#4127),#4131);
#4127 = LINE('',#4128,#4129);
#4128 = CARTESIAN_POINT('',(0.,0.));
#4129 = VECTOR('',#4130,1.);
#4130 = DIRECTION('',(1.,0.));
#4131 = ( GEOMETRIC_REPRESENTATION_CONTEXT(2) 
PARAMETRIC_REPRESENTATION_CONTEXT() REPRESENTATION_CONTEXT('2D SPACE',''
  ) );
#4132 = PCURVE('',#3976,#4133);
#4133 = DEFINITIONAL_REPRESENTATION('',(#4134),#4138);
#4134 = LINE('',#4135,#4136);
#4135 = CARTESIAN_POINT('',(-363.2215399667,-386.030120149));
#4136 = VECTOR('',#4137,1.);
#4137 = DIRECTION('',(0.851658316705,-0.524097425664));
#4138 = ( GEOMETRIC_REPRESENTATION_CONTEXT(2) 
PARAMETRIC_REPRESENTATION_CONTEXT() REPRESENTATION_CONTEXT('2D SPACE',''
  ) );
#4139 = ADVANCED_FACE('',(#4140),#3976,.F.);
#4140 = FACE_BOUND('',#4141,.F.);
#4141 = EDGE_LOOP('',(#4142,#4143,#4144,#4145,#4168,#4194,#4220,#4246));
#4142 = ORIENTED_EDGE('',*,*,#4043,.T.);
#4143 = ORIENTED_EDGE('',*,*,#3962,.T.);
#4144 = ORIENTED_EDGE('',*,*,#4119,.T.);
#4145 = ORIENTED_EDGE('',*,*,#4146,.T.);
#4146 = EDGE_CURVE('',#4092,#4147,#4149,.T.);
#4147 = VERTEX_POINT('',#4148);
#4148 = CARTESIAN_POINT('',(1.475E+03,687.88702389151,630.));
#4149 = SURFACE_CURVE('',#4150,(#4154,#4161),.PCURVE_S1.);
#4150 = LINE('',#4151,#4152);
#4151 = CARTESIAN_POINT('',(1.475E+03,758.33781245678,630.));
#4152 = VECTOR('',#4153,1.);
#4153 = DIRECTION('',(0.,-1.,0.));
#4154 = PCURVE('',#3976,#4155);
#4155 = DEFINITIONAL_REPRESENTATION('',(#4156),#4160);
#4156 = LINE('',#4157,#4158);
#4157 = CARTESIAN_POINT('',(241.77846003324,-758.3378124567));
#4158 = VECTOR('',#4159,1.);
#4159 = DIRECTION('',(0.,1.));
#4160 = ( GEOMETRIC_REPRESENTATION_CONTEXT(2) 
PARAMETRIC_REPRESENTATION_CONTEXT() REPRESENTATION_CONTEXT('2D SPACE',''
  ) );
#4161 = PCURVE('',#4107,#4162);
#4162 = DEFINITIONAL_REPRESENTATION('',(#4163),#4167);
#4163 = LINE('',#4164,#4165);
#4164 = CARTESIAN_POINT('',(0.,-0.));
#4165 = VECTOR('',#4166,1.);
#4166 = DIRECTION('',(1.,0.));
#4167 = ( GEOMETRIC_REPRESENTATION_CONTEXT(2) 
PARAMETRIC_REPRESENTATION_CONTEXT() REPRESENTATION_CONTEXT('2D SPACE',''
  ) );
#4168 = ORIENTED_EDGE('',*,*,#4169,.T.);
#4169 = EDGE_CURVE('',#4147,#4170,#4172,.T.);
#4170 = VERTEX_POINT('',#4171);
#4171 = CARTESIAN_POINT('',(1.475E+03,352.5024085069,85.));
#4172 = SURFACE_CURVE('',#4173,(#4177,#4183),.PCURVE_S1.);
#4173 = LINE('',#4174,#4175);
#4174 = CARTESIAN_POINT('',(1.475E+03,371.76182055003,116.29654457009));
#4175 = VECTOR('',#4176,1.);
#4176 = DIRECTION('',(0.,-0.524097425664,-0.851658316705));
#4177 = PCURVE('',#3976,#4178);
#4178 = DEFINITIONAL_REPRESENTATION('',(#4179),#4182);
#4179 = B_SPLINE_CURVE_WITH_KNOTS('',1,(#4180,#4181),.UNSPECIFIED.,.F.,
  .F.,(2,2),(-603.1802253956,36.74777073885),.PIECEWISE_BEZIER_KNOTS.);
#4180 = CARTESIAN_POINT('',(241.77846003324,-687.8870238915));
#4181 = CARTESIAN_POINT('',(-303.2215399667,-352.5024085069));
#4182 = ( GEOMETRIC_REPRESENTATION_CONTEXT(2) 
PARAMETRIC_REPRESENTATION_CONTEXT() REPRESENTATION_CONTEXT('2D SPACE',''
  ) );
#4183 = PCURVE('',#4184,#4189);
#4184 = PLANE('',#4185);
#4185 = AXIS2_PLACEMENT_3D('',#4186,#4187,#4188);
#4186 = CARTESIAN_POINT('',(1.474E+03,352.5024085069,85.));
#4187 = DIRECTION('',(0.,-0.851658316705,0.524097425664));
#4188 = DIRECTION('',(0.,0.524097425664,0.851658316705));
#4189 = DEFINITIONAL_REPRESENTATION('',(#4190),#4193);
#4190 = B_SPLINE_CURVE_WITH_KNOTS('',1,(#4191,#4192),.UNSPECIFIED.,.F.,
  .F.,(2,2),(-603.1802253956,36.74777073885),.PIECEWISE_BEZIER_KNOTS.);
#4191 = CARTESIAN_POINT('',(639.92799613447,-1.));
#4192 = CARTESIAN_POINT('',(0.,-1.));
#4193 = ( GEOMETRIC_REPRESENTATION_CONTEXT(2) 
PARAMETRIC_REPRESENTATION_CONTEXT() REPRESENTATION_CONTEXT('2D SPACE',''
  ) );
#4194 = ORIENTED_EDGE('',*,*,#4195,.T.);
#4195 = EDGE_CURVE('',#4170,#4196,#4198,.T.);
#4196 = VERTEX_POINT('',#4197);
#4197 = CARTESIAN_POINT('',(1.475E+03,-352.5024085069,85.));
#4198 = SURFACE_CURVE('',#4199,(#4203,#4209),.PCURVE_S1.);
#4199 = LINE('',#4200,#4201);
#4200 = CARTESIAN_POINT('',(1.475E+03,-176.2512042534,85.));
#4201 = VECTOR('',#4202,1.);
#4202 = DIRECTION('',(0.,-1.,0.));
#4203 = PCURVE('',#3976,#4204);
#4204 = DEFINITIONAL_REPRESENTATION('',(#4205),#4208);
#4205 = B_SPLINE_CURVE_WITH_KNOTS('',1,(#4206,#4207),.UNSPECIFIED.,.F.,
  .F.,(2,2),(-528.7536127603,176.25120425345),.PIECEWISE_BEZIER_KNOTS.);
#4206 = CARTESIAN_POINT('',(-303.2215399667,-352.5024085069));
#4207 = CARTESIAN_POINT('',(-303.2215399667,352.5024085069));
#4208 = ( GEOMETRIC_REPRESENTATION_CONTEXT(2) 
PARAMETRIC_REPRESENTATION_CONTEXT() REPRESENTATION_CONTEXT('2D SPACE',''
  ) );
#4209 = PCURVE('',#4210,#4215);
#4210 = PLANE('',#4211);
#4211 = AXIS2_PLACEMENT_3D('',#4212,#4213,#4214);
#4212 = CARTESIAN_POINT('',(1.474E+03,-352.5024085069,85.));
#4213 = DIRECTION('',(0.,0.,1.));
#4214 = DIRECTION('',(0.,1.,0.));
#4215 = DEFINITIONAL_REPRESENTATION('',(#4216),#4219);
#4216 = B_SPLINE_CURVE_WITH_KNOTS('',1,(#4217,#4218),.UNSPECIFIED.,.F.,
  .F.,(2,2),(-528.7536127603,176.25120425345),.PIECEWISE_BEZIER_KNOTS.);
#4217 = CARTESIAN_POINT('',(705.0048170138,-1.));
#4218 = CARTESIAN_POINT('',(0.,-1.));
#4219 = ( GEOMETRIC_REPRESENTATION_CONTEXT(2) 
PARAMETRIC_REPRESENTATION_CONTEXT() REPRESENTATION_CONTEXT('2D SPACE',''
  ) );
#4220 = ORIENTED_EDGE('',*,*,#4221,.T.);
#4221 = EDGE_CURVE('',#4196,#4222,#4224,.T.);
#4222 = VERTEX_POINT('',#4223);
#4223 = CARTESIAN_POINT('',(1.475E+03,-687.8870238915,630.));
#4224 = SURFACE_CURVE('',#4225,(#4229,#4235),.PCURVE_S1.);
#4225 = LINE('',#4226,#4227);
#4226 = CARTESIAN_POINT('',(1.475E+03,-576.3772051654,448.79654457009));
#4227 = VECTOR('',#4228,1.);
#4228 = DIRECTION('',(0.,-0.524097425664,0.851658316705));
#4229 = PCURVE('',#3976,#4230);
#4230 = DEFINITIONAL_REPRESENTATION('',(#4231),#4234);
#4231 = B_SPLINE_CURVE_WITH_KNOTS('',1,(#4232,#4233),.UNSPECIFIED.,.F.,
  .F.,(2,2),(-427.1625573713,212.76543876312),.PIECEWISE_BEZIER_KNOTS.);
#4232 = CARTESIAN_POINT('',(-303.2215399667,352.5024085069));
#4233 = CARTESIAN_POINT('',(241.77846003324,687.88702389151));
#4234 = ( GEOMETRIC_REPRESENTATION_CONTEXT(2) 
PARAMETRIC_REPRESENTATION_CONTEXT() REPRESENTATION_CONTEXT('2D SPACE',''
  ) );
#4235 = PCURVE('',#4236,#4241);
#4236 = PLANE('',#4237);
#4237 = AXIS2_PLACEMENT_3D('',#4238,#4239,#4240);
#4238 = CARTESIAN_POINT('',(1.474E+03,-761.7331777376,750.));
#4239 = DIRECTION('',(-0.,0.851658316705,0.524097425664));
#4240 = DIRECTION('',(0.,0.524097425664,-0.851658316705));
#4241 = DEFINITIONAL_REPRESENTATION('',(#4242),#4245);
#4242 = B_SPLINE_CURVE_WITH_KNOTS('',1,(#4243,#4244),.UNSPECIFIED.,.F.,
  .F.,(2,2),(-427.1625573713,212.76543876312),.PIECEWISE_BEZIER_KNOTS.);
#4243 = CARTESIAN_POINT('',(780.829573265,-1.));
#4244 = CARTESIAN_POINT('',(140.90157713052,-1.));
#4245 = ( GEOMETRIC_REPRESENTATION_CONTEXT(2) 
PARAMETRIC_REPRESENTATION_CONTEXT() REPRESENTATION_CONTEXT('2D SPACE',''
  ) );
#4246 = ORIENTED_EDGE('',*,*,#4247,.T.);
#4247 = EDGE_CURVE('',#4222,#3992,#4248,.T.);
#4248 = SURFACE_CURVE('',#4249,(#4253,#4260),.PCURVE_S1.);
#4249 = LINE('',#4250,#4251);
#4250 = CARTESIAN_POINT('',(1.475E+03,758.33781245678,630.));
#4251 = VECTOR('',#4252,1.);
#4252 = DIRECTION('',(0.,-1.,0.));
#4253 = PCURVE('',#3976,#4254);
#4254 = DEFINITIONAL_REPRESENTATION('',(#4255),#4259);
#4255 = LINE('',#4256,#4257);
#4256 = CARTESIAN_POINT('',(241.77846003324,-758.3378124567));
#4257 = VECTOR('',#4258,1.);
#4258 = DIRECTION('',(0.,1.));
#4259 = ( GEOMETRIC_REPRESENTATION_CONTEXT(2) 
PARAMETRIC_REPRESENTATION_CONTEXT() REPRESENTATION_CONTEXT('2D SPACE',''
  ) );
#4260 = PCURVE('',#4009,#4261);
#4261 = DEFINITIONAL_REPRESENTATION('',(#4262),#4266);
#4262 = LINE('',#4263,#4264);
#4263 = CARTESIAN_POINT('',(0.,-0.));
#4264 = VECTOR('',#4265,1.);
#4265 = DIRECTION('',(1.,0.));
#4266 = ( GEOMETRIC_REPRESENTATION_CONTEXT(2) 
PARAMETRIC_REPRESENTATION_CONTEXT() REPRESENTATION_CONTEXT('2D SPACE',''
  ) );
#4267 = ADVANCED_FACE('',(#4268),#3922,.T.);
#4268 = FACE_BOUND('',#4269,.T.);
#4269 = EDGE_LOOP('',(#4270,#4271,#4272,#4273,#4296,#4317,#4338,#4359));
#4270 = ORIENTED_EDGE('',*,*,#4021,.T.);
#4271 = ORIENTED_EDGE('',*,*,#3906,.T.);
#4272 = ORIENTED_EDGE('',*,*,#4068,.T.);
#4273 = ORIENTED_EDGE('',*,*,#4274,.T.);
#4274 = EDGE_CURVE('',#4069,#4275,#4277,.T.);
#4275 = VERTEX_POINT('',#4276);
#4276 = CARTESIAN_POINT('',(1.525E+03,687.88702389151,630.));
#4277 = SURFACE_CURVE('',#4278,(#4282,#4289),.PCURVE_S1.);
#4278 = LINE('',#4279,#4280);
#4279 = CARTESIAN_POINT('',(1.525E+03,758.33781245678,630.));
#4280 = VECTOR('',#4281,1.);
#4281 = DIRECTION('',(0.,-1.,0.));
#4282 = PCURVE('',#3922,#4283);
#4283 = DEFINITIONAL_REPRESENTATION('',(#4284),#4288);
#4284 = LINE('',#4285,#4286);
#4285 = CARTESIAN_POINT('',(241.77846003324,-758.3378124567));
#4286 = VECTOR('',#4287,1.);
#4287 = DIRECTION('',(0.,1.));
#4288 = ( GEOMETRIC_REPRESENTATION_CONTEXT(2) 
PARAMETRIC_REPRESENTATION_CONTEXT() REPRESENTATION_CONTEXT('2D SPACE',''
  ) );
#4289 = PCURVE('',#4107,#4290);
#4290 = DEFINITIONAL_REPRESENTATION('',(#4291),#4295);
#4291 = LINE('',#4292,#4293);
#4292 = CARTESIAN_POINT('',(0.,-50.));
#4293 = VECTOR('',#4294,1.);
#4294 = DIRECTION('',(1.,0.));
#4295 = ( GEOMETRIC_REPRESENTATION_CONTEXT(2) 
PARAMETRIC_REPRESENTATION_CONTEXT() REPRESENTATION_CONTEXT('2D SPACE',''
  ) );
#4296 = ORIENTED_EDGE('',*,*,#4297,.T.);
#4297 = EDGE_CURVE('',#4275,#4298,#4300,.T.);
#4298 = VERTEX_POINT('',#4299);
#4299 = CARTESIAN_POINT('',(1.525E+03,352.5024085069,85.));
#4300 = SURFACE_CURVE('',#4301,(#4305,#4311),.PCURVE_S1.);
#4301 = LINE('',#4302,#4303);
#4302 = CARTESIAN_POINT('',(1.525E+03,371.76182055003,116.29654457009));
#4303 = VECTOR('',#4304,1.);
#4304 = DIRECTION('',(0.,-0.524097425664,-0.851658316705));
#4305 = PCURVE('',#3922,#4306);
#4306 = DEFINITIONAL_REPRESENTATION('',(#4307),#4310);
#4307 = B_SPLINE_CURVE_WITH_KNOTS('',1,(#4308,#4309),.UNSPECIFIED.,.F.,
  .F.,(2,2),(-603.1802253956,36.74777073885),.PIECEWISE_BEZIER_KNOTS.);
#4308 = CARTESIAN_POINT('',(241.77846003324,-687.8870238915));
#4309 = CARTESIAN_POINT('',(-303.2215399667,-352.5024085069));
#4310 = ( GEOMETRIC_REPRESENTATION_CONTEXT(2) 
PARAMETRIC_REPRESENTATION_CONTEXT() REPRESENTATION_CONTEXT('2D SPACE',''
  ) );
#4311 = PCURVE('',#4184,#4312);
#4312 = DEFINITIONAL_REPRESENTATION('',(#4313),#4316);
#4313 = B_SPLINE_CURVE_WITH_KNOTS('',1,(#4314,#4315),.UNSPECIFIED.,.F.,
  .F.,(2,2),(-603.1802253956,36.74777073885),.PIECEWISE_BEZIER_KNOTS.);
#4314 = CARTESIAN_POINT('',(639.92799613447,-51.));
#4315 = CARTESIAN_POINT('',(0.,-51.));
#4316 = ( GEOMETRIC_REPRESENTATION_CONTEXT(2) 
PARAMETRIC_REPRESENTATION_CONTEXT() REPRESENTATION_CONTEXT('2D SPACE',''
  ) );
#4317 = ORIENTED_EDGE('',*,*,#4318,.T.);
#4318 = EDGE_CURVE('',#4298,#4319,#4321,.T.);
#4319 = VERTEX_POINT('',#4320);
#4320 = CARTESIAN_POINT('',(1.525E+03,-352.5024085069,85.));
#4321 = SURFACE_CURVE('',#4322,(#4326,#4332),.PCURVE_S1.);
#4322 = LINE('',#4323,#4324);
#4323 = CARTESIAN_POINT('',(1.525E+03,-176.2512042534,85.));
#4324 = VECTOR('',#4325,1.);
#4325 = DIRECTION('',(0.,-1.,0.));
#4326 = PCURVE('',#3922,#4327);
#4327 = DEFINITIONAL_REPRESENTATION('',(#4328),#4331);
#4328 = B_SPLINE_CURVE_WITH_KNOTS('',1,(#4329,#4330),.UNSPECIFIED.,.F.,
  .F.,(2,2),(-528.7536127603,176.25120425345),.PIECEWISE_BEZIER_KNOTS.);
#4329 = CARTESIAN_POINT('',(-303.2215399667,-352.5024085069));
#4330 = CARTESIAN_POINT('',(-303.2215399667,352.5024085069));
#4331 = ( GEOMETRIC_REPRESENTATION_CONTEXT(2) 
PARAMETRIC_REPRESENTATION_CONTEXT() REPRESENTATION_CONTEXT('2D SPACE',''
  ) );
#4332 = PCURVE('',#4210,#4333);
#4333 = DEFINITIONAL_REPRESENTATION('',(#4334),#4337);
#4334 = B_SPLINE_CURVE_WITH_KNOTS('',1,(#4335,#4336),.UNSPECIFIED.,.F.,
  .F.,(2,2),(-528.7536127603,176.25120425345),.PIECEWISE_BEZIER_KNOTS.);
#4335 = CARTESIAN_POINT('',(705.0048170138,-51.));
#4336 = CARTESIAN_POINT('',(0.,-51.));
#4337 = ( GEOMETRIC_REPRESENTATION_CONTEXT(2) 
PARAMETRIC_REPRESENTATION_CONTEXT() REPRESENTATION_CONTEXT('2D SPACE',''
  ) );
#4338 = ORIENTED_EDGE('',*,*,#4339,.T.);
#4339 = EDGE_CURVE('',#4319,#4340,#4342,.T.);
#4340 = VERTEX_POINT('',#4341);
#4341 = CARTESIAN_POINT('',(1.525E+03,-687.8870238915,630.));
#4342 = SURFACE_CURVE('',#4343,(#4347,#4353),.PCURVE_S1.);
#4343 = LINE('',#4344,#4345);
#4344 = CARTESIAN_POINT('',(1.525E+03,-576.3772051654,448.79654457009));
#4345 = VECTOR('',#4346,1.);
#4346 = DIRECTION('',(0.,-0.524097425664,0.851658316705));
#4347 = PCURVE('',#3922,#4348);
#4348 = DEFINITIONAL_REPRESENTATION('',(#4349),#4352);
#4349 = B_SPLINE_CURVE_WITH_KNOTS('',1,(#4350,#4351),.UNSPECIFIED.,.F.,
  .F.,(2,2),(-427.1625573713,212.76543876312),.PIECEWISE_BEZIER_KNOTS.);
#4350 = CARTESIAN_POINT('',(-303.2215399667,352.5024085069));
#4351 = CARTESIAN_POINT('',(241.77846003324,687.88702389151));
#4352 = ( GEOMETRIC_REPRESENTATION_CONTEXT(2) 
PARAMETRIC_REPRESENTATION_CONTEXT() REPRESENTATION_CONTEXT('2D SPACE',''
  ) );
#4353 = PCURVE('',#4236,#4354);
#4354 = DEFINITIONAL_REPRESENTATION('',(#4355),#4358);
#4355 = B_SPLINE_CURVE_WITH_KNOTS('',1,(#4356,#4357),.UNSPECIFIED.,.F.,
  .F.,(2,2),(-427.1625573713,212.76543876312),.PIECEWISE_BEZIER_KNOTS.);
#4356 = CARTESIAN_POINT('',(780.829573265,-51.));
#4357 = CARTESIAN_POINT('',(140.90157713052,-51.));
#4358 = ( GEOMETRIC_REPRESENTATION_CONTEXT(2) 
PARAMETRIC_REPRESENTATION_CONTEXT() REPRESENTATION_CONTEXT('2D SPACE',''
  ) );
#4359 = ORIENTED_EDGE('',*,*,#4360,.T.);
#4360 = EDGE_CURVE('',#4340,#3994,#4361,.T.);
#4361 = SURFACE_CURVE('',#4362,(#4366,#4373),.PCURVE_S1.);
#4362 = LINE('',#4363,#4364);
#4363 = CARTESIAN_POINT('',(1.525E+03,758.33781245678,630.));
#4364 = VECTOR('',#4365,1.);
#4365 = DIRECTION('',(0.,-1.,0.));
#4366 = PCURVE('',#3922,#4367);
#4367 = DEFINITIONAL_REPRESENTATION('',(#4368),#4372);
#4368 = LINE('',#4369,#4370);
#4369 = CARTESIAN_POINT('',(241.77846003324,-758.3378124567));
#4370 = VECTOR('',#4371,1.);
#4371 = DIRECTION('',(0.,1.));
#4372 = ( GEOMETRIC_REPRESENTATION_CONTEXT(2) 
PARAMETRIC_REPRESENTATION_CONTEXT() REPRESENTATION_CONTEXT('2D SPACE',''
  ) );
#4373 = PCURVE('',#4009,#4374);
#4374 = DEFINITIONAL_REPRESENTATION('',(#4375),#4379);
#4375 = LINE('',#4376,#4377);
#4376 = CARTESIAN_POINT('',(0.,-50.));
#4377 = VECTOR('',#4378,1.);
#4378 = DIRECTION('',(1.,0.));
#4379 = ( GEOMETRIC_REPRESENTATION_CONTEXT(2) 
PARAMETRIC_REPRESENTATION_CONTEXT() REPRESENTATION_CONTEXT('2D SPACE',''
  ) );
#4380 = ADVANCED_FACE('',(#4381),#4009,.F.);
#4381 = FACE_BOUND('',#4382,.F.);
#4382 = EDGE_LOOP('',(#4383,#4384,#4403,#4404));
#4383 = ORIENTED_EDGE('',*,*,#4247,.F.);
#4384 = ORIENTED_EDGE('',*,*,#4385,.T.);
#4385 = EDGE_CURVE('',#4222,#4340,#4386,.T.);
#4386 = SURFACE_CURVE('',#4387,(#4391,#4397),.PCURVE_S1.);
#4387 = LINE('',#4388,#4389);
#4388 = CARTESIAN_POINT('',(1.4745E+03,-687.8870238915,630.));
#4389 = VECTOR('',#4390,1.);
#4390 = DIRECTION('',(1.,0.,0.));
#4391 = PCURVE('',#4009,#4392);
#4392 = DEFINITIONAL_REPRESENTATION('',(#4393),#4396);
#4393 = B_SPLINE_CURVE_WITH_KNOTS('',1,(#4394,#4395),.UNSPECIFIED.,.F.,
  .F.,(2,2),(0.5,50.5),.PIECEWISE_BEZIER_KNOTS.);
#4394 = CARTESIAN_POINT('',(1.446224836348E+03,0.));
#4395 = CARTESIAN_POINT('',(1.446224836348E+03,-50.));
#4396 = ( GEOMETRIC_REPRESENTATION_CONTEXT(2) 
PARAMETRIC_REPRESENTATION_CONTEXT() REPRESENTATION_CONTEXT('2D SPACE',''
  ) );
#4397 = PCURVE('',#4236,#4398);
#4398 = DEFINITIONAL_REPRESENTATION('',(#4399),#4402);
#4399 = B_SPLINE_CURVE_WITH_KNOTS('',1,(#4400,#4401),.UNSPECIFIED.,.F.,
  .F.,(2,2),(0.5,50.5),.PIECEWISE_BEZIER_KNOTS.);
#4400 = CARTESIAN_POINT('',(140.90157713052,-1.));
#4401 = CARTESIAN_POINT('',(140.90157713052,-51.));
#4402 = ( GEOMETRIC_REPRESENTATION_CONTEXT(2) 
PARAMETRIC_REPRESENTATION_CONTEXT() REPRESENTATION_CONTEXT('2D SPACE',''
  ) );
#4403 = ORIENTED_EDGE('',*,*,#4360,.T.);
#4404 = ORIENTED_EDGE('',*,*,#3991,.F.);
#4405 = ADVANCED_FACE('',(#4406),#4107,.F.);
#4406 = FACE_BOUND('',#4407,.F.);
#4407 = EDGE_LOOP('',(#4408,#4409,#4410,#4411));
#4408 = ORIENTED_EDGE('',*,*,#4146,.F.);
#4409 = ORIENTED_EDGE('',*,*,#4091,.T.);
#4410 = ORIENTED_EDGE('',*,*,#4274,.T.);
#4411 = ORIENTED_EDGE('',*,*,#4412,.T.);
#4412 = EDGE_CURVE('',#4275,#4147,#4413,.T.);
#4413 = SURFACE_CURVE('',#4414,(#4418,#4424),.PCURVE_S1.);
#4414 = LINE('',#4415,#4416);
#4415 = CARTESIAN_POINT('',(1.4745E+03,687.88702389151,630.));
#4416 = VECTOR('',#4417,1.);
#4417 = DIRECTION('',(-1.,-0.,-0.));
#4418 = PCURVE('',#4107,#4419);
#4419 = DEFINITIONAL_REPRESENTATION('',(#4420),#4423);
#4420 = B_SPLINE_CURVE_WITH_KNOTS('',1,(#4421,#4422),.UNSPECIFIED.,.F.,
  .F.,(2,2),(-50.5,-0.5),.PIECEWISE_BEZIER_KNOTS.);
#4421 = CARTESIAN_POINT('',(70.450788565263,-50.));
#4422 = CARTESIAN_POINT('',(70.450788565263,0.));
#4423 = ( GEOMETRIC_REPRESENTATION_CONTEXT(2) 
PARAMETRIC_REPRESENTATION_CONTEXT() REPRESENTATION_CONTEXT('2D SPACE',''
  ) );
#4424 = PCURVE('',#4184,#4425);
#4425 = DEFINITIONAL_REPRESENTATION('',(#4426),#4429);
#4426 = B_SPLINE_CURVE_WITH_KNOTS('',1,(#4427,#4428),.UNSPECIFIED.,.F.,
  .F.,(2,2),(-50.5,-0.5),.PIECEWISE_BEZIER_KNOTS.);
#4427 = CARTESIAN_POINT('',(639.92799613447,-51.));
#4428 = CARTESIAN_POINT('',(639.92799613447,-1.));
#4429 = ( GEOMETRIC_REPRESENTATION_CONTEXT(2) 
PARAMETRIC_REPRESENTATION_CONTEXT() REPRESENTATION_CONTEXT('2D SPACE',''
  ) );
#4430 = ADVANCED_FACE('',(#4431),#4236,.T.);
#4431 = FACE_BOUND('',#4432,.T.);
#4432 = EDGE_LOOP('',(#4433,#4454,#4455,#4456));
#4433 = ORIENTED_EDGE('',*,*,#4434,.F.);
#4434 = EDGE_CURVE('',#4196,#4319,#4435,.T.);
#4435 = SURFACE_CURVE('',#4436,(#4440,#4447),.PCURVE_S1.);
#4436 = LINE('',#4437,#4438);
#4437 = CARTESIAN_POINT('',(1.474E+03,-352.5024085069,85.));
#4438 = VECTOR('',#4439,1.);
#4439 = DIRECTION('',(1.,0.,0.));
#4440 = PCURVE('',#4236,#4441);
#4441 = DEFINITIONAL_REPRESENTATION('',(#4442),#4446);
#4442 = LINE('',#4443,#4444);
#4443 = CARTESIAN_POINT('',(780.829573265,0.));
#4444 = VECTOR('',#4445,1.);
#4445 = DIRECTION('',(0.,-1.));
#4446 = ( GEOMETRIC_REPRESENTATION_CONTEXT(2) 
PARAMETRIC_REPRESENTATION_CONTEXT() REPRESENTATION_CONTEXT('2D SPACE',''
  ) );
#4447 = PCURVE('',#4210,#4448);
#4448 = DEFINITIONAL_REPRESENTATION('',(#4449),#4453);
#4449 = LINE('',#4450,#4451);
#4450 = CARTESIAN_POINT('',(0.,0.));
#4451 = VECTOR('',#4452,1.);
#4452 = DIRECTION('',(0.,-1.));
#4453 = ( GEOMETRIC_REPRESENTATION_CONTEXT(2) 
PARAMETRIC_REPRESENTATION_CONTEXT() REPRESENTATION_CONTEXT('2D SPACE',''
  ) );
#4454 = ORIENTED_EDGE('',*,*,#4221,.T.);
#4455 = ORIENTED_EDGE('',*,*,#4385,.T.);
#4456 = ORIENTED_EDGE('',*,*,#4339,.F.);
#4457 = ADVANCED_FACE('',(#4458),#4210,.T.);
#4458 = FACE_BOUND('',#4459,.T.);
#4459 = EDGE_LOOP('',(#4460,#4461,#4462,#4463));
#4460 = ORIENTED_EDGE('',*,*,#4195,.T.);
#4461 = ORIENTED_EDGE('',*,*,#4434,.T.);
#4462 = ORIENTED_EDGE('',*,*,#4318,.F.);
#4463 = ORIENTED_EDGE('',*,*,#4464,.F.);
#4464 = EDGE_CURVE('',#4170,#4298,#4465,.T.);
#4465 = SURFACE_CURVE('',#4466,(#4470,#4477),.PCURVE_S1.);
#4466 = LINE('',#4467,#4468);
#4467 = CARTESIAN_POINT('',(1.474E+03,352.5024085069,85.));
#4468 = VECTOR('',#4469,1.);
#4469 = DIRECTION('',(1.,0.,0.));
#4470 = PCURVE('',#4210,#4471);
#4471 = DEFINITIONAL_REPRESENTATION('',(#4472),#4476);
#4472 = LINE('',#4473,#4474);
#4473 = CARTESIAN_POINT('',(705.0048170138,0.));
#4474 = VECTOR('',#4475,1.);
#4475 = DIRECTION('',(0.,-1.));
#4476 = ( GEOMETRIC_REPRESENTATION_CONTEXT(2) 
PARAMETRIC_REPRESENTATION_CONTEXT() REPRESENTATION_CONTEXT('2D SPACE',''
  ) );
#4477 = PCURVE('',#4184,#4478);
#4478 = DEFINITIONAL_REPRESENTATION('',(#4479),#4483);
#4479 = LINE('',#4480,#4481);
#4480 = CARTESIAN_POINT('',(0.,0.));
#4481 = VECTOR('',#4482,1.);
#4482 = DIRECTION('',(0.,-1.));
#4483 = ( GEOMETRIC_REPRESENTATION_CONTEXT(2) 
PARAMETRIC_REPRESENTATION_CONTEXT() REPRESENTATION_CONTEXT('2D SPACE',''
  ) );
#4484 = ADVANCED_FACE('',(#4485),#4184,.T.);
#4485 = FACE_BOUND('',#4486,.T.);
#4486 = EDGE_LOOP('',(#4487,#4488,#4489,#4490));
#4487 = ORIENTED_EDGE('',*,*,#4169,.T.);
#4488 = ORIENTED_EDGE('',*,*,#4464,.T.);
#4489 = ORIENTED_EDGE('',*,*,#4297,.F.);
#4490 = ORIENTED_EDGE('',*,*,#4412,.T.);
#4491 = MANIFOLD_SOLID_BREP('',#4492);
#4492 = CLOSED_SHELL('',(#4493,#4613,#4689,#4765,#4893,#5006,#5031,#5056
    ,#5083,#5110));
#4493 = ADVANCED_FACE('',(#4494),#4508,.F.);
#4494 = FACE_BOUND('',#4495,.F.);
#4495 = EDGE_LOOP('',(#4496,#4531,#4559,#4587));
#4496 = ORIENTED_EDGE('',*,*,#4497,.T.);
#4497 = EDGE_CURVE('',#4498,#4500,#4502,.T.);
#4498 = VERTEX_POINT('',#4499);
#4499 = CARTESIAN_POINT('',(2.075E+03,-386.030120149,25.));
#4500 = VERTEX_POINT('',#4501);
#4501 = CARTESIAN_POINT('',(2.125E+03,-386.030120149,25.));
#4502 = SURFACE_CURVE('',#4503,(#4507,#4519),.PCURVE_S1.);
#4503 = LINE('',#4504,#4505);
#4504 = CARTESIAN_POINT('',(2.075E+03,-386.030120149,25.));
#4505 = VECTOR('',#4506,1.);
#4506 = DIRECTION('',(1.,0.,0.));
#4507 = PCURVE('',#4508,#4513);
#4508 = PLANE('',#4509);
#4509 = AXIS2_PLACEMENT_3D('',#4510,#4511,#4512);
#4510 = CARTESIAN_POINT('',(2.075E+03,-386.030120149,25.));
#4511 = DIRECTION('',(0.,0.,1.));
#4512 = DIRECTION('',(0.,1.,0.));
#4513 = DEFINITIONAL_REPRESENTATION('',(#4514),#4518);
#4514 = LINE('',#4515,#4516);
#4515 = CARTESIAN_POINT('',(0.,0.));
#4516 = VECTOR('',#4517,1.);
#4517 = DIRECTION('',(0.,-1.));
#4518 = ( GEOMETRIC_REPRESENTATION_CONTEXT(2) 
PARAMETRIC_REPRESENTATION_CONTEXT() REPRESENTATION_CONTEXT('2D SPACE',''
  ) );
#4519 = PCURVE('',#4520,#4525);
#4520 = PLANE('',#4521);
#4521 = AXIS2_PLACEMENT_3D('',#4522,#4523,#4524);
#4522 = CARTESIAN_POINT('',(2.075E+03,-758.3378124567,630.));
#4523 = DIRECTION('',(-0.,0.851658316705,0.524097425664));
#4524 = DIRECTION('',(0.,0.524097425664,-0.851658316705));
#4525 = DEFINITIONAL_REPRESENTATION('',(#4526),#4530);
#4526 = LINE('',#4527,#4528);
#4527 = CARTESIAN_POINT('',(710.37878469974,0.));
#4528 = VECTOR('',#4529,1.);
#4529 = DIRECTION('',(0.,-1.));
#4530 = ( GEOMETRIC_REPRESENTATION_CONTEXT(2) 
PARAMETRIC_REPRESENTATION_CONTEXT() REPRESENTATION_CONTEXT('2D SPACE',''
  ) );
#4531 = ORIENTED_EDGE('',*,*,#4532,.T.);
#4532 = EDGE_CURVE('',#4500,#4533,#4535,.T.);
#4533 = VERTEX_POINT('',#4534);
#4534 = CARTESIAN_POINT('',(2.125E+03,386.03012014908,25.));
#4535 = SURFACE_CURVE('',#4536,(#4540,#4547),.PCURVE_S1.);
#4536 = LINE('',#4537,#4538);
#4537 = CARTESIAN_POINT('',(2.125E+03,-386.030120149,25.));
#4538 = VECTOR('',#4539,1.);
#4539 = DIRECTION('',(0.,1.,0.));
#4540 = PCURVE('',#4508,#4541);
#4541 = DEFINITIONAL_REPRESENTATION('',(#4542),#4546);
#4542 = LINE('',#4543,#4544);
#4543 = CARTESIAN_POINT('',(0.,-50.));
#4544 = VECTOR('',#4545,1.);
#4545 = DIRECTION('',(1.,0.));
#4546 = ( GEOMETRIC_REPRESENTATION_CONTEXT(2) 
PARAMETRIC_REPRESENTATION_CONTEXT() REPRESENTATION_CONTEXT('2D SPACE',''
  ) );
#4547 = PCURVE('',#4548,#4553);
#4548 = PLANE('',#4549);
#4549 = AXIS2_PLACEMENT_3D('',#4550,#4551,#4552);
#4550 = CARTESIAN_POINT('',(2.125E+03,-7.84576950189E-15,388.22153996675
    ));
#4551 = DIRECTION('',(1.,0.,0.));
#4552 = DIRECTION('',(-0.,0.,1.));
#4553 = DEFINITIONAL_REPRESENTATION('',(#4554),#4558);
#4554 = LINE('',#4555,#4556);
#4555 = CARTESIAN_POINT('',(-363.2215399667,386.03012014908));
#4556 = VECTOR('',#4557,1.);
#4557 = DIRECTION('',(0.,-1.));
#4558 = ( GEOMETRIC_REPRESENTATION_CONTEXT(2) 
PARAMETRIC_REPRESENTATION_CONTEXT() REPRESENTATION_CONTEXT('2D SPACE',''
  ) );
#4559 = ORIENTED_EDGE('',*,*,#4560,.F.);
#4560 = EDGE_CURVE('',#4561,#4533,#4563,.T.);
#4561 = VERTEX_POINT('',#4562);
#4562 = CARTESIAN_POINT('',(2.075E+03,386.03012014908,25.));
#4563 = SURFACE_CURVE('',#4564,(#4568,#4575),.PCURVE_S1.);
#4564 = LINE('',#4565,#4566);
#4565 = CARTESIAN_POINT('',(2.075E+03,386.03012014908,25.));
#4566 = VECTOR('',#4567,1.);
#4567 = DIRECTION('',(1.,0.,0.));
#4568 = PCURVE('',#4508,#4569);
#4569 = DEFINITIONAL_REPRESENTATION('',(#4570),#4574);
#4570 = LINE('',#4571,#4572);
#4571 = CARTESIAN_POINT('',(772.06024029817,0.));
#4572 = VECTOR('',#4573,1.);
#4573 = DIRECTION('',(0.,-1.));
#4574 = ( GEOMETRIC_REPRESENTATION_CONTEXT(2) 
PARAMETRIC_REPRESENTATION_CONTEXT() REPRESENTATION_CONTEXT('2D SPACE',''
  ) );
#4575 = PCURVE('',#4576,#4581);
#4576 = PLANE('',#4577);
#4577 = AXIS2_PLACEMENT_3D('',#4578,#4579,#4580);
#4578 = CARTESIAN_POINT('',(2.075E+03,386.03012014908,25.));
#4579 = DIRECTION('',(0.,-0.851658316705,0.524097425664));
#4580 = DIRECTION('',(0.,0.524097425664,0.851658316705));
#4581 = DEFINITIONAL_REPRESENTATION('',(#4582),#4586);
#4582 = LINE('',#4583,#4584);
#4583 = CARTESIAN_POINT('',(0.,0.));
#4584 = VECTOR('',#4585,1.);
#4585 = DIRECTION('',(0.,-1.));
#4586 = ( GEOMETRIC_REPRESENTATION_CONTEXT(2) 
PARAMETRIC_REPRESENTATION_CONTEXT() REPRESENTATION_CONTEXT('2D SPACE',''
  ) );
#4587 = ORIENTED_EDGE('',*,*,#4588,.F.);
#4588 = EDGE_CURVE('',#4498,#4561,#4589,.T.);
#4589 = SURFACE_CURVE('',#4590,(#4594,#4601),.PCURVE_S1.);
#4590 = LINE('',#4591,#4592);
#4591 = CARTESIAN_POINT('',(2.075E+03,-386.030120149,25.));
#4592 = VECTOR('',#4593,1.);
#4593 = DIRECTION('',(0.,1.,0.));
#4594 = PCURVE('',#4508,#4595);
#4595 = DEFINITIONAL_REPRESENTATION('',(#4596),#4600);
#4596 = LINE('',#4597,#4598);
#4597 = CARTESIAN_POINT('',(0.,0.));
#4598 = VECTOR('',#4599,1.);
#4599 = DIRECTION('',(1.,0.));
#4600 = ( GEOMETRIC_REPRESENTATION_CONTEXT(2) 
PARAMETRIC_REPRESENTATION_CONTEXT() REPRESENTATION_CONTEXT('2D SPACE',''
  ) );
#4601 = PCURVE('',#4602,#4607);
#4602 = PLANE('',#4603);
#4603 = AXIS2_PLACEMENT_3D('',#4604,#4605,#4606);
#4604 = CARTESIAN_POINT('',(2.075E+03,-7.84576950189E-15,388.22153996675
    ));
#4605 = DIRECTION('',(1.,0.,0.));
#4606 = DIRECTION('',(-0.,0.,1.));
#4607 = DEFINITIONAL_REPRESENTATION('',(#4608),#4612);
#4608 = LINE('',#4609,#4610);
#4609 = CARTESIAN_POINT('',(-363.2215399667,386.03012014908));
#4610 = VECTOR('',#4611,1.);
#4611 = DIRECTION('',(0.,-1.));
#4612 = ( GEOMETRIC_REPRESENTATION_CONTEXT(2) 
PARAMETRIC_REPRESENTATION_CONTEXT() REPRESENTATION_CONTEXT('2D SPACE',''
  ) );
#4613 = ADVANCED_FACE('',(#4614),#4520,.F.);
#4614 = FACE_BOUND('',#4615,.F.);
#4615 = EDGE_LOOP('',(#4616,#4646,#4667,#4668));
#4616 = ORIENTED_EDGE('',*,*,#4617,.T.);
#4617 = EDGE_CURVE('',#4618,#4620,#4622,.T.);
#4618 = VERTEX_POINT('',#4619);
#4619 = CARTESIAN_POINT('',(2.075E+03,-758.3378124567,630.));
#4620 = VERTEX_POINT('',#4621);
#4621 = CARTESIAN_POINT('',(2.125E+03,-758.3378124567,630.));
#4622 = SURFACE_CURVE('',#4623,(#4627,#4634),.PCURVE_S1.);
#4623 = LINE('',#4624,#4625);
#4624 = CARTESIAN_POINT('',(2.075E+03,-758.3378124567,630.));
#4625 = VECTOR('',#4626,1.);
#4626 = DIRECTION('',(1.,0.,0.));
#4627 = PCURVE('',#4520,#4628);
#4628 = DEFINITIONAL_REPRESENTATION('',(#4629),#4633);
#4629 = LINE('',#4630,#4631);
#4630 = CARTESIAN_POINT('',(0.,0.));
#4631 = VECTOR('',#4632,1.);
#4632 = DIRECTION('',(0.,-1.));
#4633 = ( GEOMETRIC_REPRESENTATION_CONTEXT(2) 
PARAMETRIC_REPRESENTATION_CONTEXT() REPRESENTATION_CONTEXT('2D SPACE',''
  ) );
#4634 = PCURVE('',#4635,#4640);
#4635 = PLANE('',#4636);
#4636 = AXIS2_PLACEMENT_3D('',#4637,#4638,#4639);
#4637 = CARTESIAN_POINT('',(2.075E+03,758.33781245678,630.));
#4638 = DIRECTION('',(0.,0.,-1.));
#4639 = DIRECTION('',(0.,-1.,0.));
#4640 = DEFINITIONAL_REPRESENTATION('',(#4641),#4645);
#4641 = LINE('',#4642,#4643);
#4642 = CARTESIAN_POINT('',(1.516675624914E+03,0.));
#4643 = VECTOR('',#4644,1.);
#4644 = DIRECTION('',(0.,-1.));
#4645 = ( GEOMETRIC_REPRESENTATION_CONTEXT(2) 
PARAMETRIC_REPRESENTATION_CONTEXT() REPRESENTATION_CONTEXT('2D SPACE',''
  ) );
#4646 = ORIENTED_EDGE('',*,*,#4647,.T.);
#4647 = EDGE_CURVE('',#4620,#4500,#4648,.T.);
#4648 = SURFACE_CURVE('',#4649,(#4653,#4660),.PCURVE_S1.);
#4649 = LINE('',#4650,#4651);
#4650 = CARTESIAN_POINT('',(2.125E+03,-758.3378124567,630.));
#4651 = VECTOR('',#4652,1.);
#4652 = DIRECTION('',(0.,0.524097425664,-0.851658316705));
#4653 = PCURVE('',#4520,#4654);
#4654 = DEFINITIONAL_REPRESENTATION('',(#4655),#4659);
#4655 = LINE('',#4656,#4657);
#4656 = CARTESIAN_POINT('',(0.,-50.));
#4657 = VECTOR('',#4658,1.);
#4658 = DIRECTION('',(1.,0.));
#4659 = ( GEOMETRIC_REPRESENTATION_CONTEXT(2) 
PARAMETRIC_REPRESENTATION_CONTEXT() REPRESENTATION_CONTEXT('2D SPACE',''
  ) );
#4660 = PCURVE('',#4548,#4661);
#4661 = DEFINITIONAL_REPRESENTATION('',(#4662),#4666);
#4662 = LINE('',#4663,#4664);
#4663 = CARTESIAN_POINT('',(241.77846003324,758.33781245678));
#4664 = VECTOR('',#4665,1.);
#4665 = DIRECTION('',(-0.851658316705,-0.524097425664));
#4666 = ( GEOMETRIC_REPRESENTATION_CONTEXT(2) 
PARAMETRIC_REPRESENTATION_CONTEXT() REPRESENTATION_CONTEXT('2D SPACE',''
  ) );
#4667 = ORIENTED_EDGE('',*,*,#4497,.F.);
#4668 = ORIENTED_EDGE('',*,*,#4669,.F.);
#4669 = EDGE_CURVE('',#4618,#4498,#4670,.T.);
#4670 = SURFACE_CURVE('',#4671,(#4675,#4682),.PCURVE_S1.);
#4671 = LINE('',#4672,#4673);
#4672 = CARTESIAN_POINT('',(2.075E+03,-758.3378124567,630.));
#4673 = VECTOR('',#4674,1.);
#4674 = DIRECTION('',(0.,0.524097425664,-0.851658316705));
#4675 = PCURVE('',#4520,#4676);
#4676 = DEFINITIONAL_REPRESENTATION('',(#4677),#4681);
#4677 = LINE('',#4678,#4679);
#4678 = CARTESIAN_POINT('',(0.,0.));
#4679 = VECTOR('',#4680,1.);
#4680 = DIRECTION('',(1.,0.));
#4681 = ( GEOMETRIC_REPRESENTATION_CONTEXT(2) 
PARAMETRIC_REPRESENTATION_CONTEXT() REPRESENTATION_CONTEXT('2D SPACE',''
  ) );
#4682 = PCURVE('',#4602,#4683);
#4683 = DEFINITIONAL_REPRESENTATION('',(#4684),#4688);
#4684 = LINE('',#4685,#4686);
#4685 = CARTESIAN_POINT('',(241.77846003324,758.33781245678));
#4686 = VECTOR('',#4687,1.);
#4687 = DIRECTION('',(-0.851658316705,-0.524097425664));
#4688 = ( GEOMETRIC_REPRESENTATION_CONTEXT(2) 
PARAMETRIC_REPRESENTATION_CONTEXT() REPRESENTATION_CONTEXT('2D SPACE',''
  ) );
#4689 = ADVANCED_FACE('',(#4690),#4576,.F.);
#4690 = FACE_BOUND('',#4691,.F.);
#4691 = EDGE_LOOP('',(#4692,#4693,#4716,#4744));
#4692 = ORIENTED_EDGE('',*,*,#4560,.T.);
#4693 = ORIENTED_EDGE('',*,*,#4694,.T.);
#4694 = EDGE_CURVE('',#4533,#4695,#4697,.T.);
#4695 = VERTEX_POINT('',#4696);
#4696 = CARTESIAN_POINT('',(2.125E+03,758.33781245678,630.));
#4697 = SURFACE_CURVE('',#4698,(#4702,#4709),.PCURVE_S1.);
#4698 = LINE('',#4699,#4700);
#4699 = CARTESIAN_POINT('',(2.125E+03,386.03012014908,25.));
#4700 = VECTOR('',#4701,1.);
#4701 = DIRECTION('',(0.,0.524097425664,0.851658316705));
#4702 = PCURVE('',#4576,#4703);
#4703 = DEFINITIONAL_REPRESENTATION('',(#4704),#4708);
#4704 = LINE('',#4705,#4706);
#4705 = CARTESIAN_POINT('',(0.,-50.));
#4706 = VECTOR('',#4707,1.);
#4707 = DIRECTION('',(1.,0.));
#4708 = ( GEOMETRIC_REPRESENTATION_CONTEXT(2) 
PARAMETRIC_REPRESENTATION_CONTEXT() REPRESENTATION_CONTEXT('2D SPACE',''
  ) );
#4709 = PCURVE('',#4548,#4710);
#4710 = DEFINITIONAL_REPRESENTATION('',(#4711),#4715);
#4711 = LINE('',#4712,#4713);
#4712 = CARTESIAN_POINT('',(-363.2215399667,-386.030120149));
#4713 = VECTOR('',#4714,1.);
#4714 = DIRECTION('',(0.851658316705,-0.524097425664));
#4715 = ( GEOMETRIC_REPRESENTATION_CONTEXT(2) 
PARAMETRIC_REPRESENTATION_CONTEXT() REPRESENTATION_CONTEXT('2D SPACE',''
  ) );
#4716 = ORIENTED_EDGE('',*,*,#4717,.F.);
#4717 = EDGE_CURVE('',#4718,#4695,#4720,.T.);
#4718 = VERTEX_POINT('',#4719);
#4719 = CARTESIAN_POINT('',(2.075E+03,758.33781245678,630.));
#4720 = SURFACE_CURVE('',#4721,(#4725,#4732),.PCURVE_S1.);
#4721 = LINE('',#4722,#4723);
#4722 = CARTESIAN_POINT('',(2.075E+03,758.33781245678,630.));
#4723 = VECTOR('',#4724,1.);
#4724 = DIRECTION('',(1.,0.,0.));
#4725 = PCURVE('',#4576,#4726);
#4726 = DEFINITIONAL_REPRESENTATION('',(#4727),#4731);
#4727 = LINE('',#4728,#4729);
#4728 = CARTESIAN_POINT('',(710.37878469974,0.));
#4729 = VECTOR('',#4730,1.);
#4730 = DIRECTION('',(0.,-1.));
#4731 = ( GEOMETRIC_REPRESENTATION_CONTEXT(2) 
PARAMETRIC_REPRESENTATION_CONTEXT() REPRESENTATION_CONTEXT('2D SPACE',''
  ) );
#4732 = PCURVE('',#4733,#4738);
#4733 = PLANE('',#4734);
#4734 = AXIS2_PLACEMENT_3D('',#4735,#4736,#4737);
#4735 = CARTESIAN_POINT('',(2.075E+03,758.33781245678,630.));
#4736 = DIRECTION('',(0.,0.,-1.));
#4737 = DIRECTION('',(0.,-1.,0.));
#4738 = DEFINITIONAL_REPRESENTATION('',(#4739),#4743);
#4739 = LINE('',#4740,#4741);
#4740 = CARTESIAN_POINT('',(0.,-0.));
#4741 = VECTOR('',#4742,1.);
#4742 = DIRECTION('',(0.,-1.));
#4743 = ( GEOMETRIC_REPRESENTATION_CONTEXT(2) 
PARAMETRIC_REPRESENTATION_CONTEXT() REPRESENTATION_CONTEXT('2D SPACE',''
  ) );
#4744 = ORIENTED_EDGE('',*,*,#4745,.F.);
#4745 = EDGE_CURVE('',#4561,#4718,#4746,.T.);
#4746 = SURFACE_CURVE('',#4747,(#4751,#4758),.PCURVE_S1.);
#4747 = LINE('',#4748,#4749);
#4748 = CARTESIAN_POINT('',(2.075E+03,386.03012014908,25.));
#4749 = VECTOR('',#4750,1.);
#4750 = DIRECTION('',(0.,0.524097425664,0.851658316705));
#4751 = PCURVE('',#4576,#4752);
#4752 = DEFINITIONAL_REPRESENTATION('',(#4753),#4757);
#4753 = LINE('',#4754,#4755);
#4754 = CARTESIAN_POINT('',(0.,0.));
#4755 = VECTOR('',#4756,1.);
#4756 = DIRECTION('',(1.,0.));
#4757 = ( GEOMETRIC_REPRESENTATION_CONTEXT(2) 
PARAMETRIC_REPRESENTATION_CONTEXT() REPRESENTATION_CONTEXT('2D SPACE',''
  ) );
#4758 = PCURVE('',#4602,#4759);
#4759 = DEFINITIONAL_REPRESENTATION('',(#4760),#4764);
#4760 = LINE('',#4761,#4762);
#4761 = CARTESIAN_POINT('',(-363.2215399667,-386.030120149));
#4762 = VECTOR('',#4763,1.);
#4763 = DIRECTION('',(0.851658316705,-0.524097425664));
#4764 = ( GEOMETRIC_REPRESENTATION_CONTEXT(2) 
PARAMETRIC_REPRESENTATION_CONTEXT() REPRESENTATION_CONTEXT('2D SPACE',''
  ) );
#4765 = ADVANCED_FACE('',(#4766),#4602,.F.);
#4766 = FACE_BOUND('',#4767,.F.);
#4767 = EDGE_LOOP('',(#4768,#4769,#4770,#4771,#4794,#4820,#4846,#4872));
#4768 = ORIENTED_EDGE('',*,*,#4669,.T.);
#4769 = ORIENTED_EDGE('',*,*,#4588,.T.);
#4770 = ORIENTED_EDGE('',*,*,#4745,.T.);
#4771 = ORIENTED_EDGE('',*,*,#4772,.T.);
#4772 = EDGE_CURVE('',#4718,#4773,#4775,.T.);
#4773 = VERTEX_POINT('',#4774);
#4774 = CARTESIAN_POINT('',(2.075E+03,687.88702389151,630.));
#4775 = SURFACE_CURVE('',#4776,(#4780,#4787),.PCURVE_S1.);
#4776 = LINE('',#4777,#4778);
#4777 = CARTESIAN_POINT('',(2.075E+03,758.33781245678,630.));
#4778 = VECTOR('',#4779,1.);
#4779 = DIRECTION('',(0.,-1.,0.));
#4780 = PCURVE('',#4602,#4781);
#4781 = DEFINITIONAL_REPRESENTATION('',(#4782),#4786);
#4782 = LINE('',#4783,#4784);
#4783 = CARTESIAN_POINT('',(241.77846003324,-758.3378124567));
#4784 = VECTOR('',#4785,1.);
#4785 = DIRECTION('',(0.,1.));
#4786 = ( GEOMETRIC_REPRESENTATION_CONTEXT(2) 
PARAMETRIC_REPRESENTATION_CONTEXT() REPRESENTATION_CONTEXT('2D SPACE',''
  ) );
#4787 = PCURVE('',#4733,#4788);
#4788 = DEFINITIONAL_REPRESENTATION('',(#4789),#4793);
#4789 = LINE('',#4790,#4791);
#4790 = CARTESIAN_POINT('',(0.,-0.));
#4791 = VECTOR('',#4792,1.);
#4792 = DIRECTION('',(1.,0.));
#4793 = ( GEOMETRIC_REPRESENTATION_CONTEXT(2) 
PARAMETRIC_REPRESENTATION_CONTEXT() REPRESENTATION_CONTEXT('2D SPACE',''
  ) );
#4794 = ORIENTED_EDGE('',*,*,#4795,.T.);
#4795 = EDGE_CURVE('',#4773,#4796,#4798,.T.);
#4796 = VERTEX_POINT('',#4797);
#4797 = CARTESIAN_POINT('',(2.075E+03,352.5024085069,85.));
#4798 = SURFACE_CURVE('',#4799,(#4803,#4809),.PCURVE_S1.);
#4799 = LINE('',#4800,#4801);
#4800 = CARTESIAN_POINT('',(2.075E+03,371.76182055003,116.29654457009));
#4801 = VECTOR('',#4802,1.);
#4802 = DIRECTION('',(0.,-0.524097425664,-0.851658316705));
#4803 = PCURVE('',#4602,#4804);
#4804 = DEFINITIONAL_REPRESENTATION('',(#4805),#4808);
#4805 = B_SPLINE_CURVE_WITH_KNOTS('',1,(#4806,#4807),.UNSPECIFIED.,.F.,
  .F.,(2,2),(-603.1802253956,36.74777073885),.PIECEWISE_BEZIER_KNOTS.);
#4806 = CARTESIAN_POINT('',(241.77846003324,-687.8870238915));
#4807 = CARTESIAN_POINT('',(-303.2215399667,-352.5024085069));
#4808 = ( GEOMETRIC_REPRESENTATION_CONTEXT(2) 
PARAMETRIC_REPRESENTATION_CONTEXT() REPRESENTATION_CONTEXT('2D SPACE',''
  ) );
#4809 = PCURVE('',#4810,#4815);
#4810 = PLANE('',#4811);
#4811 = AXIS2_PLACEMENT_3D('',#4812,#4813,#4814);
#4812 = CARTESIAN_POINT('',(2.074E+03,352.5024085069,85.));
#4813 = DIRECTION('',(0.,-0.851658316705,0.524097425664));
#4814 = DIRECTION('',(0.,0.524097425664,0.851658316705));
#4815 = DEFINITIONAL_REPRESENTATION('',(#4816),#4819);
#4816 = B_SPLINE_CURVE_WITH_KNOTS('',1,(#4817,#4818),.UNSPECIFIED.,.F.,
  .F.,(2,2),(-603.1802253956,36.74777073885),.PIECEWISE_BEZIER_KNOTS.);
#4817 = CARTESIAN_POINT('',(639.92799613447,-1.));
#4818 = CARTESIAN_POINT('',(0.,-1.));
#4819 = ( GEOMETRIC_REPRESENTATION_CONTEXT(2) 
PARAMETRIC_REPRESENTATION_CONTEXT() REPRESENTATION_CONTEXT('2D SPACE',''
  ) );
#4820 = ORIENTED_EDGE('',*,*,#4821,.T.);
#4821 = EDGE_CURVE('',#4796,#4822,#4824,.T.);
#4822 = VERTEX_POINT('',#4823);
#4823 = CARTESIAN_POINT('',(2.075E+03,-352.5024085069,85.));
#4824 = SURFACE_CURVE('',#4825,(#4829,#4835),.PCURVE_S1.);
#4825 = LINE('',#4826,#4827);
#4826 = CARTESIAN_POINT('',(2.075E+03,-176.2512042534,85.));
#4827 = VECTOR('',#4828,1.);
#4828 = DIRECTION('',(0.,-1.,0.));
#4829 = PCURVE('',#4602,#4830);
#4830 = DEFINITIONAL_REPRESENTATION('',(#4831),#4834);
#4831 = B_SPLINE_CURVE_WITH_KNOTS('',1,(#4832,#4833),.UNSPECIFIED.,.F.,
  .F.,(2,2),(-528.7536127603,176.25120425345),.PIECEWISE_BEZIER_KNOTS.);
#4832 = CARTESIAN_POINT('',(-303.2215399667,-352.5024085069));
#4833 = CARTESIAN_POINT('',(-303.2215399667,352.5024085069));
#4834 = ( GEOMETRIC_REPRESENTATION_CONTEXT(2) 
PARAMETRIC_REPRESENTATION_CONTEXT() REPRESENTATION_CONTEXT('2D SPACE',''
  ) );
#4835 = PCURVE('',#4836,#4841);
#4836 = PLANE('',#4837);
#4837 = AXIS2_PLACEMENT_3D('',#4838,#4839,#4840);
#4838 = CARTESIAN_POINT('',(2.074E+03,-352.5024085069,85.));
#4839 = DIRECTION('',(0.,0.,1.));
#4840 = DIRECTION('',(0.,1.,0.));
#4841 = DEFINITIONAL_REPRESENTATION('',(#4842),#4845);
#4842 = B_SPLINE_CURVE_WITH_KNOTS('',1,(#4843,#4844),.UNSPECIFIED.,.F.,
  .F.,(2,2),(-528.7536127603,176.25120425345),.PIECEWISE_BEZIER_KNOTS.);
#4843 = CARTESIAN_POINT('',(705.0048170138,-1.));
#4844 = CARTESIAN_POINT('',(0.,-1.));
#4845 = ( GEOMETRIC_REPRESENTATION_CONTEXT(2) 
PARAMETRIC_REPRESENTATION_CONTEXT() REPRESENTATION_CONTEXT('2D SPACE',''
  ) );
#4846 = ORIENTED_EDGE('',*,*,#4847,.T.);
#4847 = EDGE_CURVE('',#4822,#4848,#4850,.T.);
#4848 = VERTEX_POINT('',#4849);
#4849 = CARTESIAN_POINT('',(2.075E+03,-687.8870238915,630.));
#4850 = SURFACE_CURVE('',#4851,(#4855,#4861),.PCURVE_S1.);
#4851 = LINE('',#4852,#4853);
#4852 = CARTESIAN_POINT('',(2.075E+03,-576.3772051654,448.79654457009));
#4853 = VECTOR('',#4854,1.);
#4854 = DIRECTION('',(0.,-0.524097425664,0.851658316705));
#4855 = PCURVE('',#4602,#4856);
#4856 = DEFINITIONAL_REPRESENTATION('',(#4857),#4860);
#4857 = B_SPLINE_CURVE_WITH_KNOTS('',1,(#4858,#4859),.UNSPECIFIED.,.F.,
  .F.,(2,2),(-427.1625573713,212.76543876312),.PIECEWISE_BEZIER_KNOTS.);
#4858 = CARTESIAN_POINT('',(-303.2215399667,352.5024085069));
#4859 = CARTESIAN_POINT('',(241.77846003324,687.88702389151));
#4860 = ( GEOMETRIC_REPRESENTATION_CONTEXT(2) 
PARAMETRIC_REPRESENTATION_CONTEXT() REPRESENTATION_CONTEXT('2D SPACE',''
  ) );
#4861 = PCURVE('',#4862,#4867);
#4862 = PLANE('',#4863);
#4863 = AXIS2_PLACEMENT_3D('',#4864,#4865,#4866);
#4864 = CARTESIAN_POINT('',(2.074E+03,-761.7331777376,750.));
#4865 = DIRECTION('',(-0.,0.851658316705,0.524097425664));
#4866 = DIRECTION('',(0.,0.524097425664,-0.851658316705));
#4867 = DEFINITIONAL_REPRESENTATION('',(#4868),#4871);
#4868 = B_SPLINE_CURVE_WITH_KNOTS('',1,(#4869,#4870),.UNSPECIFIED.,.F.,
  .F.,(2,2),(-427.1625573713,212.76543876312),.PIECEWISE_BEZIER_KNOTS.);
#4869 = CARTESIAN_POINT('',(780.829573265,-1.));
#4870 = CARTESIAN_POINT('',(140.90157713052,-1.));
#4871 = ( GEOMETRIC_REPRESENTATION_CONTEXT(2) 
PARAMETRIC_REPRESENTATION_CONTEXT() REPRESENTATION_CONTEXT('2D SPACE',''
  ) );
#4872 = ORIENTED_EDGE('',*,*,#4873,.T.);
#4873 = EDGE_CURVE('',#4848,#4618,#4874,.T.);
#4874 = SURFACE_CURVE('',#4875,(#4879,#4886),.PCURVE_S1.);
#4875 = LINE('',#4876,#4877);
#4876 = CARTESIAN_POINT('',(2.075E+03,758.33781245678,630.));
#4877 = VECTOR('',#4878,1.);
#4878 = DIRECTION('',(0.,-1.,0.));
#4879 = PCURVE('',#4602,#4880);
#4880 = DEFINITIONAL_REPRESENTATION('',(#4881),#4885);
#4881 = LINE('',#4882,#4883);
#4882 = CARTESIAN_POINT('',(241.77846003324,-758.3378124567));
#4883 = VECTOR('',#4884,1.);
#4884 = DIRECTION('',(0.,1.));
#4885 = ( GEOMETRIC_REPRESENTATION_CONTEXT(2) 
PARAMETRIC_REPRESENTATION_CONTEXT() REPRESENTATION_CONTEXT('2D SPACE',''
  ) );
#4886 = PCURVE('',#4635,#4887);
#4887 = DEFINITIONAL_REPRESENTATION('',(#4888),#4892);
#4888 = LINE('',#4889,#4890);
#4889 = CARTESIAN_POINT('',(0.,-0.));
#4890 = VECTOR('',#4891,1.);
#4891 = DIRECTION('',(1.,0.));
#4892 = ( GEOMETRIC_REPRESENTATION_CONTEXT(2) 
PARAMETRIC_REPRESENTATION_CONTEXT() REPRESENTATION_CONTEXT('2D SPACE',''
  ) );
#4893 = ADVANCED_FACE('',(#4894),#4548,.T.);
#4894 = FACE_BOUND('',#4895,.T.);
#4895 = EDGE_LOOP('',(#4896,#4897,#4898,#4899,#4922,#4943,#4964,#4985));
#4896 = ORIENTED_EDGE('',*,*,#4647,.T.);
#4897 = ORIENTED_EDGE('',*,*,#4532,.T.);
#4898 = ORIENTED_EDGE('',*,*,#4694,.T.);
#4899 = ORIENTED_EDGE('',*,*,#4900,.T.);
#4900 = EDGE_CURVE('',#4695,#4901,#4903,.T.);
#4901 = VERTEX_POINT('',#4902);
#4902 = CARTESIAN_POINT('',(2.125E+03,687.88702389151,630.));
#4903 = SURFACE_CURVE('',#4904,(#4908,#4915),.PCURVE_S1.);
#4904 = LINE('',#4905,#4906);
#4905 = CARTESIAN_POINT('',(2.125E+03,758.33781245678,630.));
#4906 = VECTOR('',#4907,1.);
#4907 = DIRECTION('',(0.,-1.,0.));
#4908 = PCURVE('',#4548,#4909);
#4909 = DEFINITIONAL_REPRESENTATION('',(#4910),#4914);
#4910 = LINE('',#4911,#4912);
#4911 = CARTESIAN_POINT('',(241.77846003324,-758.3378124567));
#4912 = VECTOR('',#4913,1.);
#4913 = DIRECTION('',(0.,1.));
#4914 = ( GEOMETRIC_REPRESENTATION_CONTEXT(2) 
PARAMETRIC_REPRESENTATION_CONTEXT() REPRESENTATION_CONTEXT('2D SPACE',''
  ) );
#4915 = PCURVE('',#4733,#4916);
#4916 = DEFINITIONAL_REPRESENTATION('',(#4917),#4921);
#4917 = LINE('',#4918,#4919);
#4918 = CARTESIAN_POINT('',(0.,-50.));
#4919 = VECTOR('',#4920,1.);
#4920 = DIRECTION('',(1.,0.));
#4921 = ( GEOMETRIC_REPRESENTATION_CONTEXT(2) 
PARAMETRIC_REPRESENTATION_CONTEXT() REPRESENTATION_CONTEXT('2D SPACE',''
  ) );
#4922 = ORIENTED_EDGE('',*,*,#4923,.T.);
#4923 = EDGE_CURVE('',#4901,#4924,#4926,.T.);
#4924 = VERTEX_POINT('',#4925);
#4925 = CARTESIAN_POINT('',(2.125E+03,352.5024085069,85.));
#4926 = SURFACE_CURVE('',#4927,(#4931,#4937),.PCURVE_S1.);
#4927 = LINE('',#4928,#4929);
#4928 = CARTESIAN_POINT('',(2.125E+03,371.76182055003,116.29654457009));
#4929 = VECTOR('',#4930,1.);
#4930 = DIRECTION('',(0.,-0.524097425664,-0.851658316705));
#4931 = PCURVE('',#4548,#4932);
#4932 = DEFINITIONAL_REPRESENTATION('',(#4933),#4936);
#4933 = B_SPLINE_CURVE_WITH_KNOTS('',1,(#4934,#4935),.UNSPECIFIED.,.F.,
  .F.,(2,2),(-603.1802253956,36.74777073885),.PIECEWISE_BEZIER_KNOTS.);
#4934 = CARTESIAN_POINT('',(241.77846003324,-687.8870238915));
#4935 = CARTESIAN_POINT('',(-303.2215399667,-352.5024085069));
#4936 = ( GEOMETRIC_REPRESENTATION_CONTEXT(2) 
PARAMETRIC_REPRESENTATION_CONTEXT() REPRESENTATION_CONTEXT('2D SPACE',''
  ) );
#4937 = PCURVE('',#4810,#4938);
#4938 = DEFINITIONAL_REPRESENTATION('',(#4939),#4942);
#4939 = B_SPLINE_CURVE_WITH_KNOTS('',1,(#4940,#4941),.UNSPECIFIED.,.F.,
  .F.,(2,2),(-603.1802253956,36.74777073885),.PIECEWISE_BEZIER_KNOTS.);
#4940 = CARTESIAN_POINT('',(639.92799613447,-51.));
#4941 = CARTESIAN_POINT('',(0.,-51.));
#4942 = ( GEOMETRIC_REPRESENTATION_CONTEXT(2) 
PARAMETRIC_REPRESENTATION_CONTEXT() REPRESENTATION_CONTEXT('2D SPACE',''
  ) );
#4943 = ORIENTED_EDGE('',*,*,#4944,.T.);
#4944 = EDGE_CURVE('',#4924,#4945,#4947,.T.);
#4945 = VERTEX_POINT('',#4946);
#4946 = CARTESIAN_POINT('',(2.125E+03,-352.5024085069,85.));
#4947 = SURFACE_CURVE('',#4948,(#4952,#4958),.PCURVE_S1.);
#4948 = LINE('',#4949,#4950);
#4949 = CARTESIAN_POINT('',(2.125E+03,-176.2512042534,85.));
#4950 = VECTOR('',#4951,1.);
#4951 = DIRECTION('',(0.,-1.,0.));
#4952 = PCURVE('',#4548,#4953);
#4953 = DEFINITIONAL_REPRESENTATION('',(#4954),#4957);
#4954 = B_SPLINE_CURVE_WITH_KNOTS('',1,(#4955,#4956),.UNSPECIFIED.,.F.,
  .F.,(2,2),(-528.7536127603,176.25120425345),.PIECEWISE_BEZIER_KNOTS.);
#4955 = CARTESIAN_POINT('',(-303.2215399667,-352.5024085069));
#4956 = CARTESIAN_POINT('',(-303.2215399667,352.5024085069));
#4957 = ( GEOMETRIC_REPRESENTATION_CONTEXT(2) 
PARAMETRIC_REPRESENTATION_CONTEXT() REPRESENTATION_CONTEXT('2D SPACE',''
  ) );
#4958 = PCURVE('',#4836,#4959);
#4959 = DEFINITIONAL_REPRESENTATION('',(#4960),#4963);
#4960 = B_SPLINE_CURVE_WITH_KNOTS('',1,(#4961,#4962),.UNSPECIFIED.,.F.,
  .F.,(2,2),(-528.7536127603,176.25120425345),.PIECEWISE_BEZIER_KNOTS.);
#4961 = CARTESIAN_POINT('',(705.0048170138,-51.));
#4962 = CARTESIAN_POINT('',(0.,-51.));
#4963 = ( GEOMETRIC_REPRESENTATION_CONTEXT(2) 
PARAMETRIC_REPRESENTATION_CONTEXT() REPRESENTATION_CONTEXT('2D SPACE',''
  ) );
#4964 = ORIENTED_EDGE('',*,*,#4965,.T.);
#4965 = EDGE_CURVE('',#4945,#4966,#4968,.T.);
#4966 = VERTEX_POINT('',#4967);
#4967 = CARTESIAN_POINT('',(2.125E+03,-687.8870238915,630.));
#4968 = SURFACE_CURVE('',#4969,(#4973,#4979),.PCURVE_S1.);
#4969 = LINE('',#4970,#4971);
#4970 = CARTESIAN_POINT('',(2.125E+03,-576.3772051654,448.79654457009));
#4971 = VECTOR('',#4972,1.);
#4972 = DIRECTION('',(0.,-0.524097425664,0.851658316705));
#4973 = PCURVE('',#4548,#4974);
#4974 = DEFINITIONAL_REPRESENTATION('',(#4975),#4978);
#4975 = B_SPLINE_CURVE_WITH_KNOTS('',1,(#4976,#4977),.UNSPECIFIED.,.F.,
  .F.,(2,2),(-427.1625573713,212.76543876312),.PIECEWISE_BEZIER_KNOTS.);
#4976 = CARTESIAN_POINT('',(-303.2215399667,352.5024085069));
#4977 = CARTESIAN_POINT('',(241.77846003324,687.88702389151));
#4978 = ( GEOMETRIC_REPRESENTATION_CONTEXT(2) 
PARAMETRIC_REPRESENTATION_CONTEXT() REPRESENTATION_CONTEXT('2D SPACE',''
  ) );
#4979 = PCURVE('',#4862,#4980);
#4980 = DEFINITIONAL_REPRESENTATION('',(#4981),#4984);
#4981 = B_SPLINE_CURVE_WITH_KNOTS('',1,(#4982,#4983),.UNSPECIFIED.,.F.,
  .F.,(2,2),(-427.1625573713,212.76543876312),.PIECEWISE_BEZIER_KNOTS.);
#4982 = CARTESIAN_POINT('',(780.829573265,-51.));
#4983 = CARTESIAN_POINT('',(140.90157713052,-51.));
#4984 = ( GEOMETRIC_REPRESENTATION_CONTEXT(2) 
PARAMETRIC_REPRESENTATION_CONTEXT() REPRESENTATION_CONTEXT('2D SPACE',''
  ) );
#4985 = ORIENTED_EDGE('',*,*,#4986,.T.);
#4986 = EDGE_CURVE('',#4966,#4620,#4987,.T.);
#4987 = SURFACE_CURVE('',#4988,(#4992,#4999),.PCURVE_S1.);
#4988 = LINE('',#4989,#4990);
#4989 = CARTESIAN_POINT('',(2.125E+03,758.33781245678,630.));
#4990 = VECTOR('',#4991,1.);
#4991 = DIRECTION('',(0.,-1.,0.));
#4992 = PCURVE('',#4548,#4993);
#4993 = DEFINITIONAL_REPRESENTATION('',(#4994),#4998);
#4994 = LINE('',#4995,#4996);
#4995 = CARTESIAN_POINT('',(241.77846003324,-758.3378124567));
#4996 = VECTOR('',#4997,1.);
#4997 = DIRECTION('',(0.,1.));
#4998 = ( GEOMETRIC_REPRESENTATION_CONTEXT(2) 
PARAMETRIC_REPRESENTATION_CONTEXT() REPRESENTATION_CONTEXT('2D SPACE',''
  ) );
#4999 = PCURVE('',#4635,#5000);
#5000 = DEFINITIONAL_REPRESENTATION('',(#5001),#5005);
#5001 = LINE('',#5002,#5003);
#5002 = CARTESIAN_POINT('',(0.,-50.));
#5003 = VECTOR('',#5004,1.);
#5004 = DIRECTION('',(1.,0.));
#5005 = ( GEOMETRIC_REPRESENTATION_CONTEXT(2) 
PARAMETRIC_REPRESENTATION_CONTEXT() REPRESENTATION_CONTEXT('2D SPACE',''
  ) );
#5006 = ADVANCED_FACE('',(#5007),#4635,.F.);
#5007 = FACE_BOUND('',#5008,.F.);
#5008 = EDGE_LOOP('',(#5009,#5010,#5029,#5030));
#5009 = ORIENTED_EDGE('',*,*,#4873,.F.);
#5010 = ORIENTED_EDGE('',*,*,#5011,.T.);
#5011 = EDGE_CURVE('',#4848,#4966,#5012,.T.);
#5012 = SURFACE_CURVE('',#5013,(#5017,#5023),.PCURVE_S1.);
#5013 = LINE('',#5014,#5015);
#5014 = CARTESIAN_POINT('',(2.0745E+03,-687.8870238915,630.));
#5015 = VECTOR('',#5016,1.);
#5016 = DIRECTION('',(1.,0.,0.));
#5017 = PCURVE('',#4635,#5018);
#5018 = DEFINITIONAL_REPRESENTATION('',(#5019),#5022);
#5019 = B_SPLINE_CURVE_WITH_KNOTS('',1,(#5020,#5021),.UNSPECIFIED.,.F.,
  .F.,(2,2),(0.5,50.5),.PIECEWISE_BEZIER_KNOTS.);
#5020 = CARTESIAN_POINT('',(1.446224836348E+03,0.));
#5021 = CARTESIAN_POINT('',(1.446224836348E+03,-50.));
#5022 = ( GEOMETRIC_REPRESENTATION_CONTEXT(2) 
PARAMETRIC_REPRESENTATION_CONTEXT() REPRESENTATION_CONTEXT('2D SPACE',''
  ) );
#5023 = PCURVE('',#4862,#5024);
#5024 = DEFINITIONAL_REPRESENTATION('',(#5025),#5028);
#5025 = B_SPLINE_CURVE_WITH_KNOTS('',1,(#5026,#5027),.UNSPECIFIED.,.F.,
  .F.,(2,2),(0.5,50.5),.PIECEWISE_BEZIER_KNOTS.);
#5026 = CARTESIAN_POINT('',(140.90157713052,-1.));
#5027 = CARTESIAN_POINT('',(140.90157713052,-51.));
#5028 = ( GEOMETRIC_REPRESENTATION_CONTEXT(2) 
PARAMETRIC_REPRESENTATION_CONTEXT() REPRESENTATION_CONTEXT('2D SPACE',''
  ) );
#5029 = ORIENTED_EDGE('',*,*,#4986,.T.);
#5030 = ORIENTED_EDGE('',*,*,#4617,.F.);
#5031 = ADVANCED_FACE('',(#5032),#4733,.F.);
#5032 = FACE_BOUND('',#5033,.F.);
#5033 = EDGE_LOOP('',(#5034,#5035,#5036,#5037));
#5034 = ORIENTED_EDGE('',*,*,#4772,.F.);
#5035 = ORIENTED_EDGE('',*,*,#4717,.T.);
#5036 = ORIENTED_EDGE('',*,*,#4900,.T.);
#5037 = ORIENTED_EDGE('',*,*,#5038,.T.);
#5038 = EDGE_CURVE('',#4901,#4773,#5039,.T.);
#5039 = SURFACE_CURVE('',#5040,(#5044,#5050),.PCURVE_S1.);
#5040 = LINE('',#5041,#5042);
#5041 = CARTESIAN_POINT('',(2.0745E+03,687.88702389151,630.));
#5042 = VECTOR('',#5043,1.);
#5043 = DIRECTION('',(-1.,-0.,-0.));
#5044 = PCURVE('',#4733,#5045);
#5045 = DEFINITIONAL_REPRESENTATION('',(#5046),#5049);
#5046 = B_SPLINE_CURVE_WITH_KNOTS('',1,(#5047,#5048),.UNSPECIFIED.,.F.,
  .F.,(2,2),(-50.5,-0.5),.PIECEWISE_BEZIER_KNOTS.);
#5047 = CARTESIAN_POINT('',(70.450788565263,-50.));
#5048 = CARTESIAN_POINT('',(70.450788565263,0.));
#5049 = ( GEOMETRIC_REPRESENTATION_CONTEXT(2) 
PARAMETRIC_REPRESENTATION_CONTEXT() REPRESENTATION_CONTEXT('2D SPACE',''
  ) );
#5050 = PCURVE('',#4810,#5051);
#5051 = DEFINITIONAL_REPRESENTATION('',(#5052),#5055);
#5052 = B_SPLINE_CURVE_WITH_KNOTS('',1,(#5053,#5054),.UNSPECIFIED.,.F.,
  .F.,(2,2),(-50.5,-0.5),.PIECEWISE_BEZIER_KNOTS.);
#5053 = CARTESIAN_POINT('',(639.92799613447,-51.));
#5054 = CARTESIAN_POINT('',(639.92799613447,-1.));
#5055 = ( GEOMETRIC_REPRESENTATION_CONTEXT(2) 
PARAMETRIC_REPRESENTATION_CONTEXT() REPRESENTATION_CONTEXT('2D SPACE',''
  ) );
#5056 = ADVANCED_FACE('',(#5057),#4862,.T.);
#5057 = FACE_BOUND('',#5058,.T.);
#5058 = EDGE_LOOP('',(#5059,#5080,#5081,#5082));
#5059 = ORIENTED_EDGE('',*,*,#5060,.F.);
#5060 = EDGE_CURVE('',#4822,#4945,#5061,.T.);
#5061 = SURFACE_CURVE('',#5062,(#5066,#5073),.PCURVE_S1.);
#5062 = LINE('',#5063,#5064);
#5063 = CARTESIAN_POINT('',(2.074E+03,-352.5024085069,85.));
#5064 = VECTOR('',#5065,1.);
#5065 = DIRECTION('',(1.,0.,0.));
#5066 = PCURVE('',#4862,#5067);
#5067 = DEFINITIONAL_REPRESENTATION('',(#5068),#5072);
#5068 = LINE('',#5069,#5070);
#5069 = CARTESIAN_POINT('',(780.829573265,0.));
#5070 = VECTOR('',#5071,1.);
#5071 = DIRECTION('',(0.,-1.));
#5072 = ( GEOMETRIC_REPRESENTATION_CONTEXT(2) 
PARAMETRIC_REPRESENTATION_CONTEXT() REPRESENTATION_CONTEXT('2D SPACE',''
  ) );
#5073 = PCURVE('',#4836,#5074);
#5074 = DEFINITIONAL_REPRESENTATION('',(#5075),#5079);
#5075 = LINE('',#5076,#5077);
#5076 = CARTESIAN_POINT('',(0.,0.));
#5077 = VECTOR('',#5078,1.);
#5078 = DIRECTION('',(0.,-1.));
#5079 = ( GEOMETRIC_REPRESENTATION_CONTEXT(2) 
PARAMETRIC_REPRESENTATION_CONTEXT() REPRESENTATION_CONTEXT('2D SPACE',''
  ) );
#5080 = ORIENTED_EDGE('',*,*,#4847,.T.);
#5081 = ORIENTED_EDGE('',*,*,#5011,.T.);
#5082 = ORIENTED_EDGE('',*,*,#4965,.F.);
#5083 = ADVANCED_FACE('',(#5084),#4836,.T.);
#5084 = FACE_BOUND('',#5085,.T.);
#5085 = EDGE_LOOP('',(#5086,#5087,#5088,#5089));
#5086 = ORIENTED_EDGE('',*,*,#4821,.T.);
#5087 = ORIENTED_EDGE('',*,*,#5060,.T.);
#5088 = ORIENTED_EDGE('',*,*,#4944,.F.);
#5089 = ORIENTED_EDGE('',*,*,#5090,.F.);
#5090 = EDGE_CURVE('',#4796,#4924,#5091,.T.);
#5091 = SURFACE_CURVE('',#5092,(#5096,#5103),.PCURVE_S1.);
#5092 = LINE('',#5093,#5094);
#5093 = CARTESIAN_POINT('',(2.074E+03,352.5024085069,85.));
#5094 = VECTOR('',#5095,1.);
#5095 = DIRECTION('',(1.,0.,0.));
#5096 = PCURVE('',#4836,#5097);
#5097 = DEFINITIONAL_REPRESENTATION('',(#5098),#5102);
#5098 = LINE('',#5099,#5100);
#5099 = CARTESIAN_POINT('',(705.0048170138,0.));
#5100 = VECTOR('',#5101,1.);
#5101 = DIRECTION('',(0.,-1.));
#5102 = ( GEOMETRIC_REPRESENTATION_CONTEXT(2) 
PARAMETRIC_REPRESENTATION_CONTEXT() REPRESENTATION_CONTEXT('2D SPACE',''
  ) );
#5103 = PCURVE('',#4810,#5104);
#5104 = DEFINITIONAL_REPRESENTATION('',(#5105),#5109);
#5105 = LINE('',#5106,#5107);
#5106 = CARTESIAN_POINT('',(0.,0.));
#5107 = VECTOR('',#5108,1.);
#5108 = DIRECTION('',(0.,-1.));
#5109 = ( GEOMETRIC_REPRESENTATION_CONTEXT(2) 
PARAMETRIC_REPRESENTATION_CONTEXT() REPRESENTATION_CONTEXT('2D SPACE',''
  ) );
#5110 = ADVANCED_FACE('',(#5111),#4810,.T.);
#5111 = FACE_BOUND('',#5112,.T.);
#5112 = EDGE_LOOP('',(#5113,#5114,#5115,#5116));
#5113 = ORIENTED_EDGE('',*,*,#4795,.T.);
#5114 = ORIENTED_EDGE('',*,*,#5090,.T.);
#5115 = ORIENTED_EDGE('',*,*,#4923,.F.);
#5116 = ORIENTED_EDGE('',*,*,#5038,.T.);
#5117 = MANIFOLD_SOLID_BREP('',#5118);
#5118 = CLOSED_SHELL('',(#5119,#5239,#5315,#5391,#5519,#5632,#5657,#5682
    ,#5709,#5736));
#5119 = ADVANCED_FACE('',(#5120),#5134,.F.);
#5120 = FACE_BOUND('',#5121,.F.);
#5121 = EDGE_LOOP('',(#5122,#5157,#5185,#5213));
#5122 = ORIENTED_EDGE('',*,*,#5123,.T.);
#5123 = EDGE_CURVE('',#5124,#5126,#5128,.T.);
#5124 = VERTEX_POINT('',#5125);
#5125 = CARTESIAN_POINT('',(2.675E+03,-386.030120149,25.));
#5126 = VERTEX_POINT('',#5127);
#5127 = CARTESIAN_POINT('',(2.725E+03,-386.030120149,25.));
#5128 = SURFACE_CURVE('',#5129,(#5133,#5145),.PCURVE_S1.);
#5129 = LINE('',#5130,#5131);
#5130 = CARTESIAN_POINT('',(2.675E+03,-386.030120149,25.));
#5131 = VECTOR('',#5132,1.);
#5132 = DIRECTION('',(1.,0.,0.));
#5133 = PCURVE('',#5134,#5139);
#5134 = PLANE('',#5135);
#5135 = AXIS2_PLACEMENT_3D('',#5136,#5137,#5138);
#5136 = CARTESIAN_POINT('',(2.675E+03,-386.030120149,25.));
#5137 = DIRECTION('',(0.,0.,1.));
#5138 = DIRECTION('',(0.,1.,0.));
#5139 = DEFINITIONAL_REPRESENTATION('',(#5140),#5144);
#5140 = LINE('',#5141,#5142);
#5141 = CARTESIAN_POINT('',(0.,0.));
#5142 = VECTOR('',#5143,1.);
#5143 = DIRECTION('',(0.,-1.));
#5144 = ( GEOMETRIC_REPRESENTATION_CONTEXT(2) 
PARAMETRIC_REPRESENTATION_CONTEXT() REPRESENTATION_CONTEXT('2D SPACE',''
  ) );
#5145 = PCURVE('',#5146,#5151);
#5146 = PLANE('',#5147);
#5147 = AXIS2_PLACEMENT_3D('',#5148,#5149,#5150);
#5148 = CARTESIAN_POINT('',(2.675E+03,-758.3378124567,630.));
#5149 = DIRECTION('',(-0.,0.851658316705,0.524097425664));
#5150 = DIRECTION('',(0.,0.524097425664,-0.851658316705));
#5151 = DEFINITIONAL_REPRESENTATION('',(#5152),#5156);
#5152 = LINE('',#5153,#5154);
#5153 = CARTESIAN_POINT('',(710.37878469974,0.));
#5154 = VECTOR('',#5155,1.);
#5155 = DIRECTION('',(0.,-1.));
#5156 = ( GEOMETRIC_REPRESENTATION_CONTEXT(2) 
PARAMETRIC_REPRESENTATION_CONTEXT() REPRESENTATION_CONTEXT('2D SPACE',''
  ) );
#5157 = ORIENTED_EDGE('',*,*,#5158,.T.);
#5158 = EDGE_CURVE('',#5126,#5159,#5161,.T.);
#5159 = VERTEX_POINT('',#5160);
#5160 = CARTESIAN_POINT('',(2.725E+03,386.03012014908,25.));
#5161 = SURFACE_CURVE('',#5162,(#5166,#5173),.PCURVE_S1.);
#5162 = LINE('',#5163,#5164);
#5163 = CARTESIAN_POINT('',(2.725E+03,-386.030120149,25.));
#5164 = VECTOR('',#5165,1.);
#5165 = DIRECTION('',(0.,1.,0.));
#5166 = PCURVE('',#5134,#5167);
#5167 = DEFINITIONAL_REPRESENTATION('',(#5168),#5172);
#5168 = LINE('',#5169,#5170);
#5169 = CARTESIAN_POINT('',(0.,-50.));
#5170 = VECTOR('',#5171,1.);
#5171 = DIRECTION('',(1.,0.));
#5172 = ( GEOMETRIC_REPRESENTATION_CONTEXT(2) 
PARAMETRIC_REPRESENTATION_CONTEXT() REPRESENTATION_CONTEXT('2D SPACE',''
  ) );
#5173 = PCURVE('',#5174,#5179);
#5174 = PLANE('',#5175);
#5175 = AXIS2_PLACEMENT_3D('',#5176,#5177,#5178);
#5176 = CARTESIAN_POINT('',(2.725E+03,-7.84576950189E-15,388.22153996675
    ));
#5177 = DIRECTION('',(1.,0.,0.));
#5178 = DIRECTION('',(-0.,0.,1.));
#5179 = DEFINITIONAL_REPRESENTATION('',(#5180),#5184);
#5180 = LINE('',#5181,#5182);
#5181 = CARTESIAN_POINT('',(-363.2215399667,386.03012014908));
#5182 = VECTOR('',#5183,1.);
#5183 = DIRECTION('',(0.,-1.));
#5184 = ( GEOMETRIC_REPRESENTATION_CONTEXT(2) 
PARAMETRIC_REPRESENTATION_CONTEXT() REPRESENTATION_CONTEXT('2D SPACE',''
  ) );
#5185 = ORIENTED_EDGE('',*,*,#5186,.F.);
#5186 = EDGE_CURVE('',#5187,#5159,#5189,.T.);
#5187 = VERTEX_POINT('',#5188);
#5188 = CARTESIAN_POINT('',(2.675E+03,386.03012014908,25.));
#5189 = SURFACE_CURVE('',#5190,(#5194,#5201),.PCURVE_S1.);
#5190 = LINE('',#5191,#5192);
#5191 = CARTESIAN_POINT('',(2.675E+03,386.03012014908,25.));
#5192 = VECTOR('',#5193,1.);
#5193 = DIRECTION('',(1.,0.,0.));
#5194 = PCURVE('',#5134,#5195);
#5195 = DEFINITIONAL_REPRESENTATION('',(#5196),#5200);
#5196 = LINE('',#5197,#5198);
#5197 = CARTESIAN_POINT('',(772.06024029817,0.));
#5198 = VECTOR('',#5199,1.);
#5199 = DIRECTION('',(0.,-1.));
#5200 = ( GEOMETRIC_REPRESENTATION_CONTEXT(2) 
PARAMETRIC_REPRESENTATION_CONTEXT() REPRESENTATION_CONTEXT('2D SPACE',''
  ) );
#5201 = PCURVE('',#5202,#5207);
#5202 = PLANE('',#5203);
#5203 = AXIS2_PLACEMENT_3D('',#5204,#5205,#5206);
#5204 = CARTESIAN_POINT('',(2.675E+03,386.03012014908,25.));
#5205 = DIRECTION('',(0.,-0.851658316705,0.524097425664));
#5206 = DIRECTION('',(0.,0.524097425664,0.851658316705));
#5207 = DEFINITIONAL_REPRESENTATION('',(#5208),#5212);
#5208 = LINE('',#5209,#5210);
#5209 = CARTESIAN_POINT('',(0.,0.));
#5210 = VECTOR('',#5211,1.);
#5211 = DIRECTION('',(0.,-1.));
#5212 = ( GEOMETRIC_REPRESENTATION_CONTEXT(2) 
PARAMETRIC_REPRESENTATION_CONTEXT() REPRESENTATION_CONTEXT('2D SPACE',''
  ) );
#5213 = ORIENTED_EDGE('',*,*,#5214,.F.);
#5214 = EDGE_CURVE('',#5124,#5187,#5215,.T.);
#5215 = SURFACE_CURVE('',#5216,(#5220,#5227),.PCURVE_S1.);
#5216 = LINE('',#5217,#5218);
#5217 = CARTESIAN_POINT('',(2.675E+03,-386.030120149,25.));
#5218 = VECTOR('',#5219,1.);
#5219 = DIRECTION('',(0.,1.,0.));
#5220 = PCURVE('',#5134,#5221);
#5221 = DEFINITIONAL_REPRESENTATION('',(#5222),#5226);
#5222 = LINE('',#5223,#5224);
#5223 = CARTESIAN_POINT('',(0.,0.));
#5224 = VECTOR('',#5225,1.);
#5225 = DIRECTION('',(1.,0.));
#5226 = ( GEOMETRIC_REPRESENTATION_CONTEXT(2) 
PARAMETRIC_REPRESENTATION_CONTEXT() REPRESENTATION_CONTEXT('2D SPACE',''
  ) );
#5227 = PCURVE('',#5228,#5233);
#5228 = PLANE('',#5229);
#5229 = AXIS2_PLACEMENT_3D('',#5230,#5231,#5232);
#5230 = CARTESIAN_POINT('',(2.675E+03,-7.84576950189E-15,388.22153996675
    ));
#5231 = DIRECTION('',(1.,0.,0.));
#5232 = DIRECTION('',(-0.,0.,1.));
#5233 = DEFINITIONAL_REPRESENTATION('',(#5234),#5238);
#5234 = LINE('',#5235,#5236);
#5235 = CARTESIAN_POINT('',(-363.2215399667,386.03012014908));
#5236 = VECTOR('',#5237,1.);
#5237 = DIRECTION('',(0.,-1.));
#5238 = ( GEOMETRIC_REPRESENTATION_CONTEXT(2) 
PARAMETRIC_REPRESENTATION_CONTEXT() REPRESENTATION_CONTEXT('2D SPACE',''
  ) );
#5239 = ADVANCED_FACE('',(#5240),#5146,.F.);
#5240 = FACE_BOUND('',#5241,.F.);
#5241 = EDGE_LOOP('',(#5242,#5272,#5293,#5294));
#5242 = ORIENTED_EDGE('',*,*,#5243,.T.);
#5243 = EDGE_CURVE('',#5244,#5246,#5248,.T.);
#5244 = VERTEX_POINT('',#5245);
#5245 = CARTESIAN_POINT('',(2.675E+03,-758.3378124567,630.));
#5246 = VERTEX_POINT('',#5247);
#5247 = CARTESIAN_POINT('',(2.725E+03,-758.3378124567,630.));
#5248 = SURFACE_CURVE('',#5249,(#5253,#5260),.PCURVE_S1.);
#5249 = LINE('',#5250,#5251);
#5250 = CARTESIAN_POINT('',(2.675E+03,-758.3378124567,630.));
#5251 = VECTOR('',#5252,1.);
#5252 = DIRECTION('',(1.,0.,0.));
#5253 = PCURVE('',#5146,#5254);
#5254 = DEFINITIONAL_REPRESENTATION('',(#5255),#5259);
#5255 = LINE('',#5256,#5257);
#5256 = CARTESIAN_POINT('',(0.,0.));
#5257 = VECTOR('',#5258,1.);
#5258 = DIRECTION('',(0.,-1.));
#5259 = ( GEOMETRIC_REPRESENTATION_CONTEXT(2) 
PARAMETRIC_REPRESENTATION_CONTEXT() REPRESENTATION_CONTEXT('2D SPACE',''
  ) );
#5260 = PCURVE('',#5261,#5266);
#5261 = PLANE('',#5262);
#5262 = AXIS2_PLACEMENT_3D('',#5263,#5264,#5265);
#5263 = CARTESIAN_POINT('',(2.675E+03,758.33781245678,630.));
#5264 = DIRECTION('',(0.,0.,-1.));
#5265 = DIRECTION('',(0.,-1.,0.));
#5266 = DEFINITIONAL_REPRESENTATION('',(#5267),#5271);
#5267 = LINE('',#5268,#5269);
#5268 = CARTESIAN_POINT('',(1.516675624914E+03,0.));
#5269 = VECTOR('',#5270,1.);
#5270 = DIRECTION('',(0.,-1.));
#5271 = ( GEOMETRIC_REPRESENTATION_CONTEXT(2) 
PARAMETRIC_REPRESENTATION_CONTEXT() REPRESENTATION_CONTEXT('2D SPACE',''
  ) );
#5272 = ORIENTED_EDGE('',*,*,#5273,.T.);
#5273 = EDGE_CURVE('',#5246,#5126,#5274,.T.);
#5274 = SURFACE_CURVE('',#5275,(#5279,#5286),.PCURVE_S1.);
#5275 = LINE('',#5276,#5277);
#5276 = CARTESIAN_POINT('',(2.725E+03,-758.3378124567,630.));
#5277 = VECTOR('',#5278,1.);
#5278 = DIRECTION('',(0.,0.524097425664,-0.851658316705));
#5279 = PCURVE('',#5146,#5280);
#5280 = DEFINITIONAL_REPRESENTATION('',(#5281),#5285);
#5281 = LINE('',#5282,#5283);
#5282 = CARTESIAN_POINT('',(0.,-50.));
#5283 = VECTOR('',#5284,1.);
#5284 = DIRECTION('',(1.,0.));
#5285 = ( GEOMETRIC_REPRESENTATION_CONTEXT(2) 
PARAMETRIC_REPRESENTATION_CONTEXT() REPRESENTATION_CONTEXT('2D SPACE',''
  ) );
#5286 = PCURVE('',#5174,#5287);
#5287 = DEFINITIONAL_REPRESENTATION('',(#5288),#5292);
#5288 = LINE('',#5289,#5290);
#5289 = CARTESIAN_POINT('',(241.77846003324,758.33781245678));
#5290 = VECTOR('',#5291,1.);
#5291 = DIRECTION('',(-0.851658316705,-0.524097425664));
#5292 = ( GEOMETRIC_REPRESENTATION_CONTEXT(2) 
PARAMETRIC_REPRESENTATION_CONTEXT() REPRESENTATION_CONTEXT('2D SPACE',''
  ) );
#5293 = ORIENTED_EDGE('',*,*,#5123,.F.);
#5294 = ORIENTED_EDGE('',*,*,#5295,.F.);
#5295 = EDGE_CURVE('',#5244,#5124,#5296,.T.);
#5296 = SURFACE_CURVE('',#5297,(#5301,#5308),.PCURVE_S1.);
#5297 = LINE('',#5298,#5299);
#5298 = CARTESIAN_POINT('',(2.675E+03,-758.3378124567,630.));
#5299 = VECTOR('',#5300,1.);
#5300 = DIRECTION('',(0.,0.524097425664,-0.851658316705));
#5301 = PCURVE('',#5146,#5302);
#5302 = DEFINITIONAL_REPRESENTATION('',(#5303),#5307);
#5303 = LINE('',#5304,#5305);
#5304 = CARTESIAN_POINT('',(0.,0.));
#5305 = VECTOR('',#5306,1.);
#5306 = DIRECTION('',(1.,0.));
#5307 = ( GEOMETRIC_REPRESENTATION_CONTEXT(2) 
PARAMETRIC_REPRESENTATION_CONTEXT() REPRESENTATION_CONTEXT('2D SPACE',''
  ) );
#5308 = PCURVE('',#5228,#5309);
#5309 = DEFINITIONAL_REPRESENTATION('',(#5310),#5314);
#5310 = LINE('',#5311,#5312);
#5311 = CARTESIAN_POINT('',(241.77846003324,758.33781245678));
#5312 = VECTOR('',#5313,1.);
#5313 = DIRECTION('',(-0.851658316705,-0.524097425664));
#5314 = ( GEOMETRIC_REPRESENTATION_CONTEXT(2) 
PARAMETRIC_REPRESENTATION_CONTEXT() REPRESENTATION_CONTEXT('2D SPACE',''
  ) );
#5315 = ADVANCED_FACE('',(#5316),#5202,.F.);
#5316 = FACE_BOUND('',#5317,.F.);
#5317 = EDGE_LOOP('',(#5318,#5319,#5342,#5370));
#5318 = ORIENTED_EDGE('',*,*,#5186,.T.);
#5319 = ORIENTED_EDGE('',*,*,#5320,.T.);
#5320 = EDGE_CURVE('',#5159,#5321,#5323,.T.);
#5321 = VERTEX_POINT('',#5322);
#5322 = CARTESIAN_POINT('',(2.725E+03,758.33781245678,630.));
#5323 = SURFACE_CURVE('',#5324,(#5328,#5335),.PCURVE_S1.);
#5324 = LINE('',#5325,#5326);
#5325 = CARTESIAN_POINT('',(2.725E+03,386.03012014908,25.));
#5326 = VECTOR('',#5327,1.);
#5327 = DIRECTION('',(0.,0.524097425664,0.851658316705));
#5328 = PCURVE('',#5202,#5329);
#5329 = DEFINITIONAL_REPRESENTATION('',(#5330),#5334);
#5330 = LINE('',#5331,#5332);
#5331 = CARTESIAN_POINT('',(0.,-50.));
#5332 = VECTOR('',#5333,1.);
#5333 = DIRECTION('',(1.,0.));
#5334 = ( GEOMETRIC_REPRESENTATION_CONTEXT(2) 
PARAMETRIC_REPRESENTATION_CONTEXT() REPRESENTATION_CONTEXT('2D SPACE',''
  ) );
#5335 = PCURVE('',#5174,#5336);
#5336 = DEFINITIONAL_REPRESENTATION('',(#5337),#5341);
#5337 = LINE('',#5338,#5339);
#5338 = CARTESIAN_POINT('',(-363.2215399667,-386.030120149));
#5339 = VECTOR('',#5340,1.);
#5340 = DIRECTION('',(0.851658316705,-0.524097425664));
#5341 = ( GEOMETRIC_REPRESENTATION_CONTEXT(2) 
PARAMETRIC_REPRESENTATION_CONTEXT() REPRESENTATION_CONTEXT('2D SPACE',''
  ) );
#5342 = ORIENTED_EDGE('',*,*,#5343,.F.);
#5343 = EDGE_CURVE('',#5344,#5321,#5346,.T.);
#5344 = VERTEX_POINT('',#5345);
#5345 = CARTESIAN_POINT('',(2.675E+03,758.33781245678,630.));
#5346 = SURFACE_CURVE('',#5347,(#5351,#5358),.PCURVE_S1.);
#5347 = LINE('',#5348,#5349);
#5348 = CARTESIAN_POINT('',(2.675E+03,758.33781245678,630.));
#5349 = VECTOR('',#5350,1.);
#5350 = DIRECTION('',(1.,0.,0.));
#5351 = PCURVE('',#5202,#5352);
#5352 = DEFINITIONAL_REPRESENTATION('',(#5353),#5357);
#5353 = LINE('',#5354,#5355);
#5354 = CARTESIAN_POINT('',(710.37878469974,0.));
#5355 = VECTOR('',#5356,1.);
#5356 = DIRECTION('',(0.,-1.));
#5357 = ( GEOMETRIC_REPRESENTATION_CONTEXT(2) 
PARAMETRIC_REPRESENTATION_CONTEXT() REPRESENTATION_CONTEXT('2D SPACE',''
  ) );
#5358 = PCURVE('',#5359,#5364);
#5359 = PLANE('',#5360);
#5360 = AXIS2_PLACEMENT_3D('',#5361,#5362,#5363);
#5361 = CARTESIAN_POINT('',(2.675E+03,758.33781245678,630.));
#5362 = DIRECTION('',(0.,0.,-1.));
#5363 = DIRECTION('',(0.,-1.,0.));
#5364 = DEFINITIONAL_REPRESENTATION('',(#5365),#5369);
#5365 = LINE('',#5366,#5367);
#5366 = CARTESIAN_POINT('',(0.,-0.));
#5367 = VECTOR('',#5368,1.);
#5368 = DIRECTION('',(0.,-1.));
#5369 = ( GEOMETRIC_REPRESENTATION_CONTEXT(2) 
PARAMETRIC_REPRESENTATION_CONTEXT() REPRESENTATION_CONTEXT('2D SPACE',''
  ) );
#5370 = ORIENTED_EDGE('',*,*,#5371,.F.);
#5371 = EDGE_CURVE('',#5187,#5344,#5372,.T.);
#5372 = SURFACE_CURVE('',#5373,(#5377,#5384),.PCURVE_S1.);
#5373 = LINE('',#5374,#5375);
#5374 = CARTESIAN_POINT('',(2.675E+03,386.03012014908,25.));
#5375 = VECTOR('',#5376,1.);
#5376 = DIRECTION('',(0.,0.524097425664,0.851658316705));
#5377 = PCURVE('',#5202,#5378);
#5378 = DEFINITIONAL_REPRESENTATION('',(#5379),#5383);
#5379 = LINE('',#5380,#5381);
#5380 = CARTESIAN_POINT('',(0.,0.));
#5381 = VECTOR('',#5382,1.);
#5382 = DIRECTION('',(1.,0.));
#5383 = ( GEOMETRIC_REPRESENTATION_CONTEXT(2) 
PARAMETRIC_REPRESENTATION_CONTEXT() REPRESENTATION_CONTEXT('2D SPACE',''
  ) );
#5384 = PCURVE('',#5228,#5385);
#5385 = DEFINITIONAL_REPRESENTATION('',(#5386),#5390);
#5386 = LINE('',#5387,#5388);
#5387 = CARTESIAN_POINT('',(-363.2215399667,-386.030120149));
#5388 = VECTOR('',#5389,1.);
#5389 = DIRECTION('',(0.851658316705,-0.524097425664));
#5390 = ( GEOMETRIC_REPRESENTATION_CONTEXT(2) 
PARAMETRIC_REPRESENTATION_CONTEXT() REPRESENTATION_CONTEXT('2D SPACE',''
  ) );
#5391 = ADVANCED_FACE('',(#5392),#5228,.F.);
#5392 = FACE_BOUND('',#5393,.F.);
#5393 = EDGE_LOOP('',(#5394,#5395,#5396,#5397,#5420,#5446,#5472,#5498));
#5394 = ORIENTED_EDGE('',*,*,#5295,.T.);
#5395 = ORIENTED_EDGE('',*,*,#5214,.T.);
#5396 = ORIENTED_EDGE('',*,*,#5371,.T.);
#5397 = ORIENTED_EDGE('',*,*,#5398,.T.);
#5398 = EDGE_CURVE('',#5344,#5399,#5401,.T.);
#5399 = VERTEX_POINT('',#5400);
#5400 = CARTESIAN_POINT('',(2.675E+03,687.88702389151,630.));
#5401 = SURFACE_CURVE('',#5402,(#5406,#5413),.PCURVE_S1.);
#5402 = LINE('',#5403,#5404);
#5403 = CARTESIAN_POINT('',(2.675E+03,758.33781245678,630.));
#5404 = VECTOR('',#5405,1.);
#5405 = DIRECTION('',(0.,-1.,0.));
#5406 = PCURVE('',#5228,#5407);
#5407 = DEFINITIONAL_REPRESENTATION('',(#5408),#5412);
#5408 = LINE('',#5409,#5410);
#5409 = CARTESIAN_POINT('',(241.77846003324,-758.3378124567));
#5410 = VECTOR('',#5411,1.);
#5411 = DIRECTION('',(0.,1.));
#5412 = ( GEOMETRIC_REPRESENTATION_CONTEXT(2) 
PARAMETRIC_REPRESENTATION_CONTEXT() REPRESENTATION_CONTEXT('2D SPACE',''
  ) );
#5413 = PCURVE('',#5359,#5414);
#5414 = DEFINITIONAL_REPRESENTATION('',(#5415),#5419);
#5415 = LINE('',#5416,#5417);
#5416 = CARTESIAN_POINT('',(0.,-0.));
#5417 = VECTOR('',#5418,1.);
#5418 = DIRECTION('',(1.,0.));
#5419 = ( GEOMETRIC_REPRESENTATION_CONTEXT(2) 
PARAMETRIC_REPRESENTATION_CONTEXT() REPRESENTATION_CONTEXT('2D SPACE',''
  ) );
#5420 = ORIENTED_EDGE('',*,*,#5421,.T.);
#5421 = EDGE_CURVE('',#5399,#5422,#5424,.T.);
#5422 = VERTEX_POINT('',#5423);
#5423 = CARTESIAN_POINT('',(2.675E+03,352.5024085069,85.));
#5424 = SURFACE_CURVE('',#5425,(#5429,#5435),.PCURVE_S1.);
#5425 = LINE('',#5426,#5427);
#5426 = CARTESIAN_POINT('',(2.675E+03,371.76182055003,116.29654457009));
#5427 = VECTOR('',#5428,1.);
#5428 = DIRECTION('',(0.,-0.524097425664,-0.851658316705));
#5429 = PCURVE('',#5228,#5430);
#5430 = DEFINITIONAL_REPRESENTATION('',(#5431),#5434);
#5431 = B_SPLINE_CURVE_WITH_KNOTS('',1,(#5432,#5433),.UNSPECIFIED.,.F.,
  .F.,(2,2),(-603.1802253956,36.74777073885),.PIECEWISE_BEZIER_KNOTS.);
#5432 = CARTESIAN_POINT('',(241.77846003324,-687.8870238915));
#5433 = CARTESIAN_POINT('',(-303.2215399667,-352.5024085069));
#5434 = ( GEOMETRIC_REPRESENTATION_CONTEXT(2) 
PARAMETRIC_REPRESENTATION_CONTEXT() REPRESENTATION_CONTEXT('2D SPACE',''
  ) );
#5435 = PCURVE('',#5436,#5441);
#5436 = PLANE('',#5437);
#5437 = AXIS2_PLACEMENT_3D('',#5438,#5439,#5440);
#5438 = CARTESIAN_POINT('',(2.674E+03,352.5024085069,85.));
#5439 = DIRECTION('',(0.,-0.851658316705,0.524097425664));
#5440 = DIRECTION('',(0.,0.524097425664,0.851658316705));
#5441 = DEFINITIONAL_REPRESENTATION('',(#5442),#5445);
#5442 = B_SPLINE_CURVE_WITH_KNOTS('',1,(#5443,#5444),.UNSPECIFIED.,.F.,
  .F.,(2,2),(-603.1802253956,36.74777073885),.PIECEWISE_BEZIER_KNOTS.);
#5443 = CARTESIAN_POINT('',(639.92799613447,-1.));
#5444 = CARTESIAN_POINT('',(0.,-1.));
#5445 = ( GEOMETRIC_REPRESENTATION_CONTEXT(2) 
PARAMETRIC_REPRESENTATION_CONTEXT() REPRESENTATION_CONTEXT('2D SPACE',''
  ) );
#5446 = ORIENTED_EDGE('',*,*,#5447,.T.);
#5447 = EDGE_CURVE('',#5422,#5448,#5450,.T.);
#5448 = VERTEX_POINT('',#5449);
#5449 = CARTESIAN_POINT('',(2.675E+03,-352.5024085069,85.));
#5450 = SURFACE_CURVE('',#5451,(#5455,#5461),.PCURVE_S1.);
#5451 = LINE('',#5452,#5453);
#5452 = CARTESIAN_POINT('',(2.675E+03,-176.2512042534,85.));
#5453 = VECTOR('',#5454,1.);
#5454 = DIRECTION('',(0.,-1.,0.));
#5455 = PCURVE('',#5228,#5456);
#5456 = DEFINITIONAL_REPRESENTATION('',(#5457),#5460);
#5457 = B_SPLINE_CURVE_WITH_KNOTS('',1,(#5458,#5459),.UNSPECIFIED.,.F.,
  .F.,(2,2),(-528.7536127603,176.25120425345),.PIECEWISE_BEZIER_KNOTS.);
#5458 = CARTESIAN_POINT('',(-303.2215399667,-352.5024085069));
#5459 = CARTESIAN_POINT('',(-303.2215399667,352.5024085069));
#5460 = ( GEOMETRIC_REPRESENTATION_CONTEXT(2) 
PARAMETRIC_REPRESENTATION_CONTEXT() REPRESENTATION_CONTEXT('2D SPACE',''
  ) );
#5461 = PCURVE('',#5462,#5467);
#5462 = PLANE('',#5463);
#5463 = AXIS2_PLACEMENT_3D('',#5464,#5465,#5466);
#5464 = CARTESIAN_POINT('',(2.674E+03,-352.5024085069,85.));
#5465 = DIRECTION('',(0.,0.,1.));
#5466 = DIRECTION('',(0.,1.,0.));
#5467 = DEFINITIONAL_REPRESENTATION('',(#5468),#5471);
#5468 = B_SPLINE_CURVE_WITH_KNOTS('',1,(#5469,#5470),.UNSPECIFIED.,.F.,
  .F.,(2,2),(-528.7536127603,176.25120425345),.PIECEWISE_BEZIER_KNOTS.);
#5469 = CARTESIAN_POINT('',(705.0048170138,-1.));
#5470 = CARTESIAN_POINT('',(0.,-1.));
#5471 = ( GEOMETRIC_REPRESENTATION_CONTEXT(2) 
PARAMETRIC_REPRESENTATION_CONTEXT() REPRESENTATION_CONTEXT('2D SPACE',''
  ) );
#5472 = ORIENTED_EDGE('',*,*,#5473,.T.);
#5473 = EDGE_CURVE('',#5448,#5474,#5476,.T.);
#5474 = VERTEX_POINT('',#5475);
#5475 = CARTESIAN_POINT('',(2.675E+03,-687.8870238915,630.));
#5476 = SURFACE_CURVE('',#5477,(#5481,#5487),.PCURVE_S1.);
#5477 = LINE('',#5478,#5479);
#5478 = CARTESIAN_POINT('',(2.675E+03,-576.3772051654,448.79654457009));
#5479 = VECTOR('',#5480,1.);
#5480 = DIRECTION('',(0.,-0.524097425664,0.851658316705));
#5481 = PCURVE('',#5228,#5482);
#5482 = DEFINITIONAL_REPRESENTATION('',(#5483),#5486);
#5483 = B_SPLINE_CURVE_WITH_KNOTS('',1,(#5484,#5485),.UNSPECIFIED.,.F.,
  .F.,(2,2),(-427.1625573713,212.76543876312),.PIECEWISE_BEZIER_KNOTS.);
#5484 = CARTESIAN_POINT('',(-303.2215399667,352.5024085069));
#5485 = CARTESIAN_POINT('',(241.77846003324,687.88702389151));
#5486 = ( GEOMETRIC_REPRESENTATION_CONTEXT(2) 
PARAMETRIC_REPRESENTATION_CONTEXT() REPRESENTATION_CONTEXT('2D SPACE',''
  ) );
#5487 = PCURVE('',#5488,#5493);
#5488 = PLANE('',#5489);
#5489 = AXIS2_PLACEMENT_3D('',#5490,#5491,#5492);
#5490 = CARTESIAN_POINT('',(2.674E+03,-761.7331777376,750.));
#5491 = DIRECTION('',(-0.,0.851658316705,0.524097425664));
#5492 = DIRECTION('',(0.,0.524097425664,-0.851658316705));
#5493 = DEFINITIONAL_REPRESENTATION('',(#5494),#5497);
#5494 = B_SPLINE_CURVE_WITH_KNOTS('',1,(#5495,#5496),.UNSPECIFIED.,.F.,
  .F.,(2,2),(-427.1625573713,212.76543876312),.PIECEWISE_BEZIER_KNOTS.);
#5495 = CARTESIAN_POINT('',(780.829573265,-1.));
#5496 = CARTESIAN_POINT('',(140.90157713052,-1.));
#5497 = ( GEOMETRIC_REPRESENTATION_CONTEXT(2) 
PARAMETRIC_REPRESENTATION_CONTEXT() REPRESENTATION_CONTEXT('2D SPACE',''
  ) );
#5498 = ORIENTED_EDGE('',*,*,#5499,.T.);
#5499 = EDGE_CURVE('',#5474,#5244,#5500,.T.);
#5500 = SURFACE_CURVE('',#5501,(#5505,#5512),.PCURVE_S1.);
#5501 = LINE('',#5502,#5503);
#5502 = CARTESIAN_POINT('',(2.675E+03,758.33781245678,630.));
#5503 = VECTOR('',#5504,1.);
#5504 = DIRECTION('',(0.,-1.,0.));
#5505 = PCURVE('',#5228,#5506);
#5506 = DEFINITIONAL_REPRESENTATION('',(#5507),#5511);
#5507 = LINE('',#5508,#5509);
#5508 = CARTESIAN_POINT('',(241.77846003324,-758.3378124567));
#5509 = VECTOR('',#5510,1.);
#5510 = DIRECTION('',(0.,1.));
#5511 = ( GEOMETRIC_REPRESENTATION_CONTEXT(2) 
PARAMETRIC_REPRESENTATION_CONTEXT() REPRESENTATION_CONTEXT('2D SPACE',''
  ) );
#5512 = PCURVE('',#5261,#5513);
#5513 = DEFINITIONAL_REPRESENTATION('',(#5514),#5518);
#5514 = LINE('',#5515,#5516);
#5515 = CARTESIAN_POINT('',(0.,-0.));
#5516 = VECTOR('',#5517,1.);
#5517 = DIRECTION('',(1.,0.));
#5518 = ( GEOMETRIC_REPRESENTATION_CONTEXT(2) 
PARAMETRIC_REPRESENTATION_CONTEXT() REPRESENTATION_CONTEXT('2D SPACE',''
  ) );
#5519 = ADVANCED_FACE('',(#5520),#5174,.T.);
#5520 = FACE_BOUND('',#5521,.T.);
#5521 = EDGE_LOOP('',(#5522,#5523,#5524,#5525,#5548,#5569,#5590,#5611));
#5522 = ORIENTED_EDGE('',*,*,#5273,.T.);
#5523 = ORIENTED_EDGE('',*,*,#5158,.T.);
#5524 = ORIENTED_EDGE('',*,*,#5320,.T.);
#5525 = ORIENTED_EDGE('',*,*,#5526,.T.);
#5526 = EDGE_CURVE('',#5321,#5527,#5529,.T.);
#5527 = VERTEX_POINT('',#5528);
#5528 = CARTESIAN_POINT('',(2.725E+03,687.88702389151,630.));
#5529 = SURFACE_CURVE('',#5530,(#5534,#5541),.PCURVE_S1.);
#5530 = LINE('',#5531,#5532);
#5531 = CARTESIAN_POINT('',(2.725E+03,758.33781245678,630.));
#5532 = VECTOR('',#5533,1.);
#5533 = DIRECTION('',(0.,-1.,0.));
#5534 = PCURVE('',#5174,#5535);
#5535 = DEFINITIONAL_REPRESENTATION('',(#5536),#5540);
#5536 = LINE('',#5537,#5538);
#5537 = CARTESIAN_POINT('',(241.77846003324,-758.3378124567));
#5538 = VECTOR('',#5539,1.);
#5539 = DIRECTION('',(0.,1.));
#5540 = ( GEOMETRIC_REPRESENTATION_CONTEXT(2) 
PARAMETRIC_REPRESENTATION_CONTEXT() REPRESENTATION_CONTEXT('2D SPACE',''
  ) );
#5541 = PCURVE('',#5359,#5542);
#5542 = DEFINITIONAL_REPRESENTATION('',(#5543),#5547);
#5543 = LINE('',#5544,#5545);
#5544 = CARTESIAN_POINT('',(0.,-50.));
#5545 = VECTOR('',#5546,1.);
#5546 = DIRECTION('',(1.,0.));
#5547 = ( GEOMETRIC_REPRESENTATION_CONTEXT(2) 
PARAMETRIC_REPRESENTATION_CONTEXT() REPRESENTATION_CONTEXT('2D SPACE',''
  ) );
#5548 = ORIENTED_EDGE('',*,*,#5549,.T.);
#5549 = EDGE_CURVE('',#5527,#5550,#5552,.T.);
#5550 = VERTEX_POINT('',#5551);
#5551 = CARTESIAN_POINT('',(2.725E+03,352.5024085069,85.));
#5552 = SURFACE_CURVE('',#5553,(#5557,#5563),.PCURVE_S1.);
#5553 = LINE('',#5554,#5555);
#5554 = CARTESIAN_POINT('',(2.725E+03,371.76182055003,116.29654457009));
#5555 = VECTOR('',#5556,1.);
#5556 = DIRECTION('',(0.,-0.524097425664,-0.851658316705));
#5557 = PCURVE('',#5174,#5558);
#5558 = DEFINITIONAL_REPRESENTATION('',(#5559),#5562);
#5559 = B_SPLINE_CURVE_WITH_KNOTS('',1,(#5560,#5561),.UNSPECIFIED.,.F.,
  .F.,(2,2),(-603.1802253956,36.74777073885),.PIECEWISE_BEZIER_KNOTS.);
#5560 = CARTESIAN_POINT('',(241.77846003324,-687.8870238915));
#5561 = CARTESIAN_POINT('',(-303.2215399667,-352.5024085069));
#5562 = ( GEOMETRIC_REPRESENTATION_CONTEXT(2) 
PARAMETRIC_REPRESENTATION_CONTEXT() REPRESENTATION_CONTEXT('2D SPACE',''
  ) );
#5563 = PCURVE('',#5436,#5564);
#5564 = DEFINITIONAL_REPRESENTATION('',(#5565),#5568);
#5565 = B_SPLINE_CURVE_WITH_KNOTS('',1,(#5566,#5567),.UNSPECIFIED.,.F.,
  .F.,(2,2),(-603.1802253956,36.74777073885),.PIECEWISE_BEZIER_KNOTS.);
#5566 = CARTESIAN_POINT('',(639.92799613447,-51.));
#5567 = CARTESIAN_POINT('',(0.,-51.));
#5568 = ( GEOMETRIC_REPRESENTATION_CONTEXT(2) 
PARAMETRIC_REPRESENTATION_CONTEXT() REPRESENTATION_CONTEXT('2D SPACE',''
  ) );
#5569 = ORIENTED_EDGE('',*,*,#5570,.T.);
#5570 = EDGE_CURVE('',#5550,#5571,#5573,.T.);
#5571 = VERTEX_POINT('',#5572);
#5572 = CARTESIAN_POINT('',(2.725E+03,-352.5024085069,85.));
#5573 = SURFACE_CURVE('',#5574,(#5578,#5584),.PCURVE_S1.);
#5574 = LINE('',#5575,#5576);
#5575 = CARTESIAN_POINT('',(2.725E+03,-176.2512042534,85.));
#5576 = VECTOR('',#5577,1.);
#5577 = DIRECTION('',(0.,-1.,0.));
#5578 = PCURVE('',#5174,#5579);
#5579 = DEFINITIONAL_REPRESENTATION('',(#5580),#5583);
#5580 = B_SPLINE_CURVE_WITH_KNOTS('',1,(#5581,#5582),.UNSPECIFIED.,.F.,
  .F.,(2,2),(-528.7536127603,176.25120425345),.PIECEWISE_BEZIER_KNOTS.);
#5581 = CARTESIAN_POINT('',(-303.2215399667,-352.5024085069));
#5582 = CARTESIAN_POINT('',(-303.2215399667,352.5024085069));
#5583 = ( GEOMETRIC_REPRESENTATION_CONTEXT(2) 
PARAMETRIC_REPRESENTATION_CONTEXT() REPRESENTATION_CONTEXT('2D SPACE',''
  ) );
#5584 = PCURVE('',#5462,#5585);
#5585 = DEFINITIONAL_REPRESENTATION('',(#5586),#5589);
#5586 = B_SPLINE_CURVE_WITH_KNOTS('',1,(#5587,#5588),.UNSPECIFIED.,.F.,
  .F.,(2,2),(-528.7536127603,176.25120425345),.PIECEWISE_BEZIER_KNOTS.);
#5587 = CARTESIAN_POINT('',(705.0048170138,-51.));
#5588 = CARTESIAN_POINT('',(0.,-51.));
#5589 = ( GEOMETRIC_REPRESENTATION_CONTEXT(2) 
PARAMETRIC_REPRESENTATION_CONTEXT() REPRESENTATION_CONTEXT('2D SPACE',''
  ) );
#5590 = ORIENTED_EDGE('',*,*,#5591,.T.);
#5591 = EDGE_CURVE('',#5571,#5592,#5594,.T.);
#5592 = VERTEX_POINT('',#5593);
#5593 = CARTESIAN_POINT('',(2.725E+03,-687.8870238915,630.));
#5594 = SURFACE_CURVE('',#5595,(#5599,#5605),.PCURVE_S1.);
#5595 = LINE('',#5596,#5597);
#5596 = CARTESIAN_POINT('',(2.725E+03,-576.3772051654,448.79654457009));
#5597 = VECTOR('',#5598,1.);
#5598 = DIRECTION('',(0.,-0.524097425664,0.851658316705));
#5599 = PCURVE('',#5174,#5600);
#5600 = DEFINITIONAL_REPRESENTATION('',(#5601),#5604);
#5601 = B_SPLINE_CURVE_WITH_KNOTS('',1,(#5602,#5603),.UNSPECIFIED.,.F.,
  .F.,(2,2),(-427.1625573713,212.76543876312),.PIECEWISE_BEZIER_KNOTS.);
#5602 = CARTESIAN_POINT('',(-303.2215399667,352.5024085069));
#5603 = CARTESIAN_POINT('',(241.77846003324,687.88702389151));
#5604 = ( GEOMETRIC_REPRESENTATION_CONTEXT(2) 
PARAMETRIC_REPRESENTATION_CONTEXT() REPRESENTATION_CONTEXT('2D SPACE',''
  ) );
#5605 = PCURVE('',#5488,#5606);
#5606 = DEFINITIONAL_REPRESENTATION('',(#5607),#5610);
#5607 = B_SPLINE_CURVE_WITH_KNOTS('',1,(#5608,#5609),.UNSPECIFIED.,.F.,
  .F.,(2,2),(-427.1625573713,212.76543876312),.PIECEWISE_BEZIER_KNOTS.);
#5608 = CARTESIAN_POINT('',(780.829573265,-51.));
#5609 = CARTESIAN_POINT('',(140.90157713052,-51.));
#5610 = ( GEOMETRIC_REPRESENTATION_CONTEXT(2) 
PARAMETRIC_REPRESENTATION_CONTEXT() REPRESENTATION_CONTEXT('2D SPACE',''
  ) );
#5611 = ORIENTED_EDGE('',*,*,#5612,.T.);
#5612 = EDGE_CURVE('',#5592,#5246,#5613,.T.);
#5613 = SURFACE_CURVE('',#5614,(#5618,#5625),.PCURVE_S1.);
#5614 = LINE('',#5615,#5616);
#5615 = CARTESIAN_POINT('',(2.725E+03,758.33781245678,630.));
#5616 = VECTOR('',#5617,1.);
#5617 = DIRECTION('',(0.,-1.,0.));
#5618 = PCURVE('',#5174,#5619);
#5619 = DEFINITIONAL_REPRESENTATION('',(#5620),#5624);
#5620 = LINE('',#5621,#5622);
#5621 = CARTESIAN_POINT('',(241.77846003324,-758.3378124567));
#5622 = VECTOR('',#5623,1.);
#5623 = DIRECTION('',(0.,1.));
#5624 = ( GEOMETRIC_REPRESENTATION_CONTEXT(2) 
PARAMETRIC_REPRESENTATION_CONTEXT() REPRESENTATION_CONTEXT('2D SPACE',''
  ) );
#5625 = PCURVE('',#5261,#5626);
#5626 = DEFINITIONAL_REPRESENTATION('',(#5627),#5631);
#5627 = LINE('',#5628,#5629);
#5628 = CARTESIAN_POINT('',(0.,-50.));
#5629 = VECTOR('',#5630,1.);
#5630 = DIRECTION('',(1.,0.));
#5631 = ( GEOMETRIC_REPRESENTATION_CONTEXT(2) 
PARAMETRIC_REPRESENTATION_CONTEXT() REPRESENTATION_CONTEXT('2D SPACE',''
  ) );
#5632 = ADVANCED_FACE('',(#5633),#5261,.F.);
#5633 = FACE_BOUND('',#5634,.F.);
#5634 = EDGE_LOOP('',(#5635,#5636,#5655,#5656));
#5635 = ORIENTED_EDGE('',*,*,#5499,.F.);
#5636 = ORIENTED_EDGE('',*,*,#5637,.T.);
#5637 = EDGE_CURVE('',#5474,#5592,#5638,.T.);
#5638 = SURFACE_CURVE('',#5639,(#5643,#5649),.PCURVE_S1.);
#5639 = LINE('',#5640,#5641);
#5640 = CARTESIAN_POINT('',(2.6745E+03,-687.8870238915,630.));
#5641 = VECTOR('',#5642,1.);
#5642 = DIRECTION('',(1.,0.,0.));
#5643 = PCURVE('',#5261,#5644);
#5644 = DEFINITIONAL_REPRESENTATION('',(#5645),#5648);
#5645 = B_SPLINE_CURVE_WITH_KNOTS('',1,(#5646,#5647),.UNSPECIFIED.,.F.,
  .F.,(2,2),(0.5,50.5),.PIECEWISE_BEZIER_KNOTS.);
#5646 = CARTESIAN_POINT('',(1.446224836348E+03,0.));
#5647 = CARTESIAN_POINT('',(1.446224836348E+03,-50.));
#5648 = ( GEOMETRIC_REPRESENTATION_CONTEXT(2) 
PARAMETRIC_REPRESENTATION_CONTEXT() REPRESENTATION_CONTEXT('2D SPACE',''
  ) );
#5649 = PCURVE('',#5488,#5650);
#5650 = DEFINITIONAL_REPRESENTATION('',(#5651),#5654);
#5651 = B_SPLINE_CURVE_WITH_KNOTS('',1,(#5652,#5653),.UNSPECIFIED.,.F.,
  .F.,(2,2),(0.5,50.5),.PIECEWISE_BEZIER_KNOTS.);
#5652 = CARTESIAN_POINT('',(140.90157713052,-1.));
#5653 = CARTESIAN_POINT('',(140.90157713052,-51.));
#5654 = ( GEOMETRIC_REPRESENTATION_CONTEXT(2) 
PARAMETRIC_REPRESENTATION_CONTEXT() REPRESENTATION_CONTEXT('2D SPACE',''
  ) );
#5655 = ORIENTED_EDGE('',*,*,#5612,.T.);
#5656 = ORIENTED_EDGE('',*,*,#5243,.F.);
#5657 = ADVANCED_FACE('',(#5658),#5359,.F.);
#5658 = FACE_BOUND('',#5659,.F.);
#5659 = EDGE_LOOP('',(#5660,#5661,#5662,#5663));
#5660 = ORIENTED_EDGE('',*,*,#5398,.F.);
#5661 = ORIENTED_EDGE('',*,*,#5343,.T.);
#5662 = ORIENTED_EDGE('',*,*,#5526,.T.);
#5663 = ORIENTED_EDGE('',*,*,#5664,.T.);
#5664 = EDGE_CURVE('',#5527,#5399,#5665,.T.);
#5665 = SURFACE_CURVE('',#5666,(#5670,#5676),.PCURVE_S1.);
#5666 = LINE('',#5667,#5668);
#5667 = CARTESIAN_POINT('',(2.6745E+03,687.88702389151,630.));
#5668 = VECTOR('',#5669,1.);
#5669 = DIRECTION('',(-1.,-0.,-0.));
#5670 = PCURVE('',#5359,#5671);
#5671 = DEFINITIONAL_REPRESENTATION('',(#5672),#5675);
#5672 = B_SPLINE_CURVE_WITH_KNOTS('',1,(#5673,#5674),.UNSPECIFIED.,.F.,
  .F.,(2,2),(-50.5,-0.5),.PIECEWISE_BEZIER_KNOTS.);
#5673 = CARTESIAN_POINT('',(70.450788565263,-50.));
#5674 = CARTESIAN_POINT('',(70.450788565263,0.));
#5675 = ( GEOMETRIC_REPRESENTATION_CONTEXT(2) 
PARAMETRIC_REPRESENTATION_CONTEXT() REPRESENTATION_CONTEXT('2D SPACE',''
  ) );
#5676 = PCURVE('',#5436,#5677);
#5677 = DEFINITIONAL_REPRESENTATION('',(#5678),#5681);
#5678 = B_SPLINE_CURVE_WITH_KNOTS('',1,(#5679,#5680),.UNSPECIFIED.,.F.,
  .F.,(2,2),(-50.5,-0.5),.PIECEWISE_BEZIER_KNOTS.);
#5679 = CARTESIAN_POINT('',(639.92799613447,-51.));
#5680 = CARTESIAN_POINT('',(639.92799613447,-1.));
#5681 = ( GEOMETRIC_REPRESENTATION_CONTEXT(2) 
PARAMETRIC_REPRESENTATION_CONTEXT() REPRESENTATION_CONTEXT('2D SPACE',''
  ) );
#5682 = ADVANCED_FACE('',(#5683),#5488,.T.);
#5683 = FACE_BOUND('',#5684,.T.);
#5684 = EDGE_LOOP('',(#5685,#5706,#5707,#5708));
#5685 = ORIENTED_EDGE('',*,*,#5686,.F.);
#5686 = EDGE_CURVE('',#5448,#5571,#5687,.T.);
#5687 = SURFACE_CURVE('',#5688,(#5692,#5699),.PCURVE_S1.);
#5688 = LINE('',#5689,#5690);
#5689 = CARTESIAN_POINT('',(2.674E+03,-352.5024085069,85.));
#5690 = VECTOR('',#5691,1.);
#5691 = DIRECTION('',(1.,0.,0.));
#5692 = PCURVE('',#5488,#5693);
#5693 = DEFINITIONAL_REPRESENTATION('',(#5694),#5698);
#5694 = LINE('',#5695,#5696);
#5695 = CARTESIAN_POINT('',(780.829573265,0.));
#5696 = VECTOR('',#5697,1.);
#5697 = DIRECTION('',(0.,-1.));
#5698 = ( GEOMETRIC_REPRESENTATION_CONTEXT(2) 
PARAMETRIC_REPRESENTATION_CONTEXT() REPRESENTATION_CONTEXT('2D SPACE',''
  ) );
#5699 = PCURVE('',#5462,#5700);
#5700 = DEFINITIONAL_REPRESENTATION('',(#5701),#5705);
#5701 = LINE('',#5702,#5703);
#5702 = CARTESIAN_POINT('',(0.,0.));
#5703 = VECTOR('',#5704,1.);
#5704 = DIRECTION('',(0.,-1.));
#5705 = ( GEOMETRIC_REPRESENTATION_CONTEXT(2) 
PARAMETRIC_REPRESENTATION_CONTEXT() REPRESENTATION_CONTEXT('2D SPACE',''
  ) );
#5706 = ORIENTED_EDGE('',*,*,#5473,.T.);
#5707 = ORIENTED_EDGE('',*,*,#5637,.T.);
#5708 = ORIENTED_EDGE('',*,*,#5591,.F.);
#5709 = ADVANCED_FACE('',(#5710),#5462,.T.);
#5710 = FACE_BOUND('',#5711,.T.);
#5711 = EDGE_LOOP('',(#5712,#5713,#5714,#5715));
#5712 = ORIENTED_EDGE('',*,*,#5447,.T.);
#5713 = ORIENTED_EDGE('',*,*,#5686,.T.);
#5714 = ORIENTED_EDGE('',*,*,#5570,.F.);
#5715 = ORIENTED_EDGE('',*,*,#5716,.F.);
#5716 = EDGE_CURVE('',#5422,#5550,#5717,.T.);
#5717 = SURFACE_CURVE('',#5718,(#5722,#5729),.PCURVE_S1.);
#5718 = LINE('',#5719,#5720);
#5719 = CARTESIAN_POINT('',(2.674E+03,352.5024085069,85.));
#5720 = VECTOR('',#5721,1.);
#5721 = DIRECTION('',(1.,0.,0.));
#5722 = PCURVE('',#5462,#5723);
#5723 = DEFINITIONAL_REPRESENTATION('',(#5724),#5728);
#5724 = LINE('',#5725,#5726);
#5725 = CARTESIAN_POINT('',(705.0048170138,0.));
#5726 = VECTOR('',#5727,1.);
#5727 = DIRECTION('',(0.,-1.));
#5728 = ( GEOMETRIC_REPRESENTATION_CONTEXT(2) 
PARAMETRIC_REPRESENTATION_CONTEXT() REPRESENTATION_CONTEXT('2D SPACE',''
  ) );
#5729 = PCURVE('',#5436,#5730);
#5730 = DEFINITIONAL_REPRESENTATION('',(#5731),#5735);
#5731 = LINE('',#5732,#5733);
#5732 = CARTESIAN_POINT('',(0.,0.));
#5733 = VECTOR('',#5734,1.);
#5734 = DIRECTION('',(0.,-1.));
#5735 = ( GEOMETRIC_REPRESENTATION_CONTEXT(2) 
PARAMETRIC_REPRESENTATION_CONTEXT() REPRESENTATION_CONTEXT('2D SPACE',''
  ) );
#5736 = ADVANCED_FACE('',(#5737),#5436,.T.);
#5737 = FACE_BOUND('',#5738,.T.);
#5738 = EDGE_LOOP('',(#5739,#5740,#5741,#5742));
#5739 = ORIENTED_EDGE('',*,*,#5421,.T.);
#5740 = ORIENTED_EDGE('',*,*,#5716,.T.);
#5741 = ORIENTED_EDGE('',*,*,#5549,.F.);
#5742 = ORIENTED_EDGE('',*,*,#5664,.T.);
#5743 = MANIFOLD_SOLID_BREP('',#5744);
#5744 = CLOSED_SHELL('',(#5745,#5865,#5941,#6017,#6145,#6258,#6283,#6308
    ,#6335,#6362));
#5745 = ADVANCED_FACE('',(#5746),#5760,.F.);
#5746 = FACE_BOUND('',#5747,.F.);
#5747 = EDGE_LOOP('',(#5748,#5783,#5811,#5839));
#5748 = ORIENTED_EDGE('',*,*,#5749,.T.);
#5749 = EDGE_CURVE('',#5750,#5752,#5754,.T.);
#5750 = VERTEX_POINT('',#5751);
#5751 = CARTESIAN_POINT('',(3.275E+03,-386.030120149,25.));
#5752 = VERTEX_POINT('',#5753);
#5753 = CARTESIAN_POINT('',(3.325E+03,-386.030120149,25.));
#5754 = SURFACE_CURVE('',#5755,(#5759,#5771),.PCURVE_S1.);
#5755 = LINE('',#5756,#5757);
#5756 = CARTESIAN_POINT('',(3.275E+03,-386.030120149,25.));
#5757 = VECTOR('',#5758,1.);
#5758 = DIRECTION('',(1.,0.,0.));
#5759 = PCURVE('',#5760,#5765);
#5760 = PLANE('',#5761);
#5761 = AXIS2_PLACEMENT_3D('',#5762,#5763,#5764);
#5762 = CARTESIAN_POINT('',(3.275E+03,-386.030120149,25.));
#5763 = DIRECTION('',(0.,0.,1.));
#5764 = DIRECTION('',(0.,1.,0.));
#5765 = DEFINITIONAL_REPRESENTATION('',(#5766),#5770);
#5766 = LINE('',#5767,#5768);
#5767 = CARTESIAN_POINT('',(0.,0.));
#5768 = VECTOR('',#5769,1.);
#5769 = DIRECTION('',(0.,-1.));
#5770 = ( GEOMETRIC_REPRESENTATION_CONTEXT(2) 
PARAMETRIC_REPRESENTATION_CONTEXT() REPRESENTATION_CONTEXT('2D SPACE',''
  ) );
#5771 = PCURVE('',#5772,#5777);
#5772 = PLANE('',#5773);
#5773 = AXIS2_PLACEMENT_3D('',#5774,#5775,#5776);
#5774 = CARTESIAN_POINT('',(3.275E+03,-758.3378124567,630.));
#5775 = DIRECTION('',(-0.,0.851658316705,0.524097425664));
#5776 = DIRECTION('',(0.,0.524097425664,-0.851658316705));
#5777 = DEFINITIONAL_REPRESENTATION('',(#5778),#5782);
#5778 = LINE('',#5779,#5780);
#5779 = CARTESIAN_POINT('',(710.37878469974,0.));
#5780 = VECTOR('',#5781,1.);
#5781 = DIRECTION('',(0.,-1.));
#5782 = ( GEOMETRIC_REPRESENTATION_CONTEXT(2) 
PARAMETRIC_REPRESENTATION_CONTEXT() REPRESENTATION_CONTEXT('2D SPACE',''
  ) );
#5783 = ORIENTED_EDGE('',*,*,#5784,.T.);
#5784 = EDGE_CURVE('',#5752,#5785,#5787,.T.);
#5785 = VERTEX_POINT('',#5786);
#5786 = CARTESIAN_POINT('',(3.325E+03,386.03012014908,25.));
#5787 = SURFACE_CURVE('',#5788,(#5792,#5799),.PCURVE_S1.);
#5788 = LINE('',#5789,#5790);
#5789 = CARTESIAN_POINT('',(3.325E+03,-386.030120149,25.));
#5790 = VECTOR('',#5791,1.);
#5791 = DIRECTION('',(0.,1.,0.));
#5792 = PCURVE('',#5760,#5793);
#5793 = DEFINITIONAL_REPRESENTATION('',(#5794),#5798);
#5794 = LINE('',#5795,#5796);
#5795 = CARTESIAN_POINT('',(0.,-50.));
#5796 = VECTOR('',#5797,1.);
#5797 = DIRECTION('',(1.,0.));
#5798 = ( GEOMETRIC_REPRESENTATION_CONTEXT(2) 
PARAMETRIC_REPRESENTATION_CONTEXT() REPRESENTATION_CONTEXT('2D SPACE',''
  ) );
#5799 = PCURVE('',#5800,#5805);
#5800 = PLANE('',#5801);
#5801 = AXIS2_PLACEMENT_3D('',#5802,#5803,#5804);
#5802 = CARTESIAN_POINT('',(3.325E+03,-7.84576950189E-15,388.22153996675
    ));
#5803 = DIRECTION('',(1.,0.,0.));
#5804 = DIRECTION('',(-0.,0.,1.));
#5805 = DEFINITIONAL_REPRESENTATION('',(#5806),#5810);
#5806 = LINE('',#5807,#5808);
#5807 = CARTESIAN_POINT('',(-363.2215399667,386.03012014908));
#5808 = VECTOR('',#5809,1.);
#5809 = DIRECTION('',(0.,-1.));
#5810 = ( GEOMETRIC_REPRESENTATION_CONTEXT(2) 
PARAMETRIC_REPRESENTATION_CONTEXT() REPRESENTATION_CONTEXT('2D SPACE',''
  ) );
#5811 = ORIENTED_EDGE('',*,*,#5812,.F.);
#5812 = EDGE_CURVE('',#5813,#5785,#5815,.T.);
#5813 = VERTEX_POINT('',#5814);
#5814 = CARTESIAN_POINT('',(3.275E+03,386.03012014908,25.));
#5815 = SURFACE_CURVE('',#5816,(#5820,#5827),.PCURVE_S1.);
#5816 = LINE('',#5817,#5818);
#5817 = CARTESIAN_POINT('',(3.275E+03,386.03012014908,25.));
#5818 = VECTOR('',#5819,1.);
#5819 = DIRECTION('',(1.,0.,0.));
#5820 = PCURVE('',#5760,#5821);
#5821 = DEFINITIONAL_REPRESENTATION('',(#5822),#5826);
#5822 = LINE('',#5823,#5824);
#5823 = CARTESIAN_POINT('',(772.06024029817,0.));
#5824 = VECTOR('',#5825,1.);
#5825 = DIRECTION('',(0.,-1.));
#5826 = ( GEOMETRIC_REPRESENTATION_CONTEXT(2) 
PARAMETRIC_REPRESENTATION_CONTEXT() REPRESENTATION_CONTEXT('2D SPACE',''
  ) );
#5827 = PCURVE('',#5828,#5833);
#5828 = PLANE('',#5829);
#5829 = AXIS2_PLACEMENT_3D('',#5830,#5831,#5832);
#5830 = CARTESIAN_POINT('',(3.275E+03,386.03012014908,25.));
#5831 = DIRECTION('',(0.,-0.851658316705,0.524097425664));
#5832 = DIRECTION('',(0.,0.524097425664,0.851658316705));
#5833 = DEFINITIONAL_REPRESENTATION('',(#5834),#5838);
#5834 = LINE('',#5835,#5836);
#5835 = CARTESIAN_POINT('',(0.,0.));
#5836 = VECTOR('',#5837,1.);
#5837 = DIRECTION('',(0.,-1.));
#5838 = ( GEOMETRIC_REPRESENTATION_CONTEXT(2) 
PARAMETRIC_REPRESENTATION_CONTEXT() REPRESENTATION_CONTEXT('2D SPACE',''
  ) );
#5839 = ORIENTED_EDGE('',*,*,#5840,.F.);
#5840 = EDGE_CURVE('',#5750,#5813,#5841,.T.);
#5841 = SURFACE_CURVE('',#5842,(#5846,#5853),.PCURVE_S1.);
#5842 = LINE('',#5843,#5844);
#5843 = CARTESIAN_POINT('',(3.275E+03,-386.030120149,25.));
#5844 = VECTOR('',#5845,1.);
#5845 = DIRECTION('',(0.,1.,0.));
#5846 = PCURVE('',#5760,#5847);
#5847 = DEFINITIONAL_REPRESENTATION('',(#5848),#5852);
#5848 = LINE('',#5849,#5850);
#5849 = CARTESIAN_POINT('',(0.,0.));
#5850 = VECTOR('',#5851,1.);
#5851 = DIRECTION('',(1.,0.));
#5852 = ( GEOMETRIC_REPRESENTATION_CONTEXT(2) 
PARAMETRIC_REPRESENTATION_CONTEXT() REPRESENTATION_CONTEXT('2D SPACE',''
  ) );
#5853 = PCURVE('',#5854,#5859);
#5854 = PLANE('',#5855);
#5855 = AXIS2_PLACEMENT_3D('',#5856,#5857,#5858);
#5856 = CARTESIAN_POINT('',(3.275E+03,-7.84576950189E-15,388.22153996675
    ));
#5857 = DIRECTION('',(1.,0.,0.));
#5858 = DIRECTION('',(-0.,0.,1.));
#5859 = DEFINITIONAL_REPRESENTATION('',(#5860),#5864);
#5860 = LINE('',#5861,#5862);
#5861 = CARTESIAN_POINT('',(-363.2215399667,386.03012014908));
#5862 = VECTOR('',#5863,1.);
#5863 = DIRECTION('',(0.,-1.));
#5864 = ( GEOMETRIC_REPRESENTATION_CONTEXT(2) 
PARAMETRIC_REPRESENTATION_CONTEXT() REPRESENTATION_CONTEXT('2D SPACE',''
  ) );
#5865 = ADVANCED_FACE('',(#5866),#5772,.F.);
#5866 = FACE_BOUND('',#5867,.F.);
#5867 = EDGE_LOOP('',(#5868,#5898,#5919,#5920));
#5868 = ORIENTED_EDGE('',*,*,#5869,.T.);
#5869 = EDGE_CURVE('',#5870,#5872,#5874,.T.);
#5870 = VERTEX_POINT('',#5871);
#5871 = CARTESIAN_POINT('',(3.275E+03,-758.3378124567,630.));
#5872 = VERTEX_POINT('',#5873);
#5873 = CARTESIAN_POINT('',(3.325E+03,-758.3378124567,630.));
#5874 = SURFACE_CURVE('',#5875,(#5879,#5886),.PCURVE_S1.);
#5875 = LINE('',#5876,#5877);
#5876 = CARTESIAN_POINT('',(3.275E+03,-758.3378124567,630.));
#5877 = VECTOR('',#5878,1.);
#5878 = DIRECTION('',(1.,0.,0.));
#5879 = PCURVE('',#5772,#5880);
#5880 = DEFINITIONAL_REPRESENTATION('',(#5881),#5885);
#5881 = LINE('',#5882,#5883);
#5882 = CARTESIAN_POINT('',(0.,0.));
#5883 = VECTOR('',#5884,1.);
#5884 = DIRECTION('',(0.,-1.));
#5885 = ( GEOMETRIC_REPRESENTATION_CONTEXT(2) 
PARAMETRIC_REPRESENTATION_CONTEXT() REPRESENTATION_CONTEXT('2D SPACE',''
  ) );
#5886 = PCURVE('',#5887,#5892);
#5887 = PLANE('',#5888);
#5888 = AXIS2_PLACEMENT_3D('',#5889,#5890,#5891);
#5889 = CARTESIAN_POINT('',(3.275E+03,758.33781245678,630.));
#5890 = DIRECTION('',(0.,0.,-1.));
#5891 = DIRECTION('',(0.,-1.,0.));
#5892 = DEFINITIONAL_REPRESENTATION('',(#5893),#5897);
#5893 = LINE('',#5894,#5895);
#5894 = CARTESIAN_POINT('',(1.516675624914E+03,0.));
#5895 = VECTOR('',#5896,1.);
#5896 = DIRECTION('',(0.,-1.));
#5897 = ( GEOMETRIC_REPRESENTATION_CONTEXT(2) 
PARAMETRIC_REPRESENTATION_CONTEXT() REPRESENTATION_CONTEXT('2D SPACE',''
  ) );
#5898 = ORIENTED_EDGE('',*,*,#5899,.T.);
#5899 = EDGE_CURVE('',#5872,#5752,#5900,.T.);
#5900 = SURFACE_CURVE('',#5901,(#5905,#5912),.PCURVE_S1.);
#5901 = LINE('',#5902,#5903);
#5902 = CARTESIAN_POINT('',(3.325E+03,-758.3378124567,630.));
#5903 = VECTOR('',#5904,1.);
#5904 = DIRECTION('',(0.,0.524097425664,-0.851658316705));
#5905 = PCURVE('',#5772,#5906);
#5906 = DEFINITIONAL_REPRESENTATION('',(#5907),#5911);
#5907 = LINE('',#5908,#5909);
#5908 = CARTESIAN_POINT('',(0.,-50.));
#5909 = VECTOR('',#5910,1.);
#5910 = DIRECTION('',(1.,0.));
#5911 = ( GEOMETRIC_REPRESENTATION_CONTEXT(2) 
PARAMETRIC_REPRESENTATION_CONTEXT() REPRESENTATION_CONTEXT('2D SPACE',''
  ) );
#5912 = PCURVE('',#5800,#5913);
#5913 = DEFINITIONAL_REPRESENTATION('',(#5914),#5918);
#5914 = LINE('',#5915,#5916);
#5915 = CARTESIAN_POINT('',(241.77846003324,758.33781245678));
#5916 = VECTOR('',#5917,1.);
#5917 = DIRECTION('',(-0.851658316705,-0.524097425664));
#5918 = ( GEOMETRIC_REPRESENTATION_CONTEXT(2) 
PARAMETRIC_REPRESENTATION_CONTEXT() REPRESENTATION_CONTEXT('2D SPACE',''
  ) );
#5919 = ORIENTED_EDGE('',*,*,#5749,.F.);
#5920 = ORIENTED_EDGE('',*,*,#5921,.F.);
#5921 = EDGE_CURVE('',#5870,#5750,#5922,.T.);
#5922 = SURFACE_CURVE('',#5923,(#5927,#5934),.PCURVE_S1.);
#5923 = LINE('',#5924,#5925);
#5924 = CARTESIAN_POINT('',(3.275E+03,-758.3378124567,630.));
#5925 = VECTOR('',#5926,1.);
#5926 = DIRECTION('',(0.,0.524097425664,-0.851658316705));
#5927 = PCURVE('',#5772,#5928);
#5928 = DEFINITIONAL_REPRESENTATION('',(#5929),#5933);
#5929 = LINE('',#5930,#5931);
#5930 = CARTESIAN_POINT('',(0.,0.));
#5931 = VECTOR('',#5932,1.);
#5932 = DIRECTION('',(1.,0.));
#5933 = ( GEOMETRIC_REPRESENTATION_CONTEXT(2) 
PARAMETRIC_REPRESENTATION_CONTEXT() REPRESENTATION_CONTEXT('2D SPACE',''
  ) );
#5934 = PCURVE('',#5854,#5935);
#5935 = DEFINITIONAL_REPRESENTATION('',(#5936),#5940);
#5936 = LINE('',#5937,#5938);
#5937 = CARTESIAN_POINT('',(241.77846003324,758.33781245678));
#5938 = VECTOR('',#5939,1.);
#5939 = DIRECTION('',(-0.851658316705,-0.524097425664));
#5940 = ( GEOMETRIC_REPRESENTATION_CONTEXT(2) 
PARAMETRIC_REPRESENTATION_CONTEXT() REPRESENTATION_CONTEXT('2D SPACE',''
  ) );
#5941 = ADVANCED_FACE('',(#5942),#5828,.F.);
#5942 = FACE_BOUND('',#5943,.F.);
#5943 = EDGE_LOOP('',(#5944,#5945,#5968,#5996));
#5944 = ORIENTED_EDGE('',*,*,#5812,.T.);
#5945 = ORIENTED_EDGE('',*,*,#5946,.T.);
#5946 = EDGE_CURVE('',#5785,#5947,#5949,.T.);
#5947 = VERTEX_POINT('',#5948);
#5948 = CARTESIAN_POINT('',(3.325E+03,758.33781245678,630.));
#5949 = SURFACE_CURVE('',#5950,(#5954,#5961),.PCURVE_S1.);
#5950 = LINE('',#5951,#5952);
#5951 = CARTESIAN_POINT('',(3.325E+03,386.03012014908,25.));
#5952 = VECTOR('',#5953,1.);
#5953 = DIRECTION('',(0.,0.524097425664,0.851658316705));
#5954 = PCURVE('',#5828,#5955);
#5955 = DEFINITIONAL_REPRESENTATION('',(#5956),#5960);
#5956 = LINE('',#5957,#5958);
#5957 = CARTESIAN_POINT('',(0.,-50.));
#5958 = VECTOR('',#5959,1.);
#5959 = DIRECTION('',(1.,0.));
#5960 = ( GEOMETRIC_REPRESENTATION_CONTEXT(2) 
PARAMETRIC_REPRESENTATION_CONTEXT() REPRESENTATION_CONTEXT('2D SPACE',''
  ) );
#5961 = PCURVE('',#5800,#5962);
#5962 = DEFINITIONAL_REPRESENTATION('',(#5963),#5967);
#5963 = LINE('',#5964,#5965);
#5964 = CARTESIAN_POINT('',(-363.2215399667,-386.030120149));
#5965 = VECTOR('',#5966,1.);
#5966 = DIRECTION('',(0.851658316705,-0.524097425664));
#5967 = ( GEOMETRIC_REPRESENTATION_CONTEXT(2) 
PARAMETRIC_REPRESENTATION_CONTEXT() REPRESENTATION_CONTEXT('2D SPACE',''
  ) );
#5968 = ORIENTED_EDGE('',*,*,#5969,.F.);
#5969 = EDGE_CURVE('',#5970,#5947,#5972,.T.);
#5970 = VERTEX_POINT('',#5971);
#5971 = CARTESIAN_POINT('',(3.275E+03,758.33781245678,630.));
#5972 = SURFACE_CURVE('',#5973,(#5977,#5984),.PCURVE_S1.);
#5973 = LINE('',#5974,#5975);
#5974 = CARTESIAN_POINT('',(3.275E+03,758.33781245678,630.));
#5975 = VECTOR('',#5976,1.);
#5976 = DIRECTION('',(1.,0.,0.));
#5977 = PCURVE('',#5828,#5978);
#5978 = DEFINITIONAL_REPRESENTATION('',(#5979),#5983);
#5979 = LINE('',#5980,#5981);
#5980 = CARTESIAN_POINT('',(710.37878469974,0.));
#5981 = VECTOR('',#5982,1.);
#5982 = DIRECTION('',(0.,-1.));
#5983 = ( GEOMETRIC_REPRESENTATION_CONTEXT(2) 
PARAMETRIC_REPRESENTATION_CONTEXT() REPRESENTATION_CONTEXT('2D SPACE',''
  ) );
#5984 = PCURVE('',#5985,#5990);
#5985 = PLANE('',#5986);
#5986 = AXIS2_PLACEMENT_3D('',#5987,#5988,#5989);
#5987 = CARTESIAN_POINT('',(3.275E+03,758.33781245678,630.));
#5988 = DIRECTION('',(0.,0.,-1.));
#5989 = DIRECTION('',(0.,-1.,0.));
#5990 = DEFINITIONAL_REPRESENTATION('',(#5991),#5995);
#5991 = LINE('',#5992,#5993);
#5992 = CARTESIAN_POINT('',(0.,-0.));
#5993 = VECTOR('',#5994,1.);
#5994 = DIRECTION('',(0.,-1.));
#5995 = ( GEOMETRIC_REPRESENTATION_CONTEXT(2) 
PARAMETRIC_REPRESENTATION_CONTEXT() REPRESENTATION_CONTEXT('2D SPACE',''
  ) );
#5996 = ORIENTED_EDGE('',*,*,#5997,.F.);
#5997 = EDGE_CURVE('',#5813,#5970,#5998,.T.);
#5998 = SURFACE_CURVE('',#5999,(#6003,#6010),.PCURVE_S1.);
#5999 = LINE('',#6000,#6001);
#6000 = CARTESIAN_POINT('',(3.275E+03,386.03012014908,25.));
#6001 = VECTOR('',#6002,1.);
#6002 = DIRECTION('',(0.,0.524097425664,0.851658316705));
#6003 = PCURVE('',#5828,#6004);
#6004 = DEFINITIONAL_REPRESENTATION('',(#6005),#6009);
#6005 = LINE('',#6006,#6007);
#6006 = CARTESIAN_POINT('',(0.,0.));
#6007 = VECTOR('',#6008,1.);
#6008 = DIRECTION('',(1.,0.));
#6009 = ( GEOMETRIC_REPRESENTATION_CONTEXT(2) 
PARAMETRIC_REPRESENTATION_CONTEXT() REPRESENTATION_CONTEXT('2D SPACE',''
  ) );
#6010 = PCURVE('',#5854,#6011);
#6011 = DEFINITIONAL_REPRESENTATION('',(#6012),#6016);
#6012 = LINE('',#6013,#6014);
#6013 = CARTESIAN_POINT('',(-363.2215399667,-386.030120149));
#6014 = VECTOR('',#6015,1.);
#6015 = DIRECTION('',(0.851658316705,-0.524097425664));
#6016 = ( GEOMETRIC_REPRESENTATION_CONTEXT(2) 
PARAMETRIC_REPRESENTATION_CONTEXT() REPRESENTATION_CONTEXT('2D SPACE',''
  ) );
#6017 = ADVANCED_FACE('',(#6018),#5854,.F.);
#6018 = FACE_BOUND('',#6019,.F.);
#6019 = EDGE_LOOP('',(#6020,#6021,#6022,#6023,#6046,#6072,#6098,#6124));
#6020 = ORIENTED_EDGE('',*,*,#5921,.T.);
#6021 = ORIENTED_EDGE('',*,*,#5840,.T.);
#6022 = ORIENTED_EDGE('',*,*,#5997,.T.);
#6023 = ORIENTED_EDGE('',*,*,#6024,.T.);
#6024 = EDGE_CURVE('',#5970,#6025,#6027,.T.);
#6025 = VERTEX_POINT('',#6026);
#6026 = CARTESIAN_POINT('',(3.275E+03,687.88702389151,630.));
#6027 = SURFACE_CURVE('',#6028,(#6032,#6039),.PCURVE_S1.);
#6028 = LINE('',#6029,#6030);
#6029 = CARTESIAN_POINT('',(3.275E+03,758.33781245678,630.));
#6030 = VECTOR('',#6031,1.);
#6031 = DIRECTION('',(0.,-1.,0.));
#6032 = PCURVE('',#5854,#6033);
#6033 = DEFINITIONAL_REPRESENTATION('',(#6034),#6038);
#6034 = LINE('',#6035,#6036);
#6035 = CARTESIAN_POINT('',(241.77846003324,-758.3378124567));
#6036 = VECTOR('',#6037,1.);
#6037 = DIRECTION('',(0.,1.));
#6038 = ( GEOMETRIC_REPRESENTATION_CONTEXT(2) 
PARAMETRIC_REPRESENTATION_CONTEXT() REPRESENTATION_CONTEXT('2D SPACE',''
  ) );
#6039 = PCURVE('',#5985,#6040);
#6040 = DEFINITIONAL_REPRESENTATION('',(#6041),#6045);
#6041 = LINE('',#6042,#6043);
#6042 = CARTESIAN_POINT('',(0.,-0.));
#6043 = VECTOR('',#6044,1.);
#6044 = DIRECTION('',(1.,0.));
#6045 = ( GEOMETRIC_REPRESENTATION_CONTEXT(2) 
PARAMETRIC_REPRESENTATION_CONTEXT() REPRESENTATION_CONTEXT('2D SPACE',''
  ) );
#6046 = ORIENTED_EDGE('',*,*,#6047,.T.);
#6047 = EDGE_CURVE('',#6025,#6048,#6050,.T.);
#6048 = VERTEX_POINT('',#6049);
#6049 = CARTESIAN_POINT('',(3.275E+03,352.5024085069,85.));
#6050 = SURFACE_CURVE('',#6051,(#6055,#6061),.PCURVE_S1.);
#6051 = LINE('',#6052,#6053);
#6052 = CARTESIAN_POINT('',(3.275E+03,371.76182055003,116.29654457009));
#6053 = VECTOR('',#6054,1.);
#6054 = DIRECTION('',(0.,-0.524097425664,-0.851658316705));
#6055 = PCURVE('',#5854,#6056);
#6056 = DEFINITIONAL_REPRESENTATION('',(#6057),#6060);
#6057 = B_SPLINE_CURVE_WITH_KNOTS('',1,(#6058,#6059),.UNSPECIFIED.,.F.,
  .F.,(2,2),(-603.1802253956,36.74777073885),.PIECEWISE_BEZIER_KNOTS.);
#6058 = CARTESIAN_POINT('',(241.77846003324,-687.8870238915));
#6059 = CARTESIAN_POINT('',(-303.2215399667,-352.5024085069));
#6060 = ( GEOMETRIC_REPRESENTATION_CONTEXT(2) 
PARAMETRIC_REPRESENTATION_CONTEXT() REPRESENTATION_CONTEXT('2D SPACE',''
  ) );
#6061 = PCURVE('',#6062,#6067);
#6062 = PLANE('',#6063);
#6063 = AXIS2_PLACEMENT_3D('',#6064,#6065,#6066);
#6064 = CARTESIAN_POINT('',(3.274E+03,352.5024085069,85.));
#6065 = DIRECTION('',(0.,-0.851658316705,0.524097425664));
#6066 = DIRECTION('',(0.,0.524097425664,0.851658316705));
#6067 = DEFINITIONAL_REPRESENTATION('',(#6068),#6071);
#6068 = B_SPLINE_CURVE_WITH_KNOTS('',1,(#6069,#6070),.UNSPECIFIED.,.F.,
  .F.,(2,2),(-603.1802253956,36.74777073885),.PIECEWISE_BEZIER_KNOTS.);
#6069 = CARTESIAN_POINT('',(639.92799613447,-1.));
#6070 = CARTESIAN_POINT('',(0.,-1.));
#6071 = ( GEOMETRIC_REPRESENTATION_CONTEXT(2) 
PARAMETRIC_REPRESENTATION_CONTEXT() REPRESENTATION_CONTEXT('2D SPACE',''
  ) );
#6072 = ORIENTED_EDGE('',*,*,#6073,.T.);
#6073 = EDGE_CURVE('',#6048,#6074,#6076,.T.);
#6074 = VERTEX_POINT('',#6075);
#6075 = CARTESIAN_POINT('',(3.275E+03,-352.5024085069,85.));
#6076 = SURFACE_CURVE('',#6077,(#6081,#6087),.PCURVE_S1.);
#6077 = LINE('',#6078,#6079);
#6078 = CARTESIAN_POINT('',(3.275E+03,-176.2512042534,85.));
#6079 = VECTOR('',#6080,1.);
#6080 = DIRECTION('',(0.,-1.,0.));
#6081 = PCURVE('',#5854,#6082);
#6082 = DEFINITIONAL_REPRESENTATION('',(#6083),#6086);
#6083 = B_SPLINE_CURVE_WITH_KNOTS('',1,(#6084,#6085),.UNSPECIFIED.,.F.,
  .F.,(2,2),(-528.7536127603,176.25120425345),.PIECEWISE_BEZIER_KNOTS.);
#6084 = CARTESIAN_POINT('',(-303.2215399667,-352.5024085069));
#6085 = CARTESIAN_POINT('',(-303.2215399667,352.5024085069));
#6086 = ( GEOMETRIC_REPRESENTATION_CONTEXT(2) 
PARAMETRIC_REPRESENTATION_CONTEXT() REPRESENTATION_CONTEXT('2D SPACE',''
  ) );
#6087 = PCURVE('',#6088,#6093);
#6088 = PLANE('',#6089);
#6089 = AXIS2_PLACEMENT_3D('',#6090,#6091,#6092);
#6090 = CARTESIAN_POINT('',(3.274E+03,-352.5024085069,85.));
#6091 = DIRECTION('',(0.,0.,1.));
#6092 = DIRECTION('',(0.,1.,0.));
#6093 = DEFINITIONAL_REPRESENTATION('',(#6094),#6097);
#6094 = B_SPLINE_CURVE_WITH_KNOTS('',1,(#6095,#6096),.UNSPECIFIED.,.F.,
  .F.,(2,2),(-528.7536127603,176.25120425345),.PIECEWISE_BEZIER_KNOTS.);
#6095 = CARTESIAN_POINT('',(705.0048170138,-1.));
#6096 = CARTESIAN_POINT('',(0.,-1.));
#6097 = ( GEOMETRIC_REPRESENTATION_CONTEXT(2) 
PARAMETRIC_REPRESENTATION_CONTEXT() REPRESENTATION_CONTEXT('2D SPACE',''
  ) );
#6098 = ORIENTED_EDGE('',*,*,#6099,.T.);
#6099 = EDGE_CURVE('',#6074,#6100,#6102,.T.);
#6100 = VERTEX_POINT('',#6101);
#6101 = CARTESIAN_POINT('',(3.275E+03,-687.8870238915,630.));
#6102 = SURFACE_CURVE('',#6103,(#6107,#6113),.PCURVE_S1.);
#6103 = LINE('',#6104,#6105);
#6104 = CARTESIAN_POINT('',(3.275E+03,-576.3772051654,448.79654457009));
#6105 = VECTOR('',#6106,1.);
#6106 = DIRECTION('',(0.,-0.524097425664,0.851658316705));
#6107 = PCURVE('',#5854,#6108);
#6108 = DEFINITIONAL_REPRESENTATION('',(#6109),#6112);
#6109 = B_SPLINE_CURVE_WITH_KNOTS('',1,(#6110,#6111),.UNSPECIFIED.,.F.,
  .F.,(2,2),(-427.1625573713,212.76543876312),.PIECEWISE_BEZIER_KNOTS.);
#6110 = CARTESIAN_POINT('',(-303.2215399667,352.5024085069));
#6111 = CARTESIAN_POINT('',(241.77846003324,687.88702389151));
#6112 = ( GEOMETRIC_REPRESENTATION_CONTEXT(2) 
PARAMETRIC_REPRESENTATION_CONTEXT() REPRESENTATION_CONTEXT('2D SPACE',''
  ) );
#6113 = PCURVE('',#6114,#6119);
#6114 = PLANE('',#6115);
#6115 = AXIS2_PLACEMENT_3D('',#6116,#6117,#6118);
#6116 = CARTESIAN_POINT('',(3.274E+03,-761.7331777376,750.));
#6117 = DIRECTION('',(-0.,0.851658316705,0.524097425664));
#6118 = DIRECTION('',(0.,0.524097425664,-0.851658316705));
#6119 = DEFINITIONAL_REPRESENTATION('',(#6120),#6123);
#6120 = B_SPLINE_CURVE_WITH_KNOTS('',1,(#6121,#6122),.UNSPECIFIED.,.F.,
  .F.,(2,2),(-427.1625573713,212.76543876312),.PIECEWISE_BEZIER_KNOTS.);
#6121 = CARTESIAN_POINT('',(780.829573265,-1.));
#6122 = CARTESIAN_POINT('',(140.90157713052,-1.));
#6123 = ( GEOMETRIC_REPRESENTATION_CONTEXT(2) 
PARAMETRIC_REPRESENTATION_CONTEXT() REPRESENTATION_CONTEXT('2D SPACE',''
  ) );
#6124 = ORIENTED_EDGE('',*,*,#6125,.T.);
#6125 = EDGE_CURVE('',#6100,#5870,#6126,.T.);
#6126 = SURFACE_CURVE('',#6127,(#6131,#6138),.PCURVE_S1.);
#6127 = LINE('',#6128,#6129);
#6128 = CARTESIAN_POINT('',(3.275E+03,758.33781245678,630.));
#6129 = VECTOR('',#6130,1.);
#6130 = DIRECTION('',(0.,-1.,0.));
#6131 = PCURVE('',#5854,#6132);
#6132 = DEFINITIONAL_REPRESENTATION('',(#6133),#6137);
#6133 = LINE('',#6134,#6135);
#6134 = CARTESIAN_POINT('',(241.77846003324,-758.3378124567));
#6135 = VECTOR('',#6136,1.);
#6136 = DIRECTION('',(0.,1.));
#6137 = ( GEOMETRIC_REPRESENTATION_CONTEXT(2) 
PARAMETRIC_REPRESENTATION_CONTEXT() REPRESENTATION_CONTEXT('2D SPACE',''
  ) );
#6138 = PCURVE('',#5887,#6139);
#6139 = DEFINITIONAL_REPRESENTATION('',(#6140),#6144);
#6140 = LINE('',#6141,#6142);
#6141 = CARTESIAN_POINT('',(0.,-0.));
#6142 = VECTOR('',#6143,1.);
#6143 = DIRECTION('',(1.,0.));
#6144 = ( GEOMETRIC_REPRESENTATION_CONTEXT(2) 
PARAMETRIC_REPRESENTATION_CONTEXT() REPRESENTATION_CONTEXT('2D SPACE',''
  ) );
#6145 = ADVANCED_FACE('',(#6146),#5800,.T.);
#6146 = FACE_BOUND('',#6147,.T.);
#6147 = EDGE_LOOP('',(#6148,#6149,#6150,#6151,#6174,#6195,#6216,#6237));
#6148 = ORIENTED_EDGE('',*,*,#5899,.T.);
#6149 = ORIENTED_EDGE('',*,*,#5784,.T.);
#6150 = ORIENTED_EDGE('',*,*,#5946,.T.);
#6151 = ORIENTED_EDGE('',*,*,#6152,.T.);
#6152 = EDGE_CURVE('',#5947,#6153,#6155,.T.);
#6153 = VERTEX_POINT('',#6154);
#6154 = CARTESIAN_POINT('',(3.325E+03,687.88702389151,630.));
#6155 = SURFACE_CURVE('',#6156,(#6160,#6167),.PCURVE_S1.);
#6156 = LINE('',#6157,#6158);
#6157 = CARTESIAN_POINT('',(3.325E+03,758.33781245678,630.));
#6158 = VECTOR('',#6159,1.);
#6159 = DIRECTION('',(0.,-1.,0.));
#6160 = PCURVE('',#5800,#6161);
#6161 = DEFINITIONAL_REPRESENTATION('',(#6162),#6166);
#6162 = LINE('',#6163,#6164);
#6163 = CARTESIAN_POINT('',(241.77846003324,-758.3378124567));
#6164 = VECTOR('',#6165,1.);
#6165 = DIRECTION('',(0.,1.));
#6166 = ( GEOMETRIC_REPRESENTATION_CONTEXT(2) 
PARAMETRIC_REPRESENTATION_CONTEXT() REPRESENTATION_CONTEXT('2D SPACE',''
  ) );
#6167 = PCURVE('',#5985,#6168);
#6168 = DEFINITIONAL_REPRESENTATION('',(#6169),#6173);
#6169 = LINE('',#6170,#6171);
#6170 = CARTESIAN_POINT('',(0.,-50.));
#6171 = VECTOR('',#6172,1.);
#6172 = DIRECTION('',(1.,0.));
#6173 = ( GEOMETRIC_REPRESENTATION_CONTEXT(2) 
PARAMETRIC_REPRESENTATION_CONTEXT() REPRESENTATION_CONTEXT('2D SPACE',''
  ) );
#6174 = ORIENTED_EDGE('',*,*,#6175,.T.);
#6175 = EDGE_CURVE('',#6153,#6176,#6178,.T.);
#6176 = VERTEX_POINT('',#6177);
#6177 = CARTESIAN_POINT('',(3.325E+03,352.5024085069,85.));
#6178 = SURFACE_CURVE('',#6179,(#6183,#6189),.PCURVE_S1.);
#6179 = LINE('',#6180,#6181);
#6180 = CARTESIAN_POINT('',(3.325E+03,371.76182055003,116.29654457009));
#6181 = VECTOR('',#6182,1.);
#6182 = DIRECTION('',(0.,-0.524097425664,-0.851658316705));
#6183 = PCURVE('',#5800,#6184);
#6184 = DEFINITIONAL_REPRESENTATION('',(#6185),#6188);
#6185 = B_SPLINE_CURVE_WITH_KNOTS('',1,(#6186,#6187),.UNSPECIFIED.,.F.,
  .F.,(2,2),(-603.1802253956,36.74777073885),.PIECEWISE_BEZIER_KNOTS.);
#6186 = CARTESIAN_POINT('',(241.77846003324,-687.8870238915));
#6187 = CARTESIAN_POINT('',(-303.2215399667,-352.5024085069));
#6188 = ( GEOMETRIC_REPRESENTATION_CONTEXT(2) 
PARAMETRIC_REPRESENTATION_CONTEXT() REPRESENTATION_CONTEXT('2D SPACE',''
  ) );
#6189 = PCURVE('',#6062,#6190);
#6190 = DEFINITIONAL_REPRESENTATION('',(#6191),#6194);
#6191 = B_SPLINE_CURVE_WITH_KNOTS('',1,(#6192,#6193),.UNSPECIFIED.,.F.,
  .F.,(2,2),(-603.1802253956,36.74777073885),.PIECEWISE_BEZIER_KNOTS.);
#6192 = CARTESIAN_POINT('',(639.92799613447,-51.));
#6193 = CARTESIAN_POINT('',(0.,-51.));
#6194 = ( GEOMETRIC_REPRESENTATION_CONTEXT(2) 
PARAMETRIC_REPRESENTATION_CONTEXT() REPRESENTATION_CONTEXT('2D SPACE',''
  ) );
#6195 = ORIENTED_EDGE('',*,*,#6196,.T.);
#6196 = EDGE_CURVE('',#6176,#6197,#6199,.T.);
#6197 = VERTEX_POINT('',#6198);
#6198 = CARTESIAN_POINT('',(3.325E+03,-352.5024085069,85.));
#6199 = SURFACE_CURVE('',#6200,(#6204,#6210),.PCURVE_S1.);
#6200 = LINE('',#6201,#6202);
#6201 = CARTESIAN_POINT('',(3.325E+03,-176.2512042534,85.));
#6202 = VECTOR('',#6203,1.);
#6203 = DIRECTION('',(0.,-1.,0.));
#6204 = PCURVE('',#5800,#6205);
#6205 = DEFINITIONAL_REPRESENTATION('',(#6206),#6209);
#6206 = B_SPLINE_CURVE_WITH_KNOTS('',1,(#6207,#6208),.UNSPECIFIED.,.F.,
  .F.,(2,2),(-528.7536127603,176.25120425345),.PIECEWISE_BEZIER_KNOTS.);
#6207 = CARTESIAN_POINT('',(-303.2215399667,-352.5024085069));
#6208 = CARTESIAN_POINT('',(-303.2215399667,352.5024085069));
#6209 = ( GEOMETRIC_REPRESENTATION_CONTEXT(2) 
PARAMETRIC_REPRESENTATION_CONTEXT() REPRESENTATION_CONTEXT('2D SPACE',''
  ) );
#6210 = PCURVE('',#6088,#6211);
#6211 = DEFINITIONAL_REPRESENTATION('',(#6212),#6215);
#6212 = B_SPLINE_CURVE_WITH_KNOTS('',1,(#6213,#6214),.UNSPECIFIED.,.F.,
  .F.,(2,2),(-528.7536127603,176.25120425345),.PIECEWISE_BEZIER_KNOTS.);
#6213 = CARTESIAN_POINT('',(705.0048170138,-51.));
#6214 = CARTESIAN_POINT('',(0.,-51.));
#6215 = ( GEOMETRIC_REPRESENTATION_CONTEXT(2) 
PARAMETRIC_REPRESENTATION_CONTEXT() REPRESENTATION_CONTEXT('2D SPACE',''
  ) );
#6216 = ORIENTED_EDGE('',*,*,#6217,.T.);
#6217 = EDGE_CURVE('',#6197,#6218,#6220,.T.);
#6218 = VERTEX_POINT('',#6219);
#6219 = CARTESIAN_POINT('',(3.325E+03,-687.8870238915,630.));
#6220 = SURFACE_CURVE('',#6221,(#6225,#6231),.PCURVE_S1.);
#6221 = LINE('',#6222,#6223);
#6222 = CARTESIAN_POINT('',(3.325E+03,-576.3772051654,448.79654457009));
#6223 = VECTOR('',#6224,1.);
#6224 = DIRECTION('',(0.,-0.524097425664,0.851658316705));
#6225 = PCURVE('',#5800,#6226);
#6226 = DEFINITIONAL_REPRESENTATION('',(#6227),#6230);
#6227 = B_SPLINE_CURVE_WITH_KNOTS('',1,(#6228,#6229),.UNSPECIFIED.,.F.,
  .F.,(2,2),(-427.1625573713,212.76543876312),.PIECEWISE_BEZIER_KNOTS.);
#6228 = CARTESIAN_POINT('',(-303.2215399667,352.5024085069));
#6229 = CARTESIAN_POINT('',(241.77846003324,687.88702389151));
#6230 = ( GEOMETRIC_REPRESENTATION_CONTEXT(2) 
PARAMETRIC_REPRESENTATION_CONTEXT() REPRESENTATION_CONTEXT('2D SPACE',''
  ) );
#6231 = PCURVE('',#6114,#6232);
#6232 = DEFINITIONAL_REPRESENTATION('',(#6233),#6236);
#6233 = B_SPLINE_CURVE_WITH_KNOTS('',1,(#6234,#6235),.UNSPECIFIED.,.F.,
  .F.,(2,2),(-427.1625573713,212.76543876312),.PIECEWISE_BEZIER_KNOTS.);
#6234 = CARTESIAN_POINT('',(780.829573265,-51.));
#6235 = CARTESIAN_POINT('',(140.90157713052,-51.));
#6236 = ( GEOMETRIC_REPRESENTATION_CONTEXT(2) 
PARAMETRIC_REPRESENTATION_CONTEXT() REPRESENTATION_CONTEXT('2D SPACE',''
  ) );
#6237 = ORIENTED_EDGE('',*,*,#6238,.T.);
#6238 = EDGE_CURVE('',#6218,#5872,#6239,.T.);
#6239 = SURFACE_CURVE('',#6240,(#6244,#6251),.PCURVE_S1.);
#6240 = LINE('',#6241,#6242);
#6241 = CARTESIAN_POINT('',(3.325E+03,758.33781245678,630.));
#6242 = VECTOR('',#6243,1.);
#6243 = DIRECTION('',(0.,-1.,0.));
#6244 = PCURVE('',#5800,#6245);
#6245 = DEFINITIONAL_REPRESENTATION('',(#6246),#6250);
#6246 = LINE('',#6247,#6248);
#6247 = CARTESIAN_POINT('',(241.77846003324,-758.3378124567));
#6248 = VECTOR('',#6249,1.);
#6249 = DIRECTION('',(0.,1.));
#6250 = ( GEOMETRIC_REPRESENTATION_CONTEXT(2) 
PARAMETRIC_REPRESENTATION_CONTEXT() REPRESENTATION_CONTEXT('2D SPACE',''
  ) );
#6251 = PCURVE('',#5887,#6252);
#6252 = DEFINITIONAL_REPRESENTATION('',(#6253),#6257);
#6253 = LINE('',#6254,#6255);
#6254 = CARTESIAN_POINT('',(0.,-50.));
#6255 = VECTOR('',#6256,1.);
#6256 = DIRECTION('',(1.,0.));
#6257 = ( GEOMETRIC_REPRESENTATION_CONTEXT(2) 
PARAMETRIC_REPRESENTATION_CONTEXT() REPRESENTATION_CONTEXT('2D SPACE',''
  ) );
#6258 = ADVANCED_FACE('',(#6259),#5887,.F.);
#6259 = FACE_BOUND('',#6260,.F.);
#6260 = EDGE_LOOP('',(#6261,#6262,#6281,#6282));
#6261 = ORIENTED_EDGE('',*,*,#6125,.F.);
#6262 = ORIENTED_EDGE('',*,*,#6263,.T.);
#6263 = EDGE_CURVE('',#6100,#6218,#6264,.T.);
#6264 = SURFACE_CURVE('',#6265,(#6269,#6275),.PCURVE_S1.);
#6265 = LINE('',#6266,#6267);
#6266 = CARTESIAN_POINT('',(3.2745E+03,-687.8870238915,630.));
#6267 = VECTOR('',#6268,1.);
#6268 = DIRECTION('',(1.,0.,0.));
#6269 = PCURVE('',#5887,#6270);
#6270 = DEFINITIONAL_REPRESENTATION('',(#6271),#6274);
#6271 = B_SPLINE_CURVE_WITH_KNOTS('',1,(#6272,#6273),.UNSPECIFIED.,.F.,
  .F.,(2,2),(0.5,50.5),.PIECEWISE_BEZIER_KNOTS.);
#6272 = CARTESIAN_POINT('',(1.446224836348E+03,0.));
#6273 = CARTESIAN_POINT('',(1.446224836348E+03,-50.));
#6274 = ( GEOMETRIC_REPRESENTATION_CONTEXT(2) 
PARAMETRIC_REPRESENTATION_CONTEXT() REPRESENTATION_CONTEXT('2D SPACE',''
  ) );
#6275 = PCURVE('',#6114,#6276);
#6276 = DEFINITIONAL_REPRESENTATION('',(#6277),#6280);
#6277 = B_SPLINE_CURVE_WITH_KNOTS('',1,(#6278,#6279),.UNSPECIFIED.,.F.,
  .F.,(2,2),(0.5,50.5),.PIECEWISE_BEZIER_KNOTS.);
#6278 = CARTESIAN_POINT('',(140.90157713052,-1.));
#6279 = CARTESIAN_POINT('',(140.90157713052,-51.));
#6280 = ( GEOMETRIC_REPRESENTATION_CONTEXT(2) 
PARAMETRIC_REPRESENTATION_CONTEXT() REPRESENTATION_CONTEXT('2D SPACE',''
  ) );
#6281 = ORIENTED_EDGE('',*,*,#6238,.T.);
#6282 = ORIENTED_EDGE('',*,*,#5869,.F.);
#6283 = ADVANCED_FACE('',(#6284),#5985,.F.);
#6284 = FACE_BOUND('',#6285,.F.);
#6285 = EDGE_LOOP('',(#6286,#6287,#6288,#6289));
#6286 = ORIENTED_EDGE('',*,*,#6024,.F.);
#6287 = ORIENTED_EDGE('',*,*,#5969,.T.);
#6288 = ORIENTED_EDGE('',*,*,#6152,.T.);
#6289 = ORIENTED_EDGE('',*,*,#6290,.T.);
#6290 = EDGE_CURVE('',#6153,#6025,#6291,.T.);
#6291 = SURFACE_CURVE('',#6292,(#6296,#6302),.PCURVE_S1.);
#6292 = LINE('',#6293,#6294);
#6293 = CARTESIAN_POINT('',(3.2745E+03,687.88702389151,630.));
#6294 = VECTOR('',#6295,1.);
#6295 = DIRECTION('',(-1.,-0.,-0.));
#6296 = PCURVE('',#5985,#6297);
#6297 = DEFINITIONAL_REPRESENTATION('',(#6298),#6301);
#6298 = B_SPLINE_CURVE_WITH_KNOTS('',1,(#6299,#6300),.UNSPECIFIED.,.F.,
  .F.,(2,2),(-50.5,-0.5),.PIECEWISE_BEZIER_KNOTS.);
#6299 = CARTESIAN_POINT('',(70.450788565263,-50.));
#6300 = CARTESIAN_POINT('',(70.450788565263,0.));
#6301 = ( GEOMETRIC_REPRESENTATION_CONTEXT(2) 
PARAMETRIC_REPRESENTATION_CONTEXT() REPRESENTATION_CONTEXT('2D SPACE',''
  ) );
#6302 = PCURVE('',#6062,#6303);
#6303 = DEFINITIONAL_REPRESENTATION('',(#6304),#6307);
#6304 = B_SPLINE_CURVE_WITH_KNOTS('',1,(#6305,#6306),.UNSPECIFIED.,.F.,
  .F.,(2,2),(-50.5,-0.5),.PIECEWISE_BEZIER_KNOTS.);
#6305 = CARTESIAN_POINT('',(639.92799613447,-51.));
#6306 = CARTESIAN_POINT('',(639.92799613447,-1.));
#6307 = ( GEOMETRIC_REPRESENTATION_CONTEXT(2) 
PARAMETRIC_REPRESENTATION_CONTEXT() REPRESENTATION_CONTEXT('2D SPACE',''
  ) );
#6308 = ADVANCED_FACE('',(#6309),#6114,.T.);
#6309 = FACE_BOUND('',#6310,.T.);
#6310 = EDGE_LOOP('',(#6311,#6332,#6333,#6334));
#6311 = ORIENTED_EDGE('',*,*,#6312,.F.);
#6312 = EDGE_CURVE('',#6074,#6197,#6313,.T.);
#6313 = SURFACE_CURVE('',#6314,(#6318,#6325),.PCURVE_S1.);
#6314 = LINE('',#6315,#6316);
#6315 = CARTESIAN_POINT('',(3.274E+03,-352.5024085069,85.));
#6316 = VECTOR('',#6317,1.);
#6317 = DIRECTION('',(1.,0.,0.));
#6318 = PCURVE('',#6114,#6319);
#6319 = DEFINITIONAL_REPRESENTATION('',(#6320),#6324);
#6320 = LINE('',#6321,#6322);
#6321 = CARTESIAN_POINT('',(780.829573265,0.));
#6322 = VECTOR('',#6323,1.);
#6323 = DIRECTION('',(0.,-1.));
#6324 = ( GEOMETRIC_REPRESENTATION_CONTEXT(2) 
PARAMETRIC_REPRESENTATION_CONTEXT() REPRESENTATION_CONTEXT('2D SPACE',''
  ) );
#6325 = PCURVE('',#6088,#6326);
#6326 = DEFINITIONAL_REPRESENTATION('',(#6327),#6331);
#6327 = LINE('',#6328,#6329);
#6328 = CARTESIAN_POINT('',(0.,0.));
#6329 = VECTOR('',#6330,1.);
#6330 = DIRECTION('',(0.,-1.));
#6331 = ( GEOMETRIC_REPRESENTATION_CONTEXT(2) 
PARAMETRIC_REPRESENTATION_CONTEXT() REPRESENTATION_CONTEXT('2D SPACE',''
  ) );
#6332 = ORIENTED_EDGE('',*,*,#6099,.T.);
#6333 = ORIENTED_EDGE('',*,*,#6263,.T.);
#6334 = ORIENTED_EDGE('',*,*,#6217,.F.);
#6335 = ADVANCED_FACE('',(#6336),#6088,.T.);
#6336 = FACE_BOUND('',#6337,.T.);
#6337 = EDGE_LOOP('',(#6338,#6339,#6340,#6341));
#6338 = ORIENTED_EDGE('',*,*,#6073,.T.);
#6339 = ORIENTED_EDGE('',*,*,#6312,.T.);
#6340 = ORIENTED_EDGE('',*,*,#6196,.F.);
#6341 = ORIENTED_EDGE('',*,*,#6342,.F.);
#6342 = EDGE_CURVE('',#6048,#6176,#6343,.T.);
#6343 = SURFACE_CURVE('',#6344,(#6348,#6355),.PCURVE_S1.);
#6344 = LINE('',#6345,#6346);
#6345 = CARTESIAN_POINT('',(3.274E+03,352.5024085069,85.));
#6346 = VECTOR('',#6347,1.);
#6347 = DIRECTION('',(1.,0.,0.));
#6348 = PCURVE('',#6088,#6349);
#6349 = DEFINITIONAL_REPRESENTATION('',(#6350),#6354);
#6350 = LINE('',#6351,#6352);
#6351 = CARTESIAN_POINT('',(705.0048170138,0.));
#6352 = VECTOR('',#6353,1.);
#6353 = DIRECTION('',(0.,-1.));
#6354 = ( GEOMETRIC_REPRESENTATION_CONTEXT(2) 
PARAMETRIC_REPRESENTATION_CONTEXT() REPRESENTATION_CONTEXT('2D SPACE',''
  ) );
#6355 = PCURVE('',#6062,#6356);
#6356 = DEFINITIONAL_REPRESENTATION('',(#6357),#6361);
#6357 = LINE('',#6358,#6359);
#6358 = CARTESIAN_POINT('',(0.,0.));
#6359 = VECTOR('',#6360,1.);
#6360 = DIRECTION('',(0.,-1.));
#6361 = ( GEOMETRIC_REPRESENTATION_CONTEXT(2) 
PARAMETRIC_REPRESENTATION_CONTEXT() REPRESENTATION_CONTEXT('2D SPACE',''
  ) );
#6362 = ADVANCED_FACE('',(#6363),#6062,.T.);
#6363 = FACE_BOUND('',#6364,.T.);
#6364 = EDGE_LOOP('',(#6365,#6366,#6367,#6368));
#6365 = ORIENTED_EDGE('',*,*,#6047,.T.);
#6366 = ORIENTED_EDGE('',*,*,#6342,.T.);
#6367 = ORIENTED_EDGE('',*,*,#6175,.F.);
#6368 = ORIENTED_EDGE('',*,*,#6290,.T.);
#6369 = MANIFOLD_SOLID_BREP('',#6370);
#6370 = CLOSED_SHELL('',(#6371,#6491,#6567,#6643,#6771,#6884,#6909,#6934
    ,#6961,#6988));
#6371 = ADVANCED_FACE('',(#6372),#6386,.F.);
#6372 = FACE_BOUND('',#6373,.F.);
#6373 = EDGE_LOOP('',(#6374,#6409,#6437,#6465));
#6374 = ORIENTED_EDGE('',*,*,#6375,.T.);
#6375 = EDGE_CURVE('',#6376,#6378,#6380,.T.);
#6376 = VERTEX_POINT('',#6377);
#6377 = CARTESIAN_POINT('',(3.875E+03,-386.030120149,25.));
#6378 = VERTEX_POINT('',#6379);
#6379 = CARTESIAN_POINT('',(3.925E+03,-386.030120149,25.));
#6380 = SURFACE_CURVE('',#6381,(#6385,#6397),.PCURVE_S1.);
#6381 = LINE('',#6382,#6383);
#6382 = CARTESIAN_POINT('',(3.875E+03,-386.030120149,25.));
#6383 = VECTOR('',#6384,1.);
#6384 = DIRECTION('',(1.,0.,0.));
#6385 = PCURVE('',#6386,#6391);
#6386 = PLANE('',#6387);
#6387 = AXIS2_PLACEMENT_3D('',#6388,#6389,#6390);
#6388 = CARTESIAN_POINT('',(3.875E+03,-386.030120149,25.));
#6389 = DIRECTION('',(0.,0.,1.));
#6390 = DIRECTION('',(0.,1.,0.));
#6391 = DEFINITIONAL_REPRESENTATION('',(#6392),#6396);
#6392 = LINE('',#6393,#6394);
#6393 = CARTESIAN_POINT('',(0.,0.));
#6394 = VECTOR('',#6395,1.);
#6395 = DIRECTION('',(0.,-1.));
#6396 = ( GEOMETRIC_REPRESENTATION_CONTEXT(2) 
PARAMETRIC_REPRESENTATION_CONTEXT() REPRESENTATION_CONTEXT('2D SPACE',''
  ) );
#6397 = PCURVE('',#6398,#6403);
#6398 = PLANE('',#6399);
#6399 = AXIS2_PLACEMENT_3D('',#6400,#6401,#6402);
#6400 = CARTESIAN_POINT('',(3.875E+03,-758.3378124567,630.));
#6401 = DIRECTION('',(-0.,0.851658316705,0.524097425664));
#6402 = DIRECTION('',(0.,0.524097425664,-0.851658316705));
#6403 = DEFINITIONAL_REPRESENTATION('',(#6404),#6408);
#6404 = LINE('',#6405,#6406);
#6405 = CARTESIAN_POINT('',(710.37878469974,0.));
#6406 = VECTOR('',#6407,1.);
#6407 = DIRECTION('',(0.,-1.));
#6408 = ( GEOMETRIC_REPRESENTATION_CONTEXT(2) 
PARAMETRIC_REPRESENTATION_CONTEXT() REPRESENTATION_CONTEXT('2D SPACE',''
  ) );
#6409 = ORIENTED_EDGE('',*,*,#6410,.T.);
#6410 = EDGE_CURVE('',#6378,#6411,#6413,.T.);
#6411 = VERTEX_POINT('',#6412);
#6412 = CARTESIAN_POINT('',(3.925E+03,386.03012014908,25.));
#6413 = SURFACE_CURVE('',#6414,(#6418,#6425),.PCURVE_S1.);
#6414 = LINE('',#6415,#6416);
#6415 = CARTESIAN_POINT('',(3.925E+03,-386.030120149,25.));
#6416 = VECTOR('',#6417,1.);
#6417 = DIRECTION('',(0.,1.,0.));
#6418 = PCURVE('',#6386,#6419);
#6419 = DEFINITIONAL_REPRESENTATION('',(#6420),#6424);
#6420 = LINE('',#6421,#6422);
#6421 = CARTESIAN_POINT('',(0.,-50.));
#6422 = VECTOR('',#6423,1.);
#6423 = DIRECTION('',(1.,0.));
#6424 = ( GEOMETRIC_REPRESENTATION_CONTEXT(2) 
PARAMETRIC_REPRESENTATION_CONTEXT() REPRESENTATION_CONTEXT('2D SPACE',''
  ) );
#6425 = PCURVE('',#6426,#6431);
#6426 = PLANE('',#6427);
#6427 = AXIS2_PLACEMENT_3D('',#6428,#6429,#6430);
#6428 = CARTESIAN_POINT('',(3.925E+03,-7.84576950189E-15,388.22153996675
    ));
#6429 = DIRECTION('',(1.,0.,0.));
#6430 = DIRECTION('',(-0.,0.,1.));
#6431 = DEFINITIONAL_REPRESENTATION('',(#6432),#6436);
#6432 = LINE('',#6433,#6434);
#6433 = CARTESIAN_POINT('',(-363.2215399667,386.03012014908));
#6434 = VECTOR('',#6435,1.);
#6435 = DIRECTION('',(0.,-1.));
#6436 = ( GEOMETRIC_REPRESENTATION_CONTEXT(2) 
PARAMETRIC_REPRESENTATION_CONTEXT() REPRESENTATION_CONTEXT('2D SPACE',''
  ) );
#6437 = ORIENTED_EDGE('',*,*,#6438,.F.);
#6438 = EDGE_CURVE('',#6439,#6411,#6441,.T.);
#6439 = VERTEX_POINT('',#6440);
#6440 = CARTESIAN_POINT('',(3.875E+03,386.03012014908,25.));
#6441 = SURFACE_CURVE('',#6442,(#6446,#6453),.PCURVE_S1.);
#6442 = LINE('',#6443,#6444);
#6443 = CARTESIAN_POINT('',(3.875E+03,386.03012014908,25.));
#6444 = VECTOR('',#6445,1.);
#6445 = DIRECTION('',(1.,0.,0.));
#6446 = PCURVE('',#6386,#6447);
#6447 = DEFINITIONAL_REPRESENTATION('',(#6448),#6452);
#6448 = LINE('',#6449,#6450);
#6449 = CARTESIAN_POINT('',(772.06024029817,0.));
#6450 = VECTOR('',#6451,1.);
#6451 = DIRECTION('',(0.,-1.));
#6452 = ( GEOMETRIC_REPRESENTATION_CONTEXT(2) 
PARAMETRIC_REPRESENTATION_CONTEXT() REPRESENTATION_CONTEXT('2D SPACE',''
  ) );
#6453 = PCURVE('',#6454,#6459);
#6454 = PLANE('',#6455);
#6455 = AXIS2_PLACEMENT_3D('',#6456,#6457,#6458);
#6456 = CARTESIAN_POINT('',(3.875E+03,386.03012014908,25.));
#6457 = DIRECTION('',(0.,-0.851658316705,0.524097425664));
#6458 = DIRECTION('',(0.,0.524097425664,0.851658316705));
#6459 = DEFINITIONAL_REPRESENTATION('',(#6460),#6464);
#6460 = LINE('',#6461,#6462);
#6461 = CARTESIAN_POINT('',(0.,0.));
#6462 = VECTOR('',#6463,1.);
#6463 = DIRECTION('',(0.,-1.));
#6464 = ( GEOMETRIC_REPRESENTATION_CONTEXT(2) 
PARAMETRIC_REPRESENTATION_CONTEXT() REPRESENTATION_CONTEXT('2D SPACE',''
  ) );
#6465 = ORIENTED_EDGE('',*,*,#6466,.F.);
#6466 = EDGE_CURVE('',#6376,#6439,#6467,.T.);
#6467 = SURFACE_CURVE('',#6468,(#6472,#6479),.PCURVE_S1.);
#6468 = LINE('',#6469,#6470);
#6469 = CARTESIAN_POINT('',(3.875E+03,-386.030120149,25.));
#6470 = VECTOR('',#6471,1.);
#6471 = DIRECTION('',(0.,1.,0.));
#6472 = PCURVE('',#6386,#6473);
#6473 = DEFINITIONAL_REPRESENTATION('',(#6474),#6478);
#6474 = LINE('',#6475,#6476);
#6475 = CARTESIAN_POINT('',(0.,0.));
#6476 = VECTOR('',#6477,1.);
#6477 = DIRECTION('',(1.,0.));
#6478 = ( GEOMETRIC_REPRESENTATION_CONTEXT(2) 
PARAMETRIC_REPRESENTATION_CONTEXT() REPRESENTATION_CONTEXT('2D SPACE',''
  ) );
#6479 = PCURVE('',#6480,#6485);
#6480 = PLANE('',#6481);
#6481 = AXIS2_PLACEMENT_3D('',#6482,#6483,#6484);
#6482 = CARTESIAN_POINT('',(3.875E+03,-7.84576950189E-15,388.22153996675
    ));
#6483 = DIRECTION('',(1.,0.,0.));
#6484 = DIRECTION('',(-0.,0.,1.));
#6485 = DEFINITIONAL_REPRESENTATION('',(#6486),#6490);
#6486 = LINE('',#6487,#6488);
#6487 = CARTESIAN_POINT('',(-363.2215399667,386.03012014908));
#6488 = VECTOR('',#6489,1.);
#6489 = DIRECTION('',(0.,-1.));
#6490 = ( GEOMETRIC_REPRESENTATION_CONTEXT(2) 
PARAMETRIC_REPRESENTATION_CONTEXT() REPRESENTATION_CONTEXT('2D SPACE',''
  ) );
#6491 = ADVANCED_FACE('',(#6492),#6398,.F.);
#6492 = FACE_BOUND('',#6493,.F.);
#6493 = EDGE_LOOP('',(#6494,#6524,#6545,#6546));
#6494 = ORIENTED_EDGE('',*,*,#6495,.T.);
#6495 = EDGE_CURVE('',#6496,#6498,#6500,.T.);
#6496 = VERTEX_POINT('',#6497);
#6497 = CARTESIAN_POINT('',(3.875E+03,-758.3378124567,630.));
#6498 = VERTEX_POINT('',#6499);
#6499 = CARTESIAN_POINT('',(3.925E+03,-758.3378124567,630.));
#6500 = SURFACE_CURVE('',#6501,(#6505,#6512),.PCURVE_S1.);
#6501 = LINE('',#6502,#6503);
#6502 = CARTESIAN_POINT('',(3.875E+03,-758.3378124567,630.));
#6503 = VECTOR('',#6504,1.);
#6504 = DIRECTION('',(1.,0.,0.));
#6505 = PCURVE('',#6398,#6506);
#6506 = DEFINITIONAL_REPRESENTATION('',(#6507),#6511);
#6507 = LINE('',#6508,#6509);
#6508 = CARTESIAN_POINT('',(0.,0.));
#6509 = VECTOR('',#6510,1.);
#6510 = DIRECTION('',(0.,-1.));
#6511 = ( GEOMETRIC_REPRESENTATION_CONTEXT(2) 
PARAMETRIC_REPRESENTATION_CONTEXT() REPRESENTATION_CONTEXT('2D SPACE',''
  ) );
#6512 = PCURVE('',#6513,#6518);
#6513 = PLANE('',#6514);
#6514 = AXIS2_PLACEMENT_3D('',#6515,#6516,#6517);
#6515 = CARTESIAN_POINT('',(3.875E+03,758.33781245678,630.));
#6516 = DIRECTION('',(0.,0.,-1.));
#6517 = DIRECTION('',(0.,-1.,0.));
#6518 = DEFINITIONAL_REPRESENTATION('',(#6519),#6523);
#6519 = LINE('',#6520,#6521);
#6520 = CARTESIAN_POINT('',(1.516675624914E+03,0.));
#6521 = VECTOR('',#6522,1.);
#6522 = DIRECTION('',(0.,-1.));
#6523 = ( GEOMETRIC_REPRESENTATION_CONTEXT(2) 
PARAMETRIC_REPRESENTATION_CONTEXT() REPRESENTATION_CONTEXT('2D SPACE',''
  ) );
#6524 = ORIENTED_EDGE('',*,*,#6525,.T.);
#6525 = EDGE_CURVE('',#6498,#6378,#6526,.T.);
#6526 = SURFACE_CURVE('',#6527,(#6531,#6538),.PCURVE_S1.);
#6527 = LINE('',#6528,#6529);
#6528 = CARTESIAN_POINT('',(3.925E+03,-758.3378124567,630.));
#6529 = VECTOR('',#6530,1.);
#6530 = DIRECTION('',(0.,0.524097425664,-0.851658316705));
#6531 = PCURVE('',#6398,#6532);
#6532 = DEFINITIONAL_REPRESENTATION('',(#6533),#6537);
#6533 = LINE('',#6534,#6535);
#6534 = CARTESIAN_POINT('',(0.,-50.));
#6535 = VECTOR('',#6536,1.);
#6536 = DIRECTION('',(1.,0.));
#6537 = ( GEOMETRIC_REPRESENTATION_CONTEXT(2) 
PARAMETRIC_REPRESENTATION_CONTEXT() REPRESENTATION_CONTEXT('2D SPACE',''
  ) );
#6538 = PCURVE('',#6426,#6539);
#6539 = DEFINITIONAL_REPRESENTATION('',(#6540),#6544);
#6540 = LINE('',#6541,#6542);
#6541 = CARTESIAN_POINT('',(241.77846003324,758.33781245678));
#6542 = VECTOR('',#6543,1.);
#6543 = DIRECTION('',(-0.851658316705,-0.524097425664));
#6544 = ( GEOMETRIC_REPRESENTATION_CONTEXT(2) 
PARAMETRIC_REPRESENTATION_CONTEXT() REPRESENTATION_CONTEXT('2D SPACE',''
  ) );
#6545 = ORIENTED_EDGE('',*,*,#6375,.F.);
#6546 = ORIENTED_EDGE('',*,*,#6547,.F.);
#6547 = EDGE_CURVE('',#6496,#6376,#6548,.T.);
#6548 = SURFACE_CURVE('',#6549,(#6553,#6560),.PCURVE_S1.);
#6549 = LINE('',#6550,#6551);
#6550 = CARTESIAN_POINT('',(3.875E+03,-758.3378124567,630.));
#6551 = VECTOR('',#6552,1.);
#6552 = DIRECTION('',(0.,0.524097425664,-0.851658316705));
#6553 = PCURVE('',#6398,#6554);
#6554 = DEFINITIONAL_REPRESENTATION('',(#6555),#6559);
#6555 = LINE('',#6556,#6557);
#6556 = CARTESIAN_POINT('',(0.,0.));
#6557 = VECTOR('',#6558,1.);
#6558 = DIRECTION('',(1.,0.));
#6559 = ( GEOMETRIC_REPRESENTATION_CONTEXT(2) 
PARAMETRIC_REPRESENTATION_CONTEXT() REPRESENTATION_CONTEXT('2D SPACE',''
  ) );
#6560 = PCURVE('',#6480,#6561);
#6561 = DEFINITIONAL_REPRESENTATION('',(#6562),#6566);
#6562 = LINE('',#6563,#6564);
#6563 = CARTESIAN_POINT('',(241.77846003324,758.33781245678));
#6564 = VECTOR('',#6565,1.);
#6565 = DIRECTION('',(-0.851658316705,-0.524097425664));
#6566 = ( GEOMETRIC_REPRESENTATION_CONTEXT(2) 
PARAMETRIC_REPRESENTATION_CONTEXT() REPRESENTATION_CONTEXT('2D SPACE',''
  ) );
#6567 = ADVANCED_FACE('',(#6568),#6454,.F.);
#6568 = FACE_BOUND('',#6569,.F.);
#6569 = EDGE_LOOP('',(#6570,#6571,#6594,#6622));
#6570 = ORIENTED_EDGE('',*,*,#6438,.T.);
#6571 = ORIENTED_EDGE('',*,*,#6572,.T.);
#6572 = EDGE_CURVE('',#6411,#6573,#6575,.T.);
#6573 = VERTEX_POINT('',#6574);
#6574 = CARTESIAN_POINT('',(3.925E+03,758.33781245678,630.));
#6575 = SURFACE_CURVE('',#6576,(#6580,#6587),.PCURVE_S1.);
#6576 = LINE('',#6577,#6578);
#6577 = CARTESIAN_POINT('',(3.925E+03,386.03012014908,25.));
#6578 = VECTOR('',#6579,1.);
#6579 = DIRECTION('',(0.,0.524097425664,0.851658316705));
#6580 = PCURVE('',#6454,#6581);
#6581 = DEFINITIONAL_REPRESENTATION('',(#6582),#6586);
#6582 = LINE('',#6583,#6584);
#6583 = CARTESIAN_POINT('',(0.,-50.));
#6584 = VECTOR('',#6585,1.);
#6585 = DIRECTION('',(1.,0.));
#6586 = ( GEOMETRIC_REPRESENTATION_CONTEXT(2) 
PARAMETRIC_REPRESENTATION_CONTEXT() REPRESENTATION_CONTEXT('2D SPACE',''
  ) );
#6587 = PCURVE('',#6426,#6588);
#6588 = DEFINITIONAL_REPRESENTATION('',(#6589),#6593);
#6589 = LINE('',#6590,#6591);
#6590 = CARTESIAN_POINT('',(-363.2215399667,-386.030120149));
#6591 = VECTOR('',#6592,1.);
#6592 = DIRECTION('',(0.851658316705,-0.524097425664));
#6593 = ( GEOMETRIC_REPRESENTATION_CONTEXT(2) 
PARAMETRIC_REPRESENTATION_CONTEXT() REPRESENTATION_CONTEXT('2D SPACE',''
  ) );
#6594 = ORIENTED_EDGE('',*,*,#6595,.F.);
#6595 = EDGE_CURVE('',#6596,#6573,#6598,.T.);
#6596 = VERTEX_POINT('',#6597);
#6597 = CARTESIAN_POINT('',(3.875E+03,758.33781245678,630.));
#6598 = SURFACE_CURVE('',#6599,(#6603,#6610),.PCURVE_S1.);
#6599 = LINE('',#6600,#6601);
#6600 = CARTESIAN_POINT('',(3.875E+03,758.33781245678,630.));
#6601 = VECTOR('',#6602,1.);
#6602 = DIRECTION('',(1.,0.,0.));
#6603 = PCURVE('',#6454,#6604);
#6604 = DEFINITIONAL_REPRESENTATION('',(#6605),#6609);
#6605 = LINE('',#6606,#6607);
#6606 = CARTESIAN_POINT('',(710.37878469974,0.));
#6607 = VECTOR('',#6608,1.);
#6608 = DIRECTION('',(0.,-1.));
#6609 = ( GEOMETRIC_REPRESENTATION_CONTEXT(2) 
PARAMETRIC_REPRESENTATION_CONTEXT() REPRESENTATION_CONTEXT('2D SPACE',''
  ) );
#6610 = PCURVE('',#6611,#6616);
#6611 = PLANE('',#6612);
#6612 = AXIS2_PLACEMENT_3D('',#6613,#6614,#6615);
#6613 = CARTESIAN_POINT('',(3.875E+03,758.33781245678,630.));
#6614 = DIRECTION('',(0.,0.,-1.));
#6615 = DIRECTION('',(0.,-1.,0.));
#6616 = DEFINITIONAL_REPRESENTATION('',(#6617),#6621);
#6617 = LINE('',#6618,#6619);
#6618 = CARTESIAN_POINT('',(0.,-0.));
#6619 = VECTOR('',#6620,1.);
#6620 = DIRECTION('',(0.,-1.));
#6621 = ( GEOMETRIC_REPRESENTATION_CONTEXT(2) 
PARAMETRIC_REPRESENTATION_CONTEXT() REPRESENTATION_CONTEXT('2D SPACE',''
  ) );
#6622 = ORIENTED_EDGE('',*,*,#6623,.F.);
#6623 = EDGE_CURVE('',#6439,#6596,#6624,.T.);
#6624 = SURFACE_CURVE('',#6625,(#6629,#6636),.PCURVE_S1.);
#6625 = LINE('',#6626,#6627);
#6626 = CARTESIAN_POINT('',(3.875E+03,386.03012014908,25.));
#6627 = VECTOR('',#6628,1.);
#6628 = DIRECTION('',(0.,0.524097425664,0.851658316705));
#6629 = PCURVE('',#6454,#6630);
#6630 = DEFINITIONAL_REPRESENTATION('',(#6631),#6635);
#6631 = LINE('',#6632,#6633);
#6632 = CARTESIAN_POINT('',(0.,0.));
#6633 = VECTOR('',#6634,1.);
#6634 = DIRECTION('',(1.,0.));
#6635 = ( GEOMETRIC_REPRESENTATION_CONTEXT(2) 
PARAMETRIC_REPRESENTATION_CONTEXT() REPRESENTATION_CONTEXT('2D SPACE',''
  ) );
#6636 = PCURVE('',#6480,#6637);
#6637 = DEFINITIONAL_REPRESENTATION('',(#6638),#6642);
#6638 = LINE('',#6639,#6640);
#6639 = CARTESIAN_POINT('',(-363.2215399667,-386.030120149));
#6640 = VECTOR('',#6641,1.);
#6641 = DIRECTION('',(0.851658316705,-0.524097425664));
#6642 = ( GEOMETRIC_REPRESENTATION_CONTEXT(2) 
PARAMETRIC_REPRESENTATION_CONTEXT() REPRESENTATION_CONTEXT('2D SPACE',''
  ) );
#6643 = ADVANCED_FACE('',(#6644),#6480,.F.);
#6644 = FACE_BOUND('',#6645,.F.);
#6645 = EDGE_LOOP('',(#6646,#6647,#6648,#6649,#6672,#6698,#6724,#6750));
#6646 = ORIENTED_EDGE('',*,*,#6547,.T.);
#6647 = ORIENTED_EDGE('',*,*,#6466,.T.);
#6648 = ORIENTED_EDGE('',*,*,#6623,.T.);
#6649 = ORIENTED_EDGE('',*,*,#6650,.T.);
#6650 = EDGE_CURVE('',#6596,#6651,#6653,.T.);
#6651 = VERTEX_POINT('',#6652);
#6652 = CARTESIAN_POINT('',(3.875E+03,687.88702389151,630.));
#6653 = SURFACE_CURVE('',#6654,(#6658,#6665),.PCURVE_S1.);
#6654 = LINE('',#6655,#6656);
#6655 = CARTESIAN_POINT('',(3.875E+03,758.33781245678,630.));
#6656 = VECTOR('',#6657,1.);
#6657 = DIRECTION('',(0.,-1.,0.));
#6658 = PCURVE('',#6480,#6659);
#6659 = DEFINITIONAL_REPRESENTATION('',(#6660),#6664);
#6660 = LINE('',#6661,#6662);
#6661 = CARTESIAN_POINT('',(241.77846003324,-758.3378124567));
#6662 = VECTOR('',#6663,1.);
#6663 = DIRECTION('',(0.,1.));
#6664 = ( GEOMETRIC_REPRESENTATION_CONTEXT(2) 
PARAMETRIC_REPRESENTATION_CONTEXT() REPRESENTATION_CONTEXT('2D SPACE',''
  ) );
#6665 = PCURVE('',#6611,#6666);
#6666 = DEFINITIONAL_REPRESENTATION('',(#6667),#6671);
#6667 = LINE('',#6668,#6669);
#6668 = CARTESIAN_POINT('',(0.,-0.));
#6669 = VECTOR('',#6670,1.);
#6670 = DIRECTION('',(1.,0.));
#6671 = ( GEOMETRIC_REPRESENTATION_CONTEXT(2) 
PARAMETRIC_REPRESENTATION_CONTEXT() REPRESENTATION_CONTEXT('2D SPACE',''
  ) );
#6672 = ORIENTED_EDGE('',*,*,#6673,.T.);
#6673 = EDGE_CURVE('',#6651,#6674,#6676,.T.);
#6674 = VERTEX_POINT('',#6675);
#6675 = CARTESIAN_POINT('',(3.875E+03,352.5024085069,85.));
#6676 = SURFACE_CURVE('',#6677,(#6681,#6687),.PCURVE_S1.);
#6677 = LINE('',#6678,#6679);
#6678 = CARTESIAN_POINT('',(3.875E+03,371.76182055003,116.29654457009));
#6679 = VECTOR('',#6680,1.);
#6680 = DIRECTION('',(0.,-0.524097425664,-0.851658316705));
#6681 = PCURVE('',#6480,#6682);
#6682 = DEFINITIONAL_REPRESENTATION('',(#6683),#6686);
#6683 = B_SPLINE_CURVE_WITH_KNOTS('',1,(#6684,#6685),.UNSPECIFIED.,.F.,
  .F.,(2,2),(-603.1802253956,36.74777073885),.PIECEWISE_BEZIER_KNOTS.);
#6684 = CARTESIAN_POINT('',(241.77846003324,-687.8870238915));
#6685 = CARTESIAN_POINT('',(-303.2215399667,-352.5024085069));
#6686 = ( GEOMETRIC_REPRESENTATION_CONTEXT(2) 
PARAMETRIC_REPRESENTATION_CONTEXT() REPRESENTATION_CONTEXT('2D SPACE',''
  ) );
#6687 = PCURVE('',#6688,#6693);
#6688 = PLANE('',#6689);
#6689 = AXIS2_PLACEMENT_3D('',#6690,#6691,#6692);
#6690 = CARTESIAN_POINT('',(3.874E+03,352.5024085069,85.));
#6691 = DIRECTION('',(0.,-0.851658316705,0.524097425664));
#6692 = DIRECTION('',(0.,0.524097425664,0.851658316705));
#6693 = DEFINITIONAL_REPRESENTATION('',(#6694),#6697);
#6694 = B_SPLINE_CURVE_WITH_KNOTS('',1,(#6695,#6696),.UNSPECIFIED.,.F.,
  .F.,(2,2),(-603.1802253956,36.74777073885),.PIECEWISE_BEZIER_KNOTS.);
#6695 = CARTESIAN_POINT('',(639.92799613447,-1.));
#6696 = CARTESIAN_POINT('',(0.,-1.));
#6697 = ( GEOMETRIC_REPRESENTATION_CONTEXT(2) 
PARAMETRIC_REPRESENTATION_CONTEXT() REPRESENTATION_CONTEXT('2D SPACE',''
  ) );
#6698 = ORIENTED_EDGE('',*,*,#6699,.T.);
#6699 = EDGE_CURVE('',#6674,#6700,#6702,.T.);
#6700 = VERTEX_POINT('',#6701);
#6701 = CARTESIAN_POINT('',(3.875E+03,-352.5024085069,85.));
#6702 = SURFACE_CURVE('',#6703,(#6707,#6713),.PCURVE_S1.);
#6703 = LINE('',#6704,#6705);
#6704 = CARTESIAN_POINT('',(3.875E+03,-176.2512042534,85.));
#6705 = VECTOR('',#6706,1.);
#6706 = DIRECTION('',(0.,-1.,0.));
#6707 = PCURVE('',#6480,#6708);
#6708 = DEFINITIONAL_REPRESENTATION('',(#6709),#6712);
#6709 = B_SPLINE_CURVE_WITH_KNOTS('',1,(#6710,#6711),.UNSPECIFIED.,.F.,
  .F.,(2,2),(-528.7536127603,176.25120425345),.PIECEWISE_BEZIER_KNOTS.);
#6710 = CARTESIAN_POINT('',(-303.2215399667,-352.5024085069));
#6711 = CARTESIAN_POINT('',(-303.2215399667,352.5024085069));
#6712 = ( GEOMETRIC_REPRESENTATION_CONTEXT(2) 
PARAMETRIC_REPRESENTATION_CONTEXT() REPRESENTATION_CONTEXT('2D SPACE',''
  ) );
#6713 = PCURVE('',#6714,#6719);
#6714 = PLANE('',#6715);
#6715 = AXIS2_PLACEMENT_3D('',#6716,#6717,#6718);
#6716 = CARTESIAN_POINT('',(3.874E+03,-352.5024085069,85.));
#6717 = DIRECTION('',(0.,0.,1.));
#6718 = DIRECTION('',(0.,1.,0.));
#6719 = DEFINITIONAL_REPRESENTATION('',(#6720),#6723);
#6720 = B_SPLINE_CURVE_WITH_KNOTS('',1,(#6721,#6722),.UNSPECIFIED.,.F.,
  .F.,(2,2),(-528.7536127603,176.25120425345),.PIECEWISE_BEZIER_KNOTS.);
#6721 = CARTESIAN_POINT('',(705.0048170138,-1.));
#6722 = CARTESIAN_POINT('',(0.,-1.));
#6723 = ( GEOMETRIC_REPRESENTATION_CONTEXT(2) 
PARAMETRIC_REPRESENTATION_CONTEXT() REPRESENTATION_CONTEXT('2D SPACE',''
  ) );
#6724 = ORIENTED_EDGE('',*,*,#6725,.T.);
#6725 = EDGE_CURVE('',#6700,#6726,#6728,.T.);
#6726 = VERTEX_POINT('',#6727);
#6727 = CARTESIAN_POINT('',(3.875E+03,-687.8870238915,630.));
#6728 = SURFACE_CURVE('',#6729,(#6733,#6739),.PCURVE_S1.);
#6729 = LINE('',#6730,#6731);
#6730 = CARTESIAN_POINT('',(3.875E+03,-576.3772051654,448.79654457009));
#6731 = VECTOR('',#6732,1.);
#6732 = DIRECTION('',(0.,-0.524097425664,0.851658316705));
#6733 = PCURVE('',#6480,#6734);
#6734 = DEFINITIONAL_REPRESENTATION('',(#6735),#6738);
#6735 = B_SPLINE_CURVE_WITH_KNOTS('',1,(#6736,#6737),.UNSPECIFIED.,.F.,
  .F.,(2,2),(-427.1625573713,212.76543876312),.PIECEWISE_BEZIER_KNOTS.);
#6736 = CARTESIAN_POINT('',(-303.2215399667,352.5024085069));
#6737 = CARTESIAN_POINT('',(241.77846003324,687.88702389151));
#6738 = ( GEOMETRIC_REPRESENTATION_CONTEXT(2) 
PARAMETRIC_REPRESENTATION_CONTEXT() REPRESENTATION_CONTEXT('2D SPACE',''
  ) );
#6739 = PCURVE('',#6740,#6745);
#6740 = PLANE('',#6741);
#6741 = AXIS2_PLACEMENT_3D('',#6742,#6743,#6744);
#6742 = CARTESIAN_POINT('',(3.874E+03,-761.7331777376,750.));
#6743 = DIRECTION('',(-0.,0.851658316705,0.524097425664));
#6744 = DIRECTION('',(0.,0.524097425664,-0.851658316705));
#6745 = DEFINITIONAL_REPRESENTATION('',(#6746),#6749);
#6746 = B_SPLINE_CURVE_WITH_KNOTS('',1,(#6747,#6748),.UNSPECIFIED.,.F.,
  .F.,(2,2),(-427.1625573713,212.76543876312),.PIECEWISE_BEZIER_KNOTS.);
#6747 = CARTESIAN_POINT('',(780.829573265,-1.));
#6748 = CARTESIAN_POINT('',(140.90157713052,-1.));
#6749 = ( GEOMETRIC_REPRESENTATION_CONTEXT(2) 
PARAMETRIC_REPRESENTATION_CONTEXT() REPRESENTATION_CONTEXT('2D SPACE',''
  ) );
#6750 = ORIENTED_EDGE('',*,*,#6751,.T.);
#6751 = EDGE_CURVE('',#6726,#6496,#6752,.T.);
#6752 = SURFACE_CURVE('',#6753,(#6757,#6764),.PCURVE_S1.);
#6753 = LINE('',#6754,#6755);
#6754 = CARTESIAN_POINT('',(3.875E+03,758.33781245678,630.));
#6755 = VECTOR('',#6756,1.);
#6756 = DIRECTION('',(0.,-1.,0.));
#6757 = PCURVE('',#6480,#6758);
#6758 = DEFINITIONAL_REPRESENTATION('',(#6759),#6763);
#6759 = LINE('',#6760,#6761);
#6760 = CARTESIAN_POINT('',(241.77846003324,-758.3378124567));
#6761 = VECTOR('',#6762,1.);
#6762 = DIRECTION('',(0.,1.));
#6763 = ( GEOMETRIC_REPRESENTATION_CONTEXT(2) 
PARAMETRIC_REPRESENTATION_CONTEXT() REPRESENTATION_CONTEXT('2D SPACE',''
  ) );
#6764 = PCURVE('',#6513,#6765);
#6765 = DEFINITIONAL_REPRESENTATION('',(#6766),#6770);
#6766 = LINE('',#6767,#6768);
#6767 = CARTESIAN_POINT('',(0.,-0.));
#6768 = VECTOR('',#6769,1.);
#6769 = DIRECTION('',(1.,0.));
#6770 = ( GEOMETRIC_REPRESENTATION_CONTEXT(2) 
PARAMETRIC_REPRESENTATION_CONTEXT() REPRESENTATION_CONTEXT('2D SPACE',''
  ) );
#6771 = ADVANCED_FACE('',(#6772),#6426,.T.);
#6772 = FACE_BOUND('',#6773,.T.);
#6773 = EDGE_LOOP('',(#6774,#6775,#6776,#6777,#6800,#6821,#6842,#6863));
#6774 = ORIENTED_EDGE('',*,*,#6525,.T.);
#6775 = ORIENTED_EDGE('',*,*,#6410,.T.);
#6776 = ORIENTED_EDGE('',*,*,#6572,.T.);
#6777 = ORIENTED_EDGE('',*,*,#6778,.T.);
#6778 = EDGE_CURVE('',#6573,#6779,#6781,.T.);
#6779 = VERTEX_POINT('',#6780);
#6780 = CARTESIAN_POINT('',(3.925E+03,687.88702389151,630.));
#6781 = SURFACE_CURVE('',#6782,(#6786,#6793),.PCURVE_S1.);
#6782 = LINE('',#6783,#6784);
#6783 = CARTESIAN_POINT('',(3.925E+03,758.33781245678,630.));
#6784 = VECTOR('',#6785,1.);
#6785 = DIRECTION('',(0.,-1.,0.));
#6786 = PCURVE('',#6426,#6787);
#6787 = DEFINITIONAL_REPRESENTATION('',(#6788),#6792);
#6788 = LINE('',#6789,#6790);
#6789 = CARTESIAN_POINT('',(241.77846003324,-758.3378124567));
#6790 = VECTOR('',#6791,1.);
#6791 = DIRECTION('',(0.,1.));
#6792 = ( GEOMETRIC_REPRESENTATION_CONTEXT(2) 
PARAMETRIC_REPRESENTATION_CONTEXT() REPRESENTATION_CONTEXT('2D SPACE',''
  ) );
#6793 = PCURVE('',#6611,#6794);
#6794 = DEFINITIONAL_REPRESENTATION('',(#6795),#6799);
#6795 = LINE('',#6796,#6797);
#6796 = CARTESIAN_POINT('',(0.,-50.));
#6797 = VECTOR('',#6798,1.);
#6798 = DIRECTION('',(1.,0.));
#6799 = ( GEOMETRIC_REPRESENTATION_CONTEXT(2) 
PARAMETRIC_REPRESENTATION_CONTEXT() REPRESENTATION_CONTEXT('2D SPACE',''
  ) );
#6800 = ORIENTED_EDGE('',*,*,#6801,.T.);
#6801 = EDGE_CURVE('',#6779,#6802,#6804,.T.);
#6802 = VERTEX_POINT('',#6803);
#6803 = CARTESIAN_POINT('',(3.925E+03,352.5024085069,85.));
#6804 = SURFACE_CURVE('',#6805,(#6809,#6815),.PCURVE_S1.);
#6805 = LINE('',#6806,#6807);
#6806 = CARTESIAN_POINT('',(3.925E+03,371.76182055003,116.29654457009));
#6807 = VECTOR('',#6808,1.);
#6808 = DIRECTION('',(0.,-0.524097425664,-0.851658316705));
#6809 = PCURVE('',#6426,#6810);
#6810 = DEFINITIONAL_REPRESENTATION('',(#6811),#6814);
#6811 = B_SPLINE_CURVE_WITH_KNOTS('',1,(#6812,#6813),.UNSPECIFIED.,.F.,
  .F.,(2,2),(-603.1802253956,36.74777073885),.PIECEWISE_BEZIER_KNOTS.);
#6812 = CARTESIAN_POINT('',(241.77846003324,-687.8870238915));
#6813 = CARTESIAN_POINT('',(-303.2215399667,-352.5024085069));
#6814 = ( GEOMETRIC_REPRESENTATION_CONTEXT(2) 
PARAMETRIC_REPRESENTATION_CONTEXT() REPRESENTATION_CONTEXT('2D SPACE',''
  ) );
#6815 = PCURVE('',#6688,#6816);
#6816 = DEFINITIONAL_REPRESENTATION('',(#6817),#6820);
#6817 = B_SPLINE_CURVE_WITH_KNOTS('',1,(#6818,#6819),.UNSPECIFIED.,.F.,
  .F.,(2,2),(-603.1802253956,36.74777073885),.PIECEWISE_BEZIER_KNOTS.);
#6818 = CARTESIAN_POINT('',(639.92799613447,-51.));
#6819 = CARTESIAN_POINT('',(0.,-51.));
#6820 = ( GEOMETRIC_REPRESENTATION_CONTEXT(2) 
PARAMETRIC_REPRESENTATION_CONTEXT() REPRESENTATION_CONTEXT('2D SPACE',''
  ) );
#6821 = ORIENTED_EDGE('',*,*,#6822,.T.);
#6822 = EDGE_CURVE('',#6802,#6823,#6825,.T.);
#6823 = VERTEX_POINT('',#6824);
#6824 = CARTESIAN_POINT('',(3.925E+03,-352.5024085069,85.));
#6825 = SURFACE_CURVE('',#6826,(#6830,#6836),.PCURVE_S1.);
#6826 = LINE('',#6827,#6828);
#6827 = CARTESIAN_POINT('',(3.925E+03,-176.2512042534,85.));
#6828 = VECTOR('',#6829,1.);
#6829 = DIRECTION('',(0.,-1.,0.));
#6830 = PCURVE('',#6426,#6831);
#6831 = DEFINITIONAL_REPRESENTATION('',(#6832),#6835);
#6832 = B_SPLINE_CURVE_WITH_KNOTS('',1,(#6833,#6834),.UNSPECIFIED.,.F.,
  .F.,(2,2),(-528.7536127603,176.25120425345),.PIECEWISE_BEZIER_KNOTS.);
#6833 = CARTESIAN_POINT('',(-303.2215399667,-352.5024085069));
#6834 = CARTESIAN_POINT('',(-303.2215399667,352.5024085069));
#6835 = ( GEOMETRIC_REPRESENTATION_CONTEXT(2) 
PARAMETRIC_REPRESENTATION_CONTEXT() REPRESENTATION_CONTEXT('2D SPACE',''
  ) );
#6836 = PCURVE('',#6714,#6837);
#6837 = DEFINITIONAL_REPRESENTATION('',(#6838),#6841);
#6838 = B_SPLINE_CURVE_WITH_KNOTS('',1,(#6839,#6840),.UNSPECIFIED.,.F.,
  .F.,(2,2),(-528.7536127603,176.25120425345),.PIECEWISE_BEZIER_KNOTS.);
#6839 = CARTESIAN_POINT('',(705.0048170138,-51.));
#6840 = CARTESIAN_POINT('',(0.,-51.));
#6841 = ( GEOMETRIC_REPRESENTATION_CONTEXT(2) 
PARAMETRIC_REPRESENTATION_CONTEXT() REPRESENTATION_CONTEXT('2D SPACE',''
  ) );
#6842 = ORIENTED_EDGE('',*,*,#6843,.T.);
#6843 = EDGE_CURVE('',#6823,#6844,#6846,.T.);
#6844 = VERTEX_POINT('',#6845);
#6845 = CARTESIAN_POINT('',(3.925E+03,-687.8870238915,630.));
#6846 = SURFACE_CURVE('',#6847,(#6851,#6857),.PCURVE_S1.);
#6847 = LINE('',#6848,#6849);
#6848 = CARTESIAN_POINT('',(3.925E+03,-576.3772051654,448.79654457009));
#6849 = VECTOR('',#6850,1.);
#6850 = DIRECTION('',(0.,-0.524097425664,0.851658316705));
#6851 = PCURVE('',#6426,#6852);
#6852 = DEFINITIONAL_REPRESENTATION('',(#6853),#6856);
#6853 = B_SPLINE_CURVE_WITH_KNOTS('',1,(#6854,#6855),.UNSPECIFIED.,.F.,
  .F.,(2,2),(-427.1625573713,212.76543876312),.PIECEWISE_BEZIER_KNOTS.);
#6854 = CARTESIAN_POINT('',(-303.2215399667,352.5024085069));
#6855 = CARTESIAN_POINT('',(241.77846003324,687.88702389151));
#6856 = ( GEOMETRIC_REPRESENTATION_CONTEXT(2) 
PARAMETRIC_REPRESENTATION_CONTEXT() REPRESENTATION_CONTEXT('2D SPACE',''
  ) );
#6857 = PCURVE('',#6740,#6858);
#6858 = DEFINITIONAL_REPRESENTATION('',(#6859),#6862);
#6859 = B_SPLINE_CURVE_WITH_KNOTS('',1,(#6860,#6861),.UNSPECIFIED.,.F.,
  .F.,(2,2),(-427.1625573713,212.76543876312),.PIECEWISE_BEZIER_KNOTS.);
#6860 = CARTESIAN_POINT('',(780.829573265,-51.));
#6861 = CARTESIAN_POINT('',(140.90157713052,-51.));
#6862 = ( GEOMETRIC_REPRESENTATION_CONTEXT(2) 
PARAMETRIC_REPRESENTATION_CONTEXT() REPRESENTATION_CONTEXT('2D SPACE',''
  ) );
#6863 = ORIENTED_EDGE('',*,*,#6864,.T.);
#6864 = EDGE_CURVE('',#6844,#6498,#6865,.T.);
#6865 = SURFACE_CURVE('',#6866,(#6870,#6877),.PCURVE_S1.);
#6866 = LINE('',#6867,#6868);
#6867 = CARTESIAN_POINT('',(3.925E+03,758.33781245678,630.));
#6868 = VECTOR('',#6869,1.);
#6869 = DIRECTION('',(0.,-1.,0.));
#6870 = PCURVE('',#6426,#6871);
#6871 = DEFINITIONAL_REPRESENTATION('',(#6872),#6876);
#6872 = LINE('',#6873,#6874);
#6873 = CARTESIAN_POINT('',(241.77846003324,-758.3378124567));
#6874 = VECTOR('',#6875,1.);
#6875 = DIRECTION('',(0.,1.));
#6876 = ( GEOMETRIC_REPRESENTATION_CONTEXT(2) 
PARAMETRIC_REPRESENTATION_CONTEXT() REPRESENTATION_CONTEXT('2D SPACE',''
  ) );
#6877 = PCURVE('',#6513,#6878);
#6878 = DEFINITIONAL_REPRESENTATION('',(#6879),#6883);
#6879 = LINE('',#6880,#6881);
#6880 = CARTESIAN_POINT('',(0.,-50.));
#6881 = VECTOR('',#6882,1.);
#6882 = DIRECTION('',(1.,0.));
#6883 = ( GEOMETRIC_REPRESENTATION_CONTEXT(2) 
PARAMETRIC_REPRESENTATION_CONTEXT() REPRESENTATION_CONTEXT('2D SPACE',''
  ) );
#6884 = ADVANCED_FACE('',(#6885),#6513,.F.);
#6885 = FACE_BOUND('',#6886,.F.);
#6886 = EDGE_LOOP('',(#6887,#6888,#6907,#6908));
#6887 = ORIENTED_EDGE('',*,*,#6751,.F.);
#6888 = ORIENTED_EDGE('',*,*,#6889,.T.);
#6889 = EDGE_CURVE('',#6726,#6844,#6890,.T.);
#6890 = SURFACE_CURVE('',#6891,(#6895,#6901),.PCURVE_S1.);
#6891 = LINE('',#6892,#6893);
#6892 = CARTESIAN_POINT('',(3.8745E+03,-687.8870238915,630.));
#6893 = VECTOR('',#6894,1.);
#6894 = DIRECTION('',(1.,0.,0.));
#6895 = PCURVE('',#6513,#6896);
#6896 = DEFINITIONAL_REPRESENTATION('',(#6897),#6900);
#6897 = B_SPLINE_CURVE_WITH_KNOTS('',1,(#6898,#6899),.UNSPECIFIED.,.F.,
  .F.,(2,2),(0.5,50.5),.PIECEWISE_BEZIER_KNOTS.);
#6898 = CARTESIAN_POINT('',(1.446224836348E+03,0.));
#6899 = CARTESIAN_POINT('',(1.446224836348E+03,-50.));
#6900 = ( GEOMETRIC_REPRESENTATION_CONTEXT(2) 
PARAMETRIC_REPRESENTATION_CONTEXT() REPRESENTATION_CONTEXT('2D SPACE',''
  ) );
#6901 = PCURVE('',#6740,#6902);
#6902 = DEFINITIONAL_REPRESENTATION('',(#6903),#6906);
#6903 = B_SPLINE_CURVE_WITH_KNOTS('',1,(#6904,#6905),.UNSPECIFIED.,.F.,
  .F.,(2,2),(0.5,50.5),.PIECEWISE_BEZIER_KNOTS.);
#6904 = CARTESIAN_POINT('',(140.90157713052,-1.));
#6905 = CARTESIAN_POINT('',(140.90157713052,-51.));
#6906 = ( GEOMETRIC_REPRESENTATION_CONTEXT(2) 
PARAMETRIC_REPRESENTATION_CONTEXT() REPRESENTATION_CONTEXT('2D SPACE',''
  ) );
#6907 = ORIENTED_EDGE('',*,*,#6864,.T.);
#6908 = ORIENTED_EDGE('',*,*,#6495,.F.);
#6909 = ADVANCED_FACE('',(#6910),#6611,.F.);
#6910 = FACE_BOUND('',#6911,.F.);
#6911 = EDGE_LOOP('',(#6912,#6913,#6914,#6915));
#6912 = ORIENTED_EDGE('',*,*,#6650,.F.);
#6913 = ORIENTED_EDGE('',*,*,#6595,.T.);
#6914 = ORIENTED_EDGE('',*,*,#6778,.T.);
#6915 = ORIENTED_EDGE('',*,*,#6916,.T.);
#6916 = EDGE_CURVE('',#6779,#6651,#6917,.T.);
#6917 = SURFACE_CURVE('',#6918,(#6922,#6928),.PCURVE_S1.);
#6918 = LINE('',#6919,#6920);
#6919 = CARTESIAN_POINT('',(3.8745E+03,687.88702389151,630.));
#6920 = VECTOR('',#6921,1.);
#6921 = DIRECTION('',(-1.,-0.,-0.));
#6922 = PCURVE('',#6611,#6923);
#6923 = DEFINITIONAL_REPRESENTATION('',(#6924),#6927);
#6924 = B_SPLINE_CURVE_WITH_KNOTS('',1,(#6925,#6926),.UNSPECIFIED.,.F.,
  .F.,(2,2),(-50.5,-0.5),.PIECEWISE_BEZIER_KNOTS.);
#6925 = CARTESIAN_POINT('',(70.450788565263,-50.));
#6926 = CARTESIAN_POINT('',(70.450788565263,0.));
#6927 = ( GEOMETRIC_REPRESENTATION_CONTEXT(2) 
PARAMETRIC_REPRESENTATION_CONTEXT() REPRESENTATION_CONTEXT('2D SPACE',''
  ) );
#6928 = PCURVE('',#6688,#6929);
#6929 = DEFINITIONAL_REPRESENTATION('',(#6930),#6933);
#6930 = B_SPLINE_CURVE_WITH_KNOTS('',1,(#6931,#6932),.UNSPECIFIED.,.F.,
  .F.,(2,2),(-50.5,-0.5),.PIECEWISE_BEZIER_KNOTS.);
#6931 = CARTESIAN_POINT('',(639.92799613447,-51.));
#6932 = CARTESIAN_POINT('',(639.92799613447,-1.));
#6933 = ( GEOMETRIC_REPRESENTATION_CONTEXT(2) 
PARAMETRIC_REPRESENTATION_CONTEXT() REPRESENTATION_CONTEXT('2D SPACE',''
  ) );
#6934 = ADVANCED_FACE('',(#6935),#6740,.T.);
#6935 = FACE_BOUND('',#6936,.T.);
#6936 = EDGE_LOOP('',(#6937,#6958,#6959,#6960));
#6937 = ORIENTED_EDGE('',*,*,#6938,.F.);
#6938 = EDGE_CURVE('',#6700,#6823,#6939,.T.);
#6939 = SURFACE_CURVE('',#6940,(#6944,#6951),.PCURVE_S1.);
#6940 = LINE('',#6941,#6942);
#6941 = CARTESIAN_POINT('',(3.874E+03,-352.5024085069,85.));
#6942 = VECTOR('',#6943,1.);
#6943 = DIRECTION('',(1.,0.,0.));
#6944 = PCURVE('',#6740,#6945);
#6945 = DEFINITIONAL_REPRESENTATION('',(#6946),#6950);
#6946 = LINE('',#6947,#6948);
#6947 = CARTESIAN_POINT('',(780.829573265,0.));
#6948 = VECTOR('',#6949,1.);
#6949 = DIRECTION('',(0.,-1.));
#6950 = ( GEOMETRIC_REPRESENTATION_CONTEXT(2) 
PARAMETRIC_REPRESENTATION_CONTEXT() REPRESENTATION_CONTEXT('2D SPACE',''
  ) );
#6951 = PCURVE('',#6714,#6952);
#6952 = DEFINITIONAL_REPRESENTATION('',(#6953),#6957);
#6953 = LINE('',#6954,#6955);
#6954 = CARTESIAN_POINT('',(0.,0.));
#6955 = VECTOR('',#6956,1.);
#6956 = DIRECTION('',(0.,-1.));
#6957 = ( GEOMETRIC_REPRESENTATION_CONTEXT(2) 
PARAMETRIC_REPRESENTATION_CONTEXT() REPRESENTATION_CONTEXT('2D SPACE',''
  ) );
#6958 = ORIENTED_EDGE('',*,*,#6725,.T.);
#6959 = ORIENTED_EDGE('',*,*,#6889,.T.);
#6960 = ORIENTED_EDGE('',*,*,#6843,.F.);
#6961 = ADVANCED_FACE('',(#6962),#6714,.T.);
#6962 = FACE_BOUND('',#6963,.T.);
#6963 = EDGE_LOOP('',(#6964,#6965,#6966,#6967));
#6964 = ORIENTED_EDGE('',*,*,#6699,.T.);
#6965 = ORIENTED_EDGE('',*,*,#6938,.T.);
#6966 = ORIENTED_EDGE('',*,*,#6822,.F.);
#6967 = ORIENTED_EDGE('',*,*,#6968,.F.);
#6968 = EDGE_CURVE('',#6674,#6802,#6969,.T.);
#6969 = SURFACE_CURVE('',#6970,(#6974,#6981),.PCURVE_S1.);
#6970 = LINE('',#6971,#6972);
#6971 = CARTESIAN_POINT('',(3.874E+03,352.5024085069,85.));
#6972 = VECTOR('',#6973,1.);
#6973 = DIRECTION('',(1.,0.,0.));
#6974 = PCURVE('',#6714,#6975);
#6975 = DEFINITIONAL_REPRESENTATION('',(#6976),#6980);
#6976 = LINE('',#6977,#6978);
#6977 = CARTESIAN_POINT('',(705.0048170138,0.));
#6978 = VECTOR('',#6979,1.);
#6979 = DIRECTION('',(0.,-1.));
#6980 = ( GEOMETRIC_REPRESENTATION_CONTEXT(2) 
PARAMETRIC_REPRESENTATION_CONTEXT() REPRESENTATION_CONTEXT('2D SPACE',''
  ) );
#6981 = PCURVE('',#6688,#6982);
#6982 = DEFINITIONAL_REPRESENTATION('',(#6983),#6987);
#6983 = LINE('',#6984,#6985);
#6984 = CARTESIAN_POINT('',(0.,0.));
#6985 = VECTOR('',#6986,1.);
#6986 = DIRECTION('',(0.,-1.));
#6987 = ( GEOMETRIC_REPRESENTATION_CONTEXT(2) 
PARAMETRIC_REPRESENTATION_CONTEXT() REPRESENTATION_CONTEXT('2D SPACE',''
  ) );
#6988 = ADVANCED_FACE('',(#6989),#6688,.T.);
#6989 = FACE_BOUND('',#6990,.T.);
#6990 = EDGE_LOOP('',(#6991,#6992,#6993,#6994));
#6991 = ORIENTED_EDGE('',*,*,#6673,.T.);
#6992 = ORIENTED_EDGE('',*,*,#6968,.T.);
#6993 = ORIENTED_EDGE('',*,*,#6801,.F.);
#6994 = ORIENTED_EDGE('',*,*,#6916,.T.);
#6995 = MANIFOLD_SOLID_BREP('',#6996);
#6996 = CLOSED_SHELL('',(#6997,#7117,#7193,#7269,#7397,#7510,#7535,#7560
    ,#7587,#7614));
#6997 = ADVANCED_FACE('',(#6998),#7012,.F.);
#6998 = FACE_BOUND('',#6999,.F.);
#6999 = EDGE_LOOP('',(#7000,#7035,#7063,#7091));
#7000 = ORIENTED_EDGE('',*,*,#7001,.T.);
#7001 = EDGE_CURVE('',#7002,#7004,#7006,.T.);
#7002 = VERTEX_POINT('',#7003);
#7003 = CARTESIAN_POINT('',(4.475E+03,-386.030120149,25.));
#7004 = VERTEX_POINT('',#7005);
#7005 = CARTESIAN_POINT('',(4.525E+03,-386.030120149,25.));
#7006 = SURFACE_CURVE('',#7007,(#7011,#7023),.PCURVE_S1.);
#7007 = LINE('',#7008,#7009);
#7008 = CARTESIAN_POINT('',(4.475E+03,-386.030120149,25.));
#7009 = VECTOR('',#7010,1.);
#7010 = DIRECTION('',(1.,0.,0.));
#7011 = PCURVE('',#7012,#7017);
#7012 = PLANE('',#7013);
#7013 = AXIS2_PLACEMENT_3D('',#7014,#7015,#7016);
#7014 = CARTESIAN_POINT('',(4.475E+03,-386.030120149,25.));
#7015 = DIRECTION('',(0.,0.,1.));
#7016 = DIRECTION('',(0.,1.,0.));
#7017 = DEFINITIONAL_REPRESENTATION('',(#7018),#7022);
#7018 = LINE('',#7019,#7020);
#7019 = CARTESIAN_POINT('',(0.,0.));
#7020 = VECTOR('',#7021,1.);
#7021 = DIRECTION('',(0.,-1.));
#7022 = ( GEOMETRIC_REPRESENTATION_CONTEXT(2) 
PARAMETRIC_REPRESENTATION_CONTEXT() REPRESENTATION_CONTEXT('2D SPACE',''
  ) );
#7023 = PCURVE('',#7024,#7029);
#7024 = PLANE('',#7025);
#7025 = AXIS2_PLACEMENT_3D('',#7026,#7027,#7028);
#7026 = CARTESIAN_POINT('',(4.475E+03,-758.3378124567,630.));
#7027 = DIRECTION('',(-0.,0.851658316705,0.524097425664));
#7028 = DIRECTION('',(0.,0.524097425664,-0.851658316705));
#7029 = DEFINITIONAL_REPRESENTATION('',(#7030),#7034);
#7030 = LINE('',#7031,#7032);
#7031 = CARTESIAN_POINT('',(710.37878469974,0.));
#7032 = VECTOR('',#7033,1.);
#7033 = DIRECTION('',(0.,-1.));
#7034 = ( GEOMETRIC_REPRESENTATION_CONTEXT(2) 
PARAMETRIC_REPRESENTATION_CONTEXT() REPRESENTATION_CONTEXT('2D SPACE',''
  ) );
#7035 = ORIENTED_EDGE('',*,*,#7036,.T.);
#7036 = EDGE_CURVE('',#7004,#7037,#7039,.T.);
#7037 = VERTEX_POINT('',#7038);
#7038 = CARTESIAN_POINT('',(4.525E+03,386.03012014908,25.));
#7039 = SURFACE_CURVE('',#7040,(#7044,#7051),.PCURVE_S1.);
#7040 = LINE('',#7041,#7042);
#7041 = CARTESIAN_POINT('',(4.525E+03,-386.030120149,25.));
#7042 = VECTOR('',#7043,1.);
#7043 = DIRECTION('',(0.,1.,0.));
#7044 = PCURVE('',#7012,#7045);
#7045 = DEFINITIONAL_REPRESENTATION('',(#7046),#7050);
#7046 = LINE('',#7047,#7048);
#7047 = CARTESIAN_POINT('',(0.,-50.));
#7048 = VECTOR('',#7049,1.);
#7049 = DIRECTION('',(1.,0.));
#7050 = ( GEOMETRIC_REPRESENTATION_CONTEXT(2) 
PARAMETRIC_REPRESENTATION_CONTEXT() REPRESENTATION_CONTEXT('2D SPACE',''
  ) );
#7051 = PCURVE('',#7052,#7057);
#7052 = PLANE('',#7053);
#7053 = AXIS2_PLACEMENT_3D('',#7054,#7055,#7056);
#7054 = CARTESIAN_POINT('',(4.525E+03,-7.84576950189E-15,388.22153996675
    ));
#7055 = DIRECTION('',(1.,0.,0.));
#7056 = DIRECTION('',(-0.,0.,1.));
#7057 = DEFINITIONAL_REPRESENTATION('',(#7058),#7062);
#7058 = LINE('',#7059,#7060);
#7059 = CARTESIAN_POINT('',(-363.2215399667,386.03012014908));
#7060 = VECTOR('',#7061,1.);
#7061 = DIRECTION('',(0.,-1.));
#7062 = ( GEOMETRIC_REPRESENTATION_CONTEXT(2) 
PARAMETRIC_REPRESENTATION_CONTEXT() REPRESENTATION_CONTEXT('2D SPACE',''
  ) );
#7063 = ORIENTED_EDGE('',*,*,#7064,.F.);
#7064 = EDGE_CURVE('',#7065,#7037,#7067,.T.);
#7065 = VERTEX_POINT('',#7066);
#7066 = CARTESIAN_POINT('',(4.475E+03,386.03012014908,25.));
#7067 = SURFACE_CURVE('',#7068,(#7072,#7079),.PCURVE_S1.);
#7068 = LINE('',#7069,#7070);
#7069 = CARTESIAN_POINT('',(4.475E+03,386.03012014908,25.));
#7070 = VECTOR('',#7071,1.);
#7071 = DIRECTION('',(1.,0.,0.));
#7072 = PCURVE('',#7012,#7073);
#7073 = DEFINITIONAL_REPRESENTATION('',(#7074),#7078);
#7074 = LINE('',#7075,#7076);
#7075 = CARTESIAN_POINT('',(772.06024029817,0.));
#7076 = VECTOR('',#7077,1.);
#7077 = DIRECTION('',(0.,-1.));
#7078 = ( GEOMETRIC_REPRESENTATION_CONTEXT(2) 
PARAMETRIC_REPRESENTATION_CONTEXT() REPRESENTATION_CONTEXT('2D SPACE',''
  ) );
#7079 = PCURVE('',#7080,#7085);
#7080 = PLANE('',#7081);
#7081 = AXIS2_PLACEMENT_3D('',#7082,#7083,#7084);
#7082 = CARTESIAN_POINT('',(4.475E+03,386.03012014908,25.));
#7083 = DIRECTION('',(0.,-0.851658316705,0.524097425664));
#7084 = DIRECTION('',(0.,0.524097425664,0.851658316705));
#7085 = DEFINITIONAL_REPRESENTATION('',(#7086),#7090);
#7086 = LINE('',#7087,#7088);
#7087 = CARTESIAN_POINT('',(0.,0.));
#7088 = VECTOR('',#7089,1.);
#7089 = DIRECTION('',(0.,-1.));
#7090 = ( GEOMETRIC_REPRESENTATION_CONTEXT(2) 
PARAMETRIC_REPRESENTATION_CONTEXT() REPRESENTATION_CONTEXT('2D SPACE',''
  ) );
#7091 = ORIENTED_EDGE('',*,*,#7092,.F.);
#7092 = EDGE_CURVE('',#7002,#7065,#7093,.T.);
#7093 = SURFACE_CURVE('',#7094,(#7098,#7105),.PCURVE_S1.);
#7094 = LINE('',#7095,#7096);
#7095 = CARTESIAN_POINT('',(4.475E+03,-386.030120149,25.));
#7096 = VECTOR('',#7097,1.);
#7097 = DIRECTION('',(0.,1.,0.));
#7098 = PCURVE('',#7012,#7099);
#7099 = DEFINITIONAL_REPRESENTATION('',(#7100),#7104);
#7100 = LINE('',#7101,#7102);
#7101 = CARTESIAN_POINT('',(0.,0.));
#7102 = VECTOR('',#7103,1.);
#7103 = DIRECTION('',(1.,0.));
#7104 = ( GEOMETRIC_REPRESENTATION_CONTEXT(2) 
PARAMETRIC_REPRESENTATION_CONTEXT() REPRESENTATION_CONTEXT('2D SPACE',''
  ) );
#7105 = PCURVE('',#7106,#7111);
#7106 = PLANE('',#7107);
#7107 = AXIS2_PLACEMENT_3D('',#7108,#7109,#7110);
#7108 = CARTESIAN_POINT('',(4.475E+03,-7.84576950189E-15,388.22153996675
    ));
#7109 = DIRECTION('',(1.,0.,0.));
#7110 = DIRECTION('',(-0.,0.,1.));
#7111 = DEFINITIONAL_REPRESENTATION('',(#7112),#7116);
#7112 = LINE('',#7113,#7114);
#7113 = CARTESIAN_POINT('',(-363.2215399667,386.03012014908));
#7114 = VECTOR('',#7115,1.);
#7115 = DIRECTION('',(0.,-1.));
#7116 = ( GEOMETRIC_REPRESENTATION_CONTEXT(2) 
PARAMETRIC_REPRESENTATION_CONTEXT() REPRESENTATION_CONTEXT('2D SPACE',''
  ) );
#7117 = ADVANCED_FACE('',(#7118),#7024,.F.);
#7118 = FACE_BOUND('',#7119,.F.);
#7119 = EDGE_LOOP('',(#7120,#7150,#7171,#7172));
#7120 = ORIENTED_EDGE('',*,*,#7121,.T.);
#7121 = EDGE_CURVE('',#7122,#7124,#7126,.T.);
#7122 = VERTEX_POINT('',#7123);
#7123 = CARTESIAN_POINT('',(4.475E+03,-758.3378124567,630.));
#7124 = VERTEX_POINT('',#7125);
#7125 = CARTESIAN_POINT('',(4.525E+03,-758.3378124567,630.));
#7126 = SURFACE_CURVE('',#7127,(#7131,#7138),.PCURVE_S1.);
#7127 = LINE('',#7128,#7129);
#7128 = CARTESIAN_POINT('',(4.475E+03,-758.3378124567,630.));
#7129 = VECTOR('',#7130,1.);
#7130 = DIRECTION('',(1.,0.,0.));
#7131 = PCURVE('',#7024,#7132);
#7132 = DEFINITIONAL_REPRESENTATION('',(#7133),#7137);
#7133 = LINE('',#7134,#7135);
#7134 = CARTESIAN_POINT('',(0.,0.));
#7135 = VECTOR('',#7136,1.);
#7136 = DIRECTION('',(0.,-1.));
#7137 = ( GEOMETRIC_REPRESENTATION_CONTEXT(2) 
PARAMETRIC_REPRESENTATION_CONTEXT() REPRESENTATION_CONTEXT('2D SPACE',''
  ) );
#7138 = PCURVE('',#7139,#7144);
#7139 = PLANE('',#7140);
#7140 = AXIS2_PLACEMENT_3D('',#7141,#7142,#7143);
#7141 = CARTESIAN_POINT('',(4.475E+03,758.33781245678,630.));
#7142 = DIRECTION('',(0.,0.,-1.));
#7143 = DIRECTION('',(0.,-1.,0.));
#7144 = DEFINITIONAL_REPRESENTATION('',(#7145),#7149);
#7145 = LINE('',#7146,#7147);
#7146 = CARTESIAN_POINT('',(1.516675624914E+03,0.));
#7147 = VECTOR('',#7148,1.);
#7148 = DIRECTION('',(0.,-1.));
#7149 = ( GEOMETRIC_REPRESENTATION_CONTEXT(2) 
PARAMETRIC_REPRESENTATION_CONTEXT() REPRESENTATION_CONTEXT('2D SPACE',''
  ) );
#7150 = ORIENTED_EDGE('',*,*,#7151,.T.);
#7151 = EDGE_CURVE('',#7124,#7004,#7152,.T.);
#7152 = SURFACE_CURVE('',#7153,(#7157,#7164),.PCURVE_S1.);
#7153 = LINE('',#7154,#7155);
#7154 = CARTESIAN_POINT('',(4.525E+03,-758.3378124567,630.));
#7155 = VECTOR('',#7156,1.);
#7156 = DIRECTION('',(0.,0.524097425664,-0.851658316705));
#7157 = PCURVE('',#7024,#7158);
#7158 = DEFINITIONAL_REPRESENTATION('',(#7159),#7163);
#7159 = LINE('',#7160,#7161);
#7160 = CARTESIAN_POINT('',(0.,-50.));
#7161 = VECTOR('',#7162,1.);
#7162 = DIRECTION('',(1.,0.));
#7163 = ( GEOMETRIC_REPRESENTATION_CONTEXT(2) 
PARAMETRIC_REPRESENTATION_CONTEXT() REPRESENTATION_CONTEXT('2D SPACE',''
  ) );
#7164 = PCURVE('',#7052,#7165);
#7165 = DEFINITIONAL_REPRESENTATION('',(#7166),#7170);
#7166 = LINE('',#7167,#7168);
#7167 = CARTESIAN_POINT('',(241.77846003324,758.33781245678));
#7168 = VECTOR('',#7169,1.);
#7169 = DIRECTION('',(-0.851658316705,-0.524097425664));
#7170 = ( GEOMETRIC_REPRESENTATION_CONTEXT(2) 
PARAMETRIC_REPRESENTATION_CONTEXT() REPRESENTATION_CONTEXT('2D SPACE',''
  ) );
#7171 = ORIENTED_EDGE('',*,*,#7001,.F.);
#7172 = ORIENTED_EDGE('',*,*,#7173,.F.);
#7173 = EDGE_CURVE('',#7122,#7002,#7174,.T.);
#7174 = SURFACE_CURVE('',#7175,(#7179,#7186),.PCURVE_S1.);
#7175 = LINE('',#7176,#7177);
#7176 = CARTESIAN_POINT('',(4.475E+03,-758.3378124567,630.));
#7177 = VECTOR('',#7178,1.);
#7178 = DIRECTION('',(0.,0.524097425664,-0.851658316705));
#7179 = PCURVE('',#7024,#7180);
#7180 = DEFINITIONAL_REPRESENTATION('',(#7181),#7185);
#7181 = LINE('',#7182,#7183);
#7182 = CARTESIAN_POINT('',(0.,0.));
#7183 = VECTOR('',#7184,1.);
#7184 = DIRECTION('',(1.,0.));
#7185 = ( GEOMETRIC_REPRESENTATION_CONTEXT(2) 
PARAMETRIC_REPRESENTATION_CONTEXT() REPRESENTATION_CONTEXT('2D SPACE',''
  ) );
#7186 = PCURVE('',#7106,#7187);
#7187 = DEFINITIONAL_REPRESENTATION('',(#7188),#7192);
#7188 = LINE('',#7189,#7190);
#7189 = CARTESIAN_POINT('',(241.77846003324,758.33781245678));
#7190 = VECTOR('',#7191,1.);
#7191 = DIRECTION('',(-0.851658316705,-0.524097425664));
#7192 = ( GEOMETRIC_REPRESENTATION_CONTEXT(2) 
PARAMETRIC_REPRESENTATION_CONTEXT() REPRESENTATION_CONTEXT('2D SPACE',''
  ) );
#7193 = ADVANCED_FACE('',(#7194),#7080,.F.);
#7194 = FACE_BOUND('',#7195,.F.);
#7195 = EDGE_LOOP('',(#7196,#7197,#7220,#7248));
#7196 = ORIENTED_EDGE('',*,*,#7064,.T.);
#7197 = ORIENTED_EDGE('',*,*,#7198,.T.);
#7198 = EDGE_CURVE('',#7037,#7199,#7201,.T.);
#7199 = VERTEX_POINT('',#7200);
#7200 = CARTESIAN_POINT('',(4.525E+03,758.33781245678,630.));
#7201 = SURFACE_CURVE('',#7202,(#7206,#7213),.PCURVE_S1.);
#7202 = LINE('',#7203,#7204);
#7203 = CARTESIAN_POINT('',(4.525E+03,386.03012014908,25.));
#7204 = VECTOR('',#7205,1.);
#7205 = DIRECTION('',(0.,0.524097425664,0.851658316705));
#7206 = PCURVE('',#7080,#7207);
#7207 = DEFINITIONAL_REPRESENTATION('',(#7208),#7212);
#7208 = LINE('',#7209,#7210);
#7209 = CARTESIAN_POINT('',(0.,-50.));
#7210 = VECTOR('',#7211,1.);
#7211 = DIRECTION('',(1.,0.));
#7212 = ( GEOMETRIC_REPRESENTATION_CONTEXT(2) 
PARAMETRIC_REPRESENTATION_CONTEXT() REPRESENTATION_CONTEXT('2D SPACE',''
  ) );
#7213 = PCURVE('',#7052,#7214);
#7214 = DEFINITIONAL_REPRESENTATION('',(#7215),#7219);
#7215 = LINE('',#7216,#7217);
#7216 = CARTESIAN_POINT('',(-363.2215399667,-386.030120149));
#7217 = VECTOR('',#7218,1.);
#7218 = DIRECTION('',(0.851658316705,-0.524097425664));
#7219 = ( GEOMETRIC_REPRESENTATION_CONTEXT(2) 
PARAMETRIC_REPRESENTATION_CONTEXT() REPRESENTATION_CONTEXT('2D SPACE',''
  ) );
#7220 = ORIENTED_EDGE('',*,*,#7221,.F.);
#7221 = EDGE_CURVE('',#7222,#7199,#7224,.T.);
#7222 = VERTEX_POINT('',#7223);
#7223 = CARTESIAN_POINT('',(4.475E+03,758.33781245678,630.));
#7224 = SURFACE_CURVE('',#7225,(#7229,#7236),.PCURVE_S1.);
#7225 = LINE('',#7226,#7227);
#7226 = CARTESIAN_POINT('',(4.475E+03,758.33781245678,630.));
#7227 = VECTOR('',#7228,1.);
#7228 = DIRECTION('',(1.,0.,0.));
#7229 = PCURVE('',#7080,#7230);
#7230 = DEFINITIONAL_REPRESENTATION('',(#7231),#7235);
#7231 = LINE('',#7232,#7233);
#7232 = CARTESIAN_POINT('',(710.37878469974,0.));
#7233 = VECTOR('',#7234,1.);
#7234 = DIRECTION('',(0.,-1.));
#7235 = ( GEOMETRIC_REPRESENTATION_CONTEXT(2) 
PARAMETRIC_REPRESENTATION_CONTEXT() REPRESENTATION_CONTEXT('2D SPACE',''
  ) );
#7236 = PCURVE('',#7237,#7242);
#7237 = PLANE('',#7238);
#7238 = AXIS2_PLACEMENT_3D('',#7239,#7240,#7241);
#7239 = CARTESIAN_POINT('',(4.475E+03,758.33781245678,630.));
#7240 = DIRECTION('',(0.,0.,-1.));
#7241 = DIRECTION('',(0.,-1.,0.));
#7242 = DEFINITIONAL_REPRESENTATION('',(#7243),#7247);
#7243 = LINE('',#7244,#7245);
#7244 = CARTESIAN_POINT('',(0.,-0.));
#7245 = VECTOR('',#7246,1.);
#7246 = DIRECTION('',(0.,-1.));
#7247 = ( GEOMETRIC_REPRESENTATION_CONTEXT(2) 
PARAMETRIC_REPRESENTATION_CONTEXT() REPRESENTATION_CONTEXT('2D SPACE',''
  ) );
#7248 = ORIENTED_EDGE('',*,*,#7249,.F.);
#7249 = EDGE_CURVE('',#7065,#7222,#7250,.T.);
#7250 = SURFACE_CURVE('',#7251,(#7255,#7262),.PCURVE_S1.);
#7251 = LINE('',#7252,#7253);
#7252 = CARTESIAN_POINT('',(4.475E+03,386.03012014908,25.));
#7253 = VECTOR('',#7254,1.);
#7254 = DIRECTION('',(0.,0.524097425664,0.851658316705));
#7255 = PCURVE('',#7080,#7256);
#7256 = DEFINITIONAL_REPRESENTATION('',(#7257),#7261);
#7257 = LINE('',#7258,#7259);
#7258 = CARTESIAN_POINT('',(0.,0.));
#7259 = VECTOR('',#7260,1.);
#7260 = DIRECTION('',(1.,0.));
#7261 = ( GEOMETRIC_REPRESENTATION_CONTEXT(2) 
PARAMETRIC_REPRESENTATION_CONTEXT() REPRESENTATION_CONTEXT('2D SPACE',''
  ) );
#7262 = PCURVE('',#7106,#7263);
#7263 = DEFINITIONAL_REPRESENTATION('',(#7264),#7268);
#7264 = LINE('',#7265,#7266);
#7265 = CARTESIAN_POINT('',(-363.2215399667,-386.030120149));
#7266 = VECTOR('',#7267,1.);
#7267 = DIRECTION('',(0.851658316705,-0.524097425664));
#7268 = ( GEOMETRIC_REPRESENTATION_CONTEXT(2) 
PARAMETRIC_REPRESENTATION_CONTEXT() REPRESENTATION_CONTEXT('2D SPACE',''
  ) );
#7269 = ADVANCED_FACE('',(#7270),#7106,.F.);
#7270 = FACE_BOUND('',#7271,.F.);
#7271 = EDGE_LOOP('',(#7272,#7273,#7274,#7275,#7298,#7324,#7350,#7376));
#7272 = ORIENTED_EDGE('',*,*,#7173,.T.);
#7273 = ORIENTED_EDGE('',*,*,#7092,.T.);
#7274 = ORIENTED_EDGE('',*,*,#7249,.T.);
#7275 = ORIENTED_EDGE('',*,*,#7276,.T.);
#7276 = EDGE_CURVE('',#7222,#7277,#7279,.T.);
#7277 = VERTEX_POINT('',#7278);
#7278 = CARTESIAN_POINT('',(4.475E+03,687.88702389151,630.));
#7279 = SURFACE_CURVE('',#7280,(#7284,#7291),.PCURVE_S1.);
#7280 = LINE('',#7281,#7282);
#7281 = CARTESIAN_POINT('',(4.475E+03,758.33781245678,630.));
#7282 = VECTOR('',#7283,1.);
#7283 = DIRECTION('',(0.,-1.,0.));
#7284 = PCURVE('',#7106,#7285);
#7285 = DEFINITIONAL_REPRESENTATION('',(#7286),#7290);
#7286 = LINE('',#7287,#7288);
#7287 = CARTESIAN_POINT('',(241.77846003324,-758.3378124567));
#7288 = VECTOR('',#7289,1.);
#7289 = DIRECTION('',(0.,1.));
#7290 = ( GEOMETRIC_REPRESENTATION_CONTEXT(2) 
PARAMETRIC_REPRESENTATION_CONTEXT() REPRESENTATION_CONTEXT('2D SPACE',''
  ) );
#7291 = PCURVE('',#7237,#7292);
#7292 = DEFINITIONAL_REPRESENTATION('',(#7293),#7297);
#7293 = LINE('',#7294,#7295);
#7294 = CARTESIAN_POINT('',(0.,-0.));
#7295 = VECTOR('',#7296,1.);
#7296 = DIRECTION('',(1.,0.));
#7297 = ( GEOMETRIC_REPRESENTATION_CONTEXT(2) 
PARAMETRIC_REPRESENTATION_CONTEXT() REPRESENTATION_CONTEXT('2D SPACE',''
  ) );
#7298 = ORIENTED_EDGE('',*,*,#7299,.T.);
#7299 = EDGE_CURVE('',#7277,#7300,#7302,.T.);
#7300 = VERTEX_POINT('',#7301);
#7301 = CARTESIAN_POINT('',(4.475E+03,352.5024085069,85.));
#7302 = SURFACE_CURVE('',#7303,(#7307,#7313),.PCURVE_S1.);
#7303 = LINE('',#7304,#7305);
#7304 = CARTESIAN_POINT('',(4.475E+03,371.76182055003,116.29654457009));
#7305 = VECTOR('',#7306,1.);
#7306 = DIRECTION('',(0.,-0.524097425664,-0.851658316705));
#7307 = PCURVE('',#7106,#7308);
#7308 = DEFINITIONAL_REPRESENTATION('',(#7309),#7312);
#7309 = B_SPLINE_CURVE_WITH_KNOTS('',1,(#7310,#7311),.UNSPECIFIED.,.F.,
  .F.,(2,2),(-603.1802253956,36.74777073885),.PIECEWISE_BEZIER_KNOTS.);
#7310 = CARTESIAN_POINT('',(241.77846003324,-687.8870238915));
#7311 = CARTESIAN_POINT('',(-303.2215399667,-352.5024085069));
#7312 = ( GEOMETRIC_REPRESENTATION_CONTEXT(2) 
PARAMETRIC_REPRESENTATION_CONTEXT() REPRESENTATION_CONTEXT('2D SPACE',''
  ) );
#7313 = PCURVE('',#7314,#7319);
#7314 = PLANE('',#7315);
#7315 = AXIS2_PLACEMENT_3D('',#7316,#7317,#7318);
#7316 = CARTESIAN_POINT('',(4.474E+03,352.5024085069,85.));
#7317 = DIRECTION('',(0.,-0.851658316705,0.524097425664));
#7318 = DIRECTION('',(0.,0.524097425664,0.851658316705));
#7319 = DEFINITIONAL_REPRESENTATION('',(#7320),#7323);
#7320 = B_SPLINE_CURVE_WITH_KNOTS('',1,(#7321,#7322),.UNSPECIFIED.,.F.,
  .F.,(2,2),(-603.1802253956,36.74777073885),.PIECEWISE_BEZIER_KNOTS.);
#7321 = CARTESIAN_POINT('',(639.92799613447,-0.999999999999));
#7322 = CARTESIAN_POINT('',(0.,-0.999999999999));
#7323 = ( GEOMETRIC_REPRESENTATION_CONTEXT(2) 
PARAMETRIC_REPRESENTATION_CONTEXT() REPRESENTATION_CONTEXT('2D SPACE',''
  ) );
#7324 = ORIENTED_EDGE('',*,*,#7325,.T.);
#7325 = EDGE_CURVE('',#7300,#7326,#7328,.T.);
#7326 = VERTEX_POINT('',#7327);
#7327 = CARTESIAN_POINT('',(4.475E+03,-352.5024085069,85.));
#7328 = SURFACE_CURVE('',#7329,(#7333,#7339),.PCURVE_S1.);
#7329 = LINE('',#7330,#7331);
#7330 = CARTESIAN_POINT('',(4.475E+03,-176.2512042534,85.));
#7331 = VECTOR('',#7332,1.);
#7332 = DIRECTION('',(0.,-1.,0.));
#7333 = PCURVE('',#7106,#7334);
#7334 = DEFINITIONAL_REPRESENTATION('',(#7335),#7338);
#7335 = B_SPLINE_CURVE_WITH_KNOTS('',1,(#7336,#7337),.UNSPECIFIED.,.F.,
  .F.,(2,2),(-528.7536127603,176.25120425345),.PIECEWISE_BEZIER_KNOTS.);
#7336 = CARTESIAN_POINT('',(-303.2215399667,-352.5024085069));
#7337 = CARTESIAN_POINT('',(-303.2215399667,352.5024085069));
#7338 = ( GEOMETRIC_REPRESENTATION_CONTEXT(2) 
PARAMETRIC_REPRESENTATION_CONTEXT() REPRESENTATION_CONTEXT('2D SPACE',''
  ) );
#7339 = PCURVE('',#7340,#7345);
#7340 = PLANE('',#7341);
#7341 = AXIS2_PLACEMENT_3D('',#7342,#7343,#7344);
#7342 = CARTESIAN_POINT('',(4.474E+03,-352.5024085069,85.));
#7343 = DIRECTION('',(0.,0.,1.));
#7344 = DIRECTION('',(0.,1.,0.));
#7345 = DEFINITIONAL_REPRESENTATION('',(#7346),#7349);
#7346 = B_SPLINE_CURVE_WITH_KNOTS('',1,(#7347,#7348),.UNSPECIFIED.,.F.,
  .F.,(2,2),(-528.7536127603,176.25120425345),.PIECEWISE_BEZIER_KNOTS.);
#7347 = CARTESIAN_POINT('',(705.0048170138,-0.999999999999));
#7348 = CARTESIAN_POINT('',(0.,-0.999999999999));
#7349 = ( GEOMETRIC_REPRESENTATION_CONTEXT(2) 
PARAMETRIC_REPRESENTATION_CONTEXT() REPRESENTATION_CONTEXT('2D SPACE',''
  ) );
#7350 = ORIENTED_EDGE('',*,*,#7351,.T.);
#7351 = EDGE_CURVE('',#7326,#7352,#7354,.T.);
#7352 = VERTEX_POINT('',#7353);
#7353 = CARTESIAN_POINT('',(4.475E+03,-687.8870238915,630.));
#7354 = SURFACE_CURVE('',#7355,(#7359,#7365),.PCURVE_S1.);
#7355 = LINE('',#7356,#7357);
#7356 = CARTESIAN_POINT('',(4.475E+03,-576.3772051654,448.79654457009));
#7357 = VECTOR('',#7358,1.);
#7358 = DIRECTION('',(0.,-0.524097425664,0.851658316705));
#7359 = PCURVE('',#7106,#7360);
#7360 = DEFINITIONAL_REPRESENTATION('',(#7361),#7364);
#7361 = B_SPLINE_CURVE_WITH_KNOTS('',1,(#7362,#7363),.UNSPECIFIED.,.F.,
  .F.,(2,2),(-427.1625573713,212.76543876312),.PIECEWISE_BEZIER_KNOTS.);
#7362 = CARTESIAN_POINT('',(-303.2215399667,352.5024085069));
#7363 = CARTESIAN_POINT('',(241.77846003324,687.88702389151));
#7364 = ( GEOMETRIC_REPRESENTATION_CONTEXT(2) 
PARAMETRIC_REPRESENTATION_CONTEXT() REPRESENTATION_CONTEXT('2D SPACE',''
  ) );
#7365 = PCURVE('',#7366,#7371);
#7366 = PLANE('',#7367);
#7367 = AXIS2_PLACEMENT_3D('',#7368,#7369,#7370);
#7368 = CARTESIAN_POINT('',(4.474E+03,-761.7331777376,750.));
#7369 = DIRECTION('',(-0.,0.851658316705,0.524097425664));
#7370 = DIRECTION('',(0.,0.524097425664,-0.851658316705));
#7371 = DEFINITIONAL_REPRESENTATION('',(#7372),#7375);
#7372 = B_SPLINE_CURVE_WITH_KNOTS('',1,(#7373,#7374),.UNSPECIFIED.,.F.,
  .F.,(2,2),(-427.1625573713,212.76543876312),.PIECEWISE_BEZIER_KNOTS.);
#7373 = CARTESIAN_POINT('',(780.829573265,-0.999999999999));
#7374 = CARTESIAN_POINT('',(140.90157713052,-0.999999999999));
#7375 = ( GEOMETRIC_REPRESENTATION_CONTEXT(2) 
PARAMETRIC_REPRESENTATION_CONTEXT() REPRESENTATION_CONTEXT('2D SPACE',''
  ) );
#7376 = ORIENTED_EDGE('',*,*,#7377,.T.);
#7377 = EDGE_CURVE('',#7352,#7122,#7378,.T.);
#7378 = SURFACE_CURVE('',#7379,(#7383,#7390),.PCURVE_S1.);
#7379 = LINE('',#7380,#7381);
#7380 = CARTESIAN_POINT('',(4.475E+03,758.33781245678,630.));
#7381 = VECTOR('',#7382,1.);
#7382 = DIRECTION('',(0.,-1.,0.));
#7383 = PCURVE('',#7106,#7384);
#7384 = DEFINITIONAL_REPRESENTATION('',(#7385),#7389);
#7385 = LINE('',#7386,#7387);
#7386 = CARTESIAN_POINT('',(241.77846003324,-758.3378124567));
#7387 = VECTOR('',#7388,1.);
#7388 = DIRECTION('',(0.,1.));
#7389 = ( GEOMETRIC_REPRESENTATION_CONTEXT(2) 
PARAMETRIC_REPRESENTATION_CONTEXT() REPRESENTATION_CONTEXT('2D SPACE',''
  ) );
#7390 = PCURVE('',#7139,#7391);
#7391 = DEFINITIONAL_REPRESENTATION('',(#7392),#7396);
#7392 = LINE('',#7393,#7394);
#7393 = CARTESIAN_POINT('',(0.,-0.));
#7394 = VECTOR('',#7395,1.);
#7395 = DIRECTION('',(1.,0.));
#7396 = ( GEOMETRIC_REPRESENTATION_CONTEXT(2) 
PARAMETRIC_REPRESENTATION_CONTEXT() REPRESENTATION_CONTEXT('2D SPACE',''
  ) );
#7397 = ADVANCED_FACE('',(#7398),#7052,.T.);
#7398 = FACE_BOUND('',#7399,.T.);
#7399 = EDGE_LOOP('',(#7400,#7401,#7402,#7403,#7426,#7447,#7468,#7489));
#7400 = ORIENTED_EDGE('',*,*,#7151,.T.);
#7401 = ORIENTED_EDGE('',*,*,#7036,.T.);
#7402 = ORIENTED_EDGE('',*,*,#7198,.T.);
#7403 = ORIENTED_EDGE('',*,*,#7404,.T.);
#7404 = EDGE_CURVE('',#7199,#7405,#7407,.T.);
#7405 = VERTEX_POINT('',#7406);
#7406 = CARTESIAN_POINT('',(4.525E+03,687.88702389151,630.));
#7407 = SURFACE_CURVE('',#7408,(#7412,#7419),.PCURVE_S1.);
#7408 = LINE('',#7409,#7410);
#7409 = CARTESIAN_POINT('',(4.525E+03,758.33781245678,630.));
#7410 = VECTOR('',#7411,1.);
#7411 = DIRECTION('',(0.,-1.,0.));
#7412 = PCURVE('',#7052,#7413);
#7413 = DEFINITIONAL_REPRESENTATION('',(#7414),#7418);
#7414 = LINE('',#7415,#7416);
#7415 = CARTESIAN_POINT('',(241.77846003324,-758.3378124567));
#7416 = VECTOR('',#7417,1.);
#7417 = DIRECTION('',(0.,1.));
#7418 = ( GEOMETRIC_REPRESENTATION_CONTEXT(2) 
PARAMETRIC_REPRESENTATION_CONTEXT() REPRESENTATION_CONTEXT('2D SPACE',''
  ) );
#7419 = PCURVE('',#7237,#7420);
#7420 = DEFINITIONAL_REPRESENTATION('',(#7421),#7425);
#7421 = LINE('',#7422,#7423);
#7422 = CARTESIAN_POINT('',(0.,-50.));
#7423 = VECTOR('',#7424,1.);
#7424 = DIRECTION('',(1.,0.));
#7425 = ( GEOMETRIC_REPRESENTATION_CONTEXT(2) 
PARAMETRIC_REPRESENTATION_CONTEXT() REPRESENTATION_CONTEXT('2D SPACE',''
  ) );
#7426 = ORIENTED_EDGE('',*,*,#7427,.T.);
#7427 = EDGE_CURVE('',#7405,#7428,#7430,.T.);
#7428 = VERTEX_POINT('',#7429);
#7429 = CARTESIAN_POINT('',(4.525E+03,352.5024085069,85.));
#7430 = SURFACE_CURVE('',#7431,(#7435,#7441),.PCURVE_S1.);
#7431 = LINE('',#7432,#7433);
#7432 = CARTESIAN_POINT('',(4.525E+03,371.76182055003,116.29654457009));
#7433 = VECTOR('',#7434,1.);
#7434 = DIRECTION('',(0.,-0.524097425664,-0.851658316705));
#7435 = PCURVE('',#7052,#7436);
#7436 = DEFINITIONAL_REPRESENTATION('',(#7437),#7440);
#7437 = B_SPLINE_CURVE_WITH_KNOTS('',1,(#7438,#7439),.UNSPECIFIED.,.F.,
  .F.,(2,2),(-603.1802253956,36.74777073885),.PIECEWISE_BEZIER_KNOTS.);
#7438 = CARTESIAN_POINT('',(241.77846003324,-687.8870238915));
#7439 = CARTESIAN_POINT('',(-303.2215399667,-352.5024085069));
#7440 = ( GEOMETRIC_REPRESENTATION_CONTEXT(2) 
PARAMETRIC_REPRESENTATION_CONTEXT() REPRESENTATION_CONTEXT('2D SPACE',''
  ) );
#7441 = PCURVE('',#7314,#7442);
#7442 = DEFINITIONAL_REPRESENTATION('',(#7443),#7446);
#7443 = B_SPLINE_CURVE_WITH_KNOTS('',1,(#7444,#7445),.UNSPECIFIED.,.F.,
  .F.,(2,2),(-603.1802253956,36.74777073885),.PIECEWISE_BEZIER_KNOTS.);
#7444 = CARTESIAN_POINT('',(639.92799613447,-50.99999999999));
#7445 = CARTESIAN_POINT('',(0.,-50.99999999999));
#7446 = ( GEOMETRIC_REPRESENTATION_CONTEXT(2) 
PARAMETRIC_REPRESENTATION_CONTEXT() REPRESENTATION_CONTEXT('2D SPACE',''
  ) );
#7447 = ORIENTED_EDGE('',*,*,#7448,.T.);
#7448 = EDGE_CURVE('',#7428,#7449,#7451,.T.);
#7449 = VERTEX_POINT('',#7450);
#7450 = CARTESIAN_POINT('',(4.525E+03,-352.5024085069,85.));
#7451 = SURFACE_CURVE('',#7452,(#7456,#7462),.PCURVE_S1.);
#7452 = LINE('',#7453,#7454);
#7453 = CARTESIAN_POINT('',(4.525E+03,-176.2512042534,85.));
#7454 = VECTOR('',#7455,1.);
#7455 = DIRECTION('',(0.,-1.,0.));
#7456 = PCURVE('',#7052,#7457);
#7457 = DEFINITIONAL_REPRESENTATION('',(#7458),#7461);
#7458 = B_SPLINE_CURVE_WITH_KNOTS('',1,(#7459,#7460),.UNSPECIFIED.,.F.,
  .F.,(2,2),(-528.7536127603,176.25120425345),.PIECEWISE_BEZIER_KNOTS.);
#7459 = CARTESIAN_POINT('',(-303.2215399667,-352.5024085069));
#7460 = CARTESIAN_POINT('',(-303.2215399667,352.5024085069));
#7461 = ( GEOMETRIC_REPRESENTATION_CONTEXT(2) 
PARAMETRIC_REPRESENTATION_CONTEXT() REPRESENTATION_CONTEXT('2D SPACE',''
  ) );
#7462 = PCURVE('',#7340,#7463);
#7463 = DEFINITIONAL_REPRESENTATION('',(#7464),#7467);
#7464 = B_SPLINE_CURVE_WITH_KNOTS('',1,(#7465,#7466),.UNSPECIFIED.,.F.,
  .F.,(2,2),(-528.7536127603,176.25120425345),.PIECEWISE_BEZIER_KNOTS.);
#7465 = CARTESIAN_POINT('',(705.0048170138,-50.99999999999));
#7466 = CARTESIAN_POINT('',(0.,-50.99999999999));
#7467 = ( GEOMETRIC_REPRESENTATION_CONTEXT(2) 
PARAMETRIC_REPRESENTATION_CONTEXT() REPRESENTATION_CONTEXT('2D SPACE',''
  ) );
#7468 = ORIENTED_EDGE('',*,*,#7469,.T.);
#7469 = EDGE_CURVE('',#7449,#7470,#7472,.T.);
#7470 = VERTEX_POINT('',#7471);
#7471 = CARTESIAN_POINT('',(4.525E+03,-687.8870238915,630.));
#7472 = SURFACE_CURVE('',#7473,(#7477,#7483),.PCURVE_S1.);
#7473 = LINE('',#7474,#7475);
#7474 = CARTESIAN_POINT('',(4.525E+03,-576.3772051654,448.79654457009));
#7475 = VECTOR('',#7476,1.);
#7476 = DIRECTION('',(0.,-0.524097425664,0.851658316705));
#7477 = PCURVE('',#7052,#7478);
#7478 = DEFINITIONAL_REPRESENTATION('',(#7479),#7482);
#7479 = B_SPLINE_CURVE_WITH_KNOTS('',1,(#7480,#7481),.UNSPECIFIED.,.F.,
  .F.,(2,2),(-427.1625573713,212.76543876312),.PIECEWISE_BEZIER_KNOTS.);
#7480 = CARTESIAN_POINT('',(-303.2215399667,352.5024085069));
#7481 = CARTESIAN_POINT('',(241.77846003324,687.88702389151));
#7482 = ( GEOMETRIC_REPRESENTATION_CONTEXT(2) 
PARAMETRIC_REPRESENTATION_CONTEXT() REPRESENTATION_CONTEXT('2D SPACE',''
  ) );
#7483 = PCURVE('',#7366,#7484);
#7484 = DEFINITIONAL_REPRESENTATION('',(#7485),#7488);
#7485 = B_SPLINE_CURVE_WITH_KNOTS('',1,(#7486,#7487),.UNSPECIFIED.,.F.,
  .F.,(2,2),(-427.1625573713,212.76543876312),.PIECEWISE_BEZIER_KNOTS.);
#7486 = CARTESIAN_POINT('',(780.829573265,-50.99999999999));
#7487 = CARTESIAN_POINT('',(140.90157713052,-50.99999999999));
#7488 = ( GEOMETRIC_REPRESENTATION_CONTEXT(2) 
PARAMETRIC_REPRESENTATION_CONTEXT() REPRESENTATION_CONTEXT('2D SPACE',''
  ) );
#7489 = ORIENTED_EDGE('',*,*,#7490,.T.);
#7490 = EDGE_CURVE('',#7470,#7124,#7491,.T.);
#7491 = SURFACE_CURVE('',#7492,(#7496,#7503),.PCURVE_S1.);
#7492 = LINE('',#7493,#7494);
#7493 = CARTESIAN_POINT('',(4.525E+03,758.33781245678,630.));
#7494 = VECTOR('',#7495,1.);
#7495 = DIRECTION('',(0.,-1.,0.));
#7496 = PCURVE('',#7052,#7497);
#7497 = DEFINITIONAL_REPRESENTATION('',(#7498),#7502);
#7498 = LINE('',#7499,#7500);
#7499 = CARTESIAN_POINT('',(241.77846003324,-758.3378124567));
#7500 = VECTOR('',#7501,1.);
#7501 = DIRECTION('',(0.,1.));
#7502 = ( GEOMETRIC_REPRESENTATION_CONTEXT(2) 
PARAMETRIC_REPRESENTATION_CONTEXT() REPRESENTATION_CONTEXT('2D SPACE',''
  ) );
#7503 = PCURVE('',#7139,#7504);
#7504 = DEFINITIONAL_REPRESENTATION('',(#7505),#7509);
#7505 = LINE('',#7506,#7507);
#7506 = CARTESIAN_POINT('',(0.,-50.));
#7507 = VECTOR('',#7508,1.);
#7508 = DIRECTION('',(1.,0.));
#7509 = ( GEOMETRIC_REPRESENTATION_CONTEXT(2) 
PARAMETRIC_REPRESENTATION_CONTEXT() REPRESENTATION_CONTEXT('2D SPACE',''
  ) );
#7510 = ADVANCED_FACE('',(#7511),#7139,.F.);
#7511 = FACE_BOUND('',#7512,.F.);
#7512 = EDGE_LOOP('',(#7513,#7514,#7533,#7534));
#7513 = ORIENTED_EDGE('',*,*,#7377,.F.);
#7514 = ORIENTED_EDGE('',*,*,#7515,.T.);
#7515 = EDGE_CURVE('',#7352,#7470,#7516,.T.);
#7516 = SURFACE_CURVE('',#7517,(#7521,#7527),.PCURVE_S1.);
#7517 = LINE('',#7518,#7519);
#7518 = CARTESIAN_POINT('',(4.4745E+03,-687.8870238915,630.));
#7519 = VECTOR('',#7520,1.);
#7520 = DIRECTION('',(1.,0.,0.));
#7521 = PCURVE('',#7139,#7522);
#7522 = DEFINITIONAL_REPRESENTATION('',(#7523),#7526);
#7523 = B_SPLINE_CURVE_WITH_KNOTS('',1,(#7524,#7525),.UNSPECIFIED.,.F.,
  .F.,(2,2),(0.5,50.5),.PIECEWISE_BEZIER_KNOTS.);
#7524 = CARTESIAN_POINT('',(1.446224836348E+03,0.));
#7525 = CARTESIAN_POINT('',(1.446224836348E+03,-50.));
#7526 = ( GEOMETRIC_REPRESENTATION_CONTEXT(2) 
PARAMETRIC_REPRESENTATION_CONTEXT() REPRESENTATION_CONTEXT('2D SPACE',''
  ) );
#7527 = PCURVE('',#7366,#7528);
#7528 = DEFINITIONAL_REPRESENTATION('',(#7529),#7532);
#7529 = B_SPLINE_CURVE_WITH_KNOTS('',1,(#7530,#7531),.UNSPECIFIED.,.F.,
  .F.,(2,2),(0.5,50.5),.PIECEWISE_BEZIER_KNOTS.);
#7530 = CARTESIAN_POINT('',(140.90157713052,-1.));
#7531 = CARTESIAN_POINT('',(140.90157713052,-51.));
#7532 = ( GEOMETRIC_REPRESENTATION_CONTEXT(2) 
PARAMETRIC_REPRESENTATION_CONTEXT() REPRESENTATION_CONTEXT('2D SPACE',''
  ) );
#7533 = ORIENTED_EDGE('',*,*,#7490,.T.);
#7534 = ORIENTED_EDGE('',*,*,#7121,.F.);
#7535 = ADVANCED_FACE('',(#7536),#7237,.F.);
#7536 = FACE_BOUND('',#7537,.F.);
#7537 = EDGE_LOOP('',(#7538,#7539,#7540,#7541));
#7538 = ORIENTED_EDGE('',*,*,#7276,.F.);
#7539 = ORIENTED_EDGE('',*,*,#7221,.T.);
#7540 = ORIENTED_EDGE('',*,*,#7404,.T.);
#7541 = ORIENTED_EDGE('',*,*,#7542,.T.);
#7542 = EDGE_CURVE('',#7405,#7277,#7543,.T.);
#7543 = SURFACE_CURVE('',#7544,(#7548,#7554),.PCURVE_S1.);
#7544 = LINE('',#7545,#7546);
#7545 = CARTESIAN_POINT('',(4.4745E+03,687.88702389151,630.));
#7546 = VECTOR('',#7547,1.);
#7547 = DIRECTION('',(-1.,-0.,-0.));
#7548 = PCURVE('',#7237,#7549);
#7549 = DEFINITIONAL_REPRESENTATION('',(#7550),#7553);
#7550 = B_SPLINE_CURVE_WITH_KNOTS('',1,(#7551,#7552),.UNSPECIFIED.,.F.,
  .F.,(2,2),(-50.5,-0.5),.PIECEWISE_BEZIER_KNOTS.);
#7551 = CARTESIAN_POINT('',(70.450788565263,-50.));
#7552 = CARTESIAN_POINT('',(70.450788565263,0.));
#7553 = ( GEOMETRIC_REPRESENTATION_CONTEXT(2) 
PARAMETRIC_REPRESENTATION_CONTEXT() REPRESENTATION_CONTEXT('2D SPACE',''
  ) );
#7554 = PCURVE('',#7314,#7555);
#7555 = DEFINITIONAL_REPRESENTATION('',(#7556),#7559);
#7556 = B_SPLINE_CURVE_WITH_KNOTS('',1,(#7557,#7558),.UNSPECIFIED.,.F.,
  .F.,(2,2),(-50.5,-0.5),.PIECEWISE_BEZIER_KNOTS.);
#7557 = CARTESIAN_POINT('',(639.92799613447,-51.));
#7558 = CARTESIAN_POINT('',(639.92799613447,-1.));
#7559 = ( GEOMETRIC_REPRESENTATION_CONTEXT(2) 
PARAMETRIC_REPRESENTATION_CONTEXT() REPRESENTATION_CONTEXT('2D SPACE',''
  ) );
#7560 = ADVANCED_FACE('',(#7561),#7366,.T.);
#7561 = FACE_BOUND('',#7562,.T.);
#7562 = EDGE_LOOP('',(#7563,#7584,#7585,#7586));
#7563 = ORIENTED_EDGE('',*,*,#7564,.F.);
#7564 = EDGE_CURVE('',#7326,#7449,#7565,.T.);
#7565 = SURFACE_CURVE('',#7566,(#7570,#7577),.PCURVE_S1.);
#7566 = LINE('',#7567,#7568);
#7567 = CARTESIAN_POINT('',(4.474E+03,-352.5024085069,85.));
#7568 = VECTOR('',#7569,1.);
#7569 = DIRECTION('',(1.,0.,0.));
#7570 = PCURVE('',#7366,#7571);
#7571 = DEFINITIONAL_REPRESENTATION('',(#7572),#7576);
#7572 = LINE('',#7573,#7574);
#7573 = CARTESIAN_POINT('',(780.829573265,0.));
#7574 = VECTOR('',#7575,1.);
#7575 = DIRECTION('',(0.,-1.));
#7576 = ( GEOMETRIC_REPRESENTATION_CONTEXT(2) 
PARAMETRIC_REPRESENTATION_CONTEXT() REPRESENTATION_CONTEXT('2D SPACE',''
  ) );
#7577 = PCURVE('',#7340,#7578);
#7578 = DEFINITIONAL_REPRESENTATION('',(#7579),#7583);
#7579 = LINE('',#7580,#7581);
#7580 = CARTESIAN_POINT('',(0.,0.));
#7581 = VECTOR('',#7582,1.);
#7582 = DIRECTION('',(0.,-1.));
#7583 = ( GEOMETRIC_REPRESENTATION_CONTEXT(2) 
PARAMETRIC_REPRESENTATION_CONTEXT() REPRESENTATION_CONTEXT('2D SPACE',''
  ) );
#7584 = ORIENTED_EDGE('',*,*,#7351,.T.);
#7585 = ORIENTED_EDGE('',*,*,#7515,.T.);
#7586 = ORIENTED_EDGE('',*,*,#7469,.F.);
#7587 = ADVANCED_FACE('',(#7588),#7340,.T.);
#7588 = FACE_BOUND('',#7589,.T.);
#7589 = EDGE_LOOP('',(#7590,#7591,#7592,#7593));
#7590 = ORIENTED_EDGE('',*,*,#7325,.T.);
#7591 = ORIENTED_EDGE('',*,*,#7564,.T.);
#7592 = ORIENTED_EDGE('',*,*,#7448,.F.);
#7593 = ORIENTED_EDGE('',*,*,#7594,.F.);
#7594 = EDGE_CURVE('',#7300,#7428,#7595,.T.);
#7595 = SURFACE_CURVE('',#7596,(#7600,#7607),.PCURVE_S1.);
#7596 = LINE('',#7597,#7598);
#7597 = CARTESIAN_POINT('',(4.474E+03,352.5024085069,85.));
#7598 = VECTOR('',#7599,1.);
#7599 = DIRECTION('',(1.,0.,0.));
#7600 = PCURVE('',#7340,#7601);
#7601 = DEFINITIONAL_REPRESENTATION('',(#7602),#7606);
#7602 = LINE('',#7603,#7604);
#7603 = CARTESIAN_POINT('',(705.0048170138,0.));
#7604 = VECTOR('',#7605,1.);
#7605 = DIRECTION('',(0.,-1.));
#7606 = ( GEOMETRIC_REPRESENTATION_CONTEXT(2) 
PARAMETRIC_REPRESENTATION_CONTEXT() REPRESENTATION_CONTEXT('2D SPACE',''
  ) );
#7607 = PCURVE('',#7314,#7608);
#7608 = DEFINITIONAL_REPRESENTATION('',(#7609),#7613);
#7609 = LINE('',#7610,#7611);
#7610 = CARTESIAN_POINT('',(0.,0.));
#7611 = VECTOR('',#7612,1.);
#7612 = DIRECTION('',(0.,-1.));
#7613 = ( GEOMETRIC_REPRESENTATION_CONTEXT(2) 
PARAMETRIC_REPRESENTATION_CONTEXT() REPRESENTATION_CONTEXT('2D SPACE',''
  ) );
#7614 = ADVANCED_FACE('',(#7615),#7314,.T.);
#7615 = FACE_BOUND('',#7616,.T.);
#7616 = EDGE_LOOP('',(#7617,#7618,#7619,#7620));
#7617 = ORIENTED_EDGE('',*,*,#7299,.T.);
#7618 = ORIENTED_EDGE('',*,*,#7594,.T.);
#7619 = ORIENTED_EDGE('',*,*,#7427,.F.);
#7620 = ORIENTED_EDGE('',*,*,#7542,.T.);
#7621 = MANIFOLD_SOLID_BREP('',#7622);
#7622 = CLOSED_SHELL('',(#7623,#7743,#7819,#7895,#8023,#8136,#8161,#8186
    ,#8213,#8240));
#7623 = ADVANCED_FACE('',(#7624),#7638,.F.);
#7624 = FACE_BOUND('',#7625,.F.);
#7625 = EDGE_LOOP('',(#7626,#7661,#7689,#7717));
#7626 = ORIENTED_EDGE('',*,*,#7627,.T.);
#7627 = EDGE_CURVE('',#7628,#7630,#7632,.T.);
#7628 = VERTEX_POINT('',#7629);
#7629 = CARTESIAN_POINT('',(5.075E+03,-386.030120149,25.));
#7630 = VERTEX_POINT('',#7631);
#7631 = CARTESIAN_POINT('',(5.125E+03,-386.030120149,25.));
#7632 = SURFACE_CURVE('',#7633,(#7637,#7649),.PCURVE_S1.);
#7633 = LINE('',#7634,#7635);
#7634 = CARTESIAN_POINT('',(5.075E+03,-386.030120149,25.));
#7635 = VECTOR('',#7636,1.);
#7636 = DIRECTION('',(1.,0.,0.));
#7637 = PCURVE('',#7638,#7643);
#7638 = PLANE('',#7639);
#7639 = AXIS2_PLACEMENT_3D('',#7640,#7641,#7642);
#7640 = CARTESIAN_POINT('',(5.075E+03,-386.030120149,25.));
#7641 = DIRECTION('',(0.,0.,1.));
#7642 = DIRECTION('',(0.,1.,0.));
#7643 = DEFINITIONAL_REPRESENTATION('',(#7644),#7648);
#7644 = LINE('',#7645,#7646);
#7645 = CARTESIAN_POINT('',(0.,0.));
#7646 = VECTOR('',#7647,1.);
#7647 = DIRECTION('',(0.,-1.));
#7648 = ( GEOMETRIC_REPRESENTATION_CONTEXT(2) 
PARAMETRIC_REPRESENTATION_CONTEXT() REPRESENTATION_CONTEXT('2D SPACE',''
  ) );
#7649 = PCURVE('',#7650,#7655);
#7650 = PLANE('',#7651);
#7651 = AXIS2_PLACEMENT_3D('',#7652,#7653,#7654);
#7652 = CARTESIAN_POINT('',(5.075E+03,-758.3378124567,630.));
#7653 = DIRECTION('',(-0.,0.851658316705,0.524097425664));
#7654 = DIRECTION('',(0.,0.524097425664,-0.851658316705));
#7655 = DEFINITIONAL_REPRESENTATION('',(#7656),#7660);
#7656 = LINE('',#7657,#7658);
#7657 = CARTESIAN_POINT('',(710.37878469974,0.));
#7658 = VECTOR('',#7659,1.);
#7659 = DIRECTION('',(0.,-1.));
#7660 = ( GEOMETRIC_REPRESENTATION_CONTEXT(2) 
PARAMETRIC_REPRESENTATION_CONTEXT() REPRESENTATION_CONTEXT('2D SPACE',''
  ) );
#7661 = ORIENTED_EDGE('',*,*,#7662,.T.);
#7662 = EDGE_CURVE('',#7630,#7663,#7665,.T.);
#7663 = VERTEX_POINT('',#7664);
#7664 = CARTESIAN_POINT('',(5.125E+03,386.03012014908,25.));
#7665 = SURFACE_CURVE('',#7666,(#7670,#7677),.PCURVE_S1.);
#7666 = LINE('',#7667,#7668);
#7667 = CARTESIAN_POINT('',(5.125E+03,-386.030120149,25.));
#7668 = VECTOR('',#7669,1.);
#7669 = DIRECTION('',(0.,1.,0.));
#7670 = PCURVE('',#7638,#7671);
#7671 = DEFINITIONAL_REPRESENTATION('',(#7672),#7676);
#7672 = LINE('',#7673,#7674);
#7673 = CARTESIAN_POINT('',(0.,-50.));
#7674 = VECTOR('',#7675,1.);
#7675 = DIRECTION('',(1.,0.));
#7676 = ( GEOMETRIC_REPRESENTATION_CONTEXT(2) 
PARAMETRIC_REPRESENTATION_CONTEXT() REPRESENTATION_CONTEXT('2D SPACE',''
  ) );
#7677 = PCURVE('',#7678,#7683);
#7678 = PLANE('',#7679);
#7679 = AXIS2_PLACEMENT_3D('',#7680,#7681,#7682);
#7680 = CARTESIAN_POINT('',(5.125E+03,-7.84576950189E-15,388.22153996675
    ));
#7681 = DIRECTION('',(1.,0.,0.));
#7682 = DIRECTION('',(-0.,0.,1.));
#7683 = DEFINITIONAL_REPRESENTATION('',(#7684),#7688);
#7684 = LINE('',#7685,#7686);
#7685 = CARTESIAN_POINT('',(-363.2215399667,386.03012014908));
#7686 = VECTOR('',#7687,1.);
#7687 = DIRECTION('',(0.,-1.));
#7688 = ( GEOMETRIC_REPRESENTATION_CONTEXT(2) 
PARAMETRIC_REPRESENTATION_CONTEXT() REPRESENTATION_CONTEXT('2D SPACE',''
  ) );
#7689 = ORIENTED_EDGE('',*,*,#7690,.F.);
#7690 = EDGE_CURVE('',#7691,#7663,#7693,.T.);
#7691 = VERTEX_POINT('',#7692);
#7692 = CARTESIAN_POINT('',(5.075E+03,386.03012014908,25.));
#7693 = SURFACE_CURVE('',#7694,(#7698,#7705),.PCURVE_S1.);
#7694 = LINE('',#7695,#7696);
#7695 = CARTESIAN_POINT('',(5.075E+03,386.03012014908,25.));
#7696 = VECTOR('',#7697,1.);
#7697 = DIRECTION('',(1.,0.,0.));
#7698 = PCURVE('',#7638,#7699);
#7699 = DEFINITIONAL_REPRESENTATION('',(#7700),#7704);
#7700 = LINE('',#7701,#7702);
#7701 = CARTESIAN_POINT('',(772.06024029817,0.));
#7702 = VECTOR('',#7703,1.);
#7703 = DIRECTION('',(0.,-1.));
#7704 = ( GEOMETRIC_REPRESENTATION_CONTEXT(2) 
PARAMETRIC_REPRESENTATION_CONTEXT() REPRESENTATION_CONTEXT('2D SPACE',''
  ) );
#7705 = PCURVE('',#7706,#7711);
#7706 = PLANE('',#7707);
#7707 = AXIS2_PLACEMENT_3D('',#7708,#7709,#7710);
#7708 = CARTESIAN_POINT('',(5.075E+03,386.03012014908,25.));
#7709 = DIRECTION('',(0.,-0.851658316705,0.524097425664));
#7710 = DIRECTION('',(0.,0.524097425664,0.851658316705));
#7711 = DEFINITIONAL_REPRESENTATION('',(#7712),#7716);
#7712 = LINE('',#7713,#7714);
#7713 = CARTESIAN_POINT('',(0.,0.));
#7714 = VECTOR('',#7715,1.);
#7715 = DIRECTION('',(0.,-1.));
#7716 = ( GEOMETRIC_REPRESENTATION_CONTEXT(2) 
PARAMETRIC_REPRESENTATION_CONTEXT() REPRESENTATION_CONTEXT('2D SPACE',''
  ) );
#7717 = ORIENTED_EDGE('',*,*,#7718,.F.);
#7718 = EDGE_CURVE('',#7628,#7691,#7719,.T.);
#7719 = SURFACE_CURVE('',#7720,(#7724,#7731),.PCURVE_S1.);
#7720 = LINE('',#7721,#7722);
#7721 = CARTESIAN_POINT('',(5.075E+03,-386.030120149,25.));
#7722 = VECTOR('',#7723,1.);
#7723 = DIRECTION('',(0.,1.,0.));
#7724 = PCURVE('',#7638,#7725);
#7725 = DEFINITIONAL_REPRESENTATION('',(#7726),#7730);
#7726 = LINE('',#7727,#7728);
#7727 = CARTESIAN_POINT('',(0.,0.));
#7728 = VECTOR('',#7729,1.);
#7729 = DIRECTION('',(1.,0.));
#7730 = ( GEOMETRIC_REPRESENTATION_CONTEXT(2) 
PARAMETRIC_REPRESENTATION_CONTEXT() REPRESENTATION_CONTEXT('2D SPACE',''
  ) );
#7731 = PCURVE('',#7732,#7737);
#7732 = PLANE('',#7733);
#7733 = AXIS2_PLACEMENT_3D('',#7734,#7735,#7736);
#7734 = CARTESIAN_POINT('',(5.075E+03,-7.84576950189E-15,388.22153996675
    ));
#7735 = DIRECTION('',(1.,0.,0.));
#7736 = DIRECTION('',(-0.,0.,1.));
#7737 = DEFINITIONAL_REPRESENTATION('',(#7738),#7742);
#7738 = LINE('',#7739,#7740);
#7739 = CARTESIAN_POINT('',(-363.2215399667,386.03012014908));
#7740 = VECTOR('',#7741,1.);
#7741 = DIRECTION('',(0.,-1.));
#7742 = ( GEOMETRIC_REPRESENTATION_CONTEXT(2) 
PARAMETRIC_REPRESENTATION_CONTEXT() REPRESENTATION_CONTEXT('2D SPACE',''
  ) );
#7743 = ADVANCED_FACE('',(#7744),#7650,.F.);
#7744 = FACE_BOUND('',#7745,.F.);
#7745 = EDGE_LOOP('',(#7746,#7776,#7797,#7798));
#7746 = ORIENTED_EDGE('',*,*,#7747,.T.);
#7747 = EDGE_CURVE('',#7748,#7750,#7752,.T.);
#7748 = VERTEX_POINT('',#7749);
#7749 = CARTESIAN_POINT('',(5.075E+03,-758.3378124567,630.));
#7750 = VERTEX_POINT('',#7751);
#7751 = CARTESIAN_POINT('',(5.125E+03,-758.3378124567,630.));
#7752 = SURFACE_CURVE('',#7753,(#7757,#7764),.PCURVE_S1.);
#7753 = LINE('',#7754,#7755);
#7754 = CARTESIAN_POINT('',(5.075E+03,-758.3378124567,630.));
#7755 = VECTOR('',#7756,1.);
#7756 = DIRECTION('',(1.,0.,0.));
#7757 = PCURVE('',#7650,#7758);
#7758 = DEFINITIONAL_REPRESENTATION('',(#7759),#7763);
#7759 = LINE('',#7760,#7761);
#7760 = CARTESIAN_POINT('',(0.,0.));
#7761 = VECTOR('',#7762,1.);
#7762 = DIRECTION('',(0.,-1.));
#7763 = ( GEOMETRIC_REPRESENTATION_CONTEXT(2) 
PARAMETRIC_REPRESENTATION_CONTEXT() REPRESENTATION_CONTEXT('2D SPACE',''
  ) );
#7764 = PCURVE('',#7765,#7770);
#7765 = PLANE('',#7766);
#7766 = AXIS2_PLACEMENT_3D('',#7767,#7768,#7769);
#7767 = CARTESIAN_POINT('',(5.075E+03,758.33781245678,630.));
#7768 = DIRECTION('',(0.,0.,-1.));
#7769 = DIRECTION('',(0.,-1.,0.));
#7770 = DEFINITIONAL_REPRESENTATION('',(#7771),#7775);
#7771 = LINE('',#7772,#7773);
#7772 = CARTESIAN_POINT('',(1.516675624914E+03,0.));
#7773 = VECTOR('',#7774,1.);
#7774 = DIRECTION('',(0.,-1.));
#7775 = ( GEOMETRIC_REPRESENTATION_CONTEXT(2) 
PARAMETRIC_REPRESENTATION_CONTEXT() REPRESENTATION_CONTEXT('2D SPACE',''
  ) );
#7776 = ORIENTED_EDGE('',*,*,#7777,.T.);
#7777 = EDGE_CURVE('',#7750,#7630,#7778,.T.);
#7778 = SURFACE_CURVE('',#7779,(#7783,#7790),.PCURVE_S1.);
#7779 = LINE('',#7780,#7781);
#7780 = CARTESIAN_POINT('',(5.125E+03,-758.3378124567,630.));
#7781 = VECTOR('',#7782,1.);
#7782 = DIRECTION('',(0.,0.524097425664,-0.851658316705));
#7783 = PCURVE('',#7650,#7784);
#7784 = DEFINITIONAL_REPRESENTATION('',(#7785),#7789);
#7785 = LINE('',#7786,#7787);
#7786 = CARTESIAN_POINT('',(0.,-50.));
#7787 = VECTOR('',#7788,1.);
#7788 = DIRECTION('',(1.,0.));
#7789 = ( GEOMETRIC_REPRESENTATION_CONTEXT(2) 
PARAMETRIC_REPRESENTATION_CONTEXT() REPRESENTATION_CONTEXT('2D SPACE',''
  ) );
#7790 = PCURVE('',#7678,#7791);
#7791 = DEFINITIONAL_REPRESENTATION('',(#7792),#7796);
#7792 = LINE('',#7793,#7794);
#7793 = CARTESIAN_POINT('',(241.77846003324,758.33781245678));
#7794 = VECTOR('',#7795,1.);
#7795 = DIRECTION('',(-0.851658316705,-0.524097425664));
#7796 = ( GEOMETRIC_REPRESENTATION_CONTEXT(2) 
PARAMETRIC_REPRESENTATION_CONTEXT() REPRESENTATION_CONTEXT('2D SPACE',''
  ) );
#7797 = ORIENTED_EDGE('',*,*,#7627,.F.);
#7798 = ORIENTED_EDGE('',*,*,#7799,.F.);
#7799 = EDGE_CURVE('',#7748,#7628,#7800,.T.);
#7800 = SURFACE_CURVE('',#7801,(#7805,#7812),.PCURVE_S1.);
#7801 = LINE('',#7802,#7803);
#7802 = CARTESIAN_POINT('',(5.075E+03,-758.3378124567,630.));
#7803 = VECTOR('',#7804,1.);
#7804 = DIRECTION('',(0.,0.524097425664,-0.851658316705));
#7805 = PCURVE('',#7650,#7806);
#7806 = DEFINITIONAL_REPRESENTATION('',(#7807),#7811);
#7807 = LINE('',#7808,#7809);
#7808 = CARTESIAN_POINT('',(0.,0.));
#7809 = VECTOR('',#7810,1.);
#7810 = DIRECTION('',(1.,0.));
#7811 = ( GEOMETRIC_REPRESENTATION_CONTEXT(2) 
PARAMETRIC_REPRESENTATION_CONTEXT() REPRESENTATION_CONTEXT('2D SPACE',''
  ) );
#7812 = PCURVE('',#7732,#7813);
#7813 = DEFINITIONAL_REPRESENTATION('',(#7814),#7818);
#7814 = LINE('',#7815,#7816);
#7815 = CARTESIAN_POINT('',(241.77846003324,758.33781245678));
#7816 = VECTOR('',#7817,1.);
#7817 = DIRECTION('',(-0.851658316705,-0.524097425664));
#7818 = ( GEOMETRIC_REPRESENTATION_CONTEXT(2) 
PARAMETRIC_REPRESENTATION_CONTEXT() REPRESENTATION_CONTEXT('2D SPACE',''
  ) );
#7819 = ADVANCED_FACE('',(#7820),#7706,.F.);
#7820 = FACE_BOUND('',#7821,.F.);
#7821 = EDGE_LOOP('',(#7822,#7823,#7846,#7874));
#7822 = ORIENTED_EDGE('',*,*,#7690,.T.);
#7823 = ORIENTED_EDGE('',*,*,#7824,.T.);
#7824 = EDGE_CURVE('',#7663,#7825,#7827,.T.);
#7825 = VERTEX_POINT('',#7826);
#7826 = CARTESIAN_POINT('',(5.125E+03,758.33781245678,630.));
#7827 = SURFACE_CURVE('',#7828,(#7832,#7839),.PCURVE_S1.);
#7828 = LINE('',#7829,#7830);
#7829 = CARTESIAN_POINT('',(5.125E+03,386.03012014908,25.));
#7830 = VECTOR('',#7831,1.);
#7831 = DIRECTION('',(0.,0.524097425664,0.851658316705));
#7832 = PCURVE('',#7706,#7833);
#7833 = DEFINITIONAL_REPRESENTATION('',(#7834),#7838);
#7834 = LINE('',#7835,#7836);
#7835 = CARTESIAN_POINT('',(0.,-50.));
#7836 = VECTOR('',#7837,1.);
#7837 = DIRECTION('',(1.,0.));
#7838 = ( GEOMETRIC_REPRESENTATION_CONTEXT(2) 
PARAMETRIC_REPRESENTATION_CONTEXT() REPRESENTATION_CONTEXT('2D SPACE',''
  ) );
#7839 = PCURVE('',#7678,#7840);
#7840 = DEFINITIONAL_REPRESENTATION('',(#7841),#7845);
#7841 = LINE('',#7842,#7843);
#7842 = CARTESIAN_POINT('',(-363.2215399667,-386.030120149));
#7843 = VECTOR('',#7844,1.);
#7844 = DIRECTION('',(0.851658316705,-0.524097425664));
#7845 = ( GEOMETRIC_REPRESENTATION_CONTEXT(2) 
PARAMETRIC_REPRESENTATION_CONTEXT() REPRESENTATION_CONTEXT('2D SPACE',''
  ) );
#7846 = ORIENTED_EDGE('',*,*,#7847,.F.);
#7847 = EDGE_CURVE('',#7848,#7825,#7850,.T.);
#7848 = VERTEX_POINT('',#7849);
#7849 = CARTESIAN_POINT('',(5.075E+03,758.33781245678,630.));
#7850 = SURFACE_CURVE('',#7851,(#7855,#7862),.PCURVE_S1.);
#7851 = LINE('',#7852,#7853);
#7852 = CARTESIAN_POINT('',(5.075E+03,758.33781245678,630.));
#7853 = VECTOR('',#7854,1.);
#7854 = DIRECTION('',(1.,0.,0.));
#7855 = PCURVE('',#7706,#7856);
#7856 = DEFINITIONAL_REPRESENTATION('',(#7857),#7861);
#7857 = LINE('',#7858,#7859);
#7858 = CARTESIAN_POINT('',(710.37878469974,0.));
#7859 = VECTOR('',#7860,1.);
#7860 = DIRECTION('',(0.,-1.));
#7861 = ( GEOMETRIC_REPRESENTATION_CONTEXT(2) 
PARAMETRIC_REPRESENTATION_CONTEXT() REPRESENTATION_CONTEXT('2D SPACE',''
  ) );
#7862 = PCURVE('',#7863,#7868);
#7863 = PLANE('',#7864);
#7864 = AXIS2_PLACEMENT_3D('',#7865,#7866,#7867);
#7865 = CARTESIAN_POINT('',(5.075E+03,758.33781245678,630.));
#7866 = DIRECTION('',(0.,0.,-1.));
#7867 = DIRECTION('',(0.,-1.,0.));
#7868 = DEFINITIONAL_REPRESENTATION('',(#7869),#7873);
#7869 = LINE('',#7870,#7871);
#7870 = CARTESIAN_POINT('',(0.,-0.));
#7871 = VECTOR('',#7872,1.);
#7872 = DIRECTION('',(0.,-1.));
#7873 = ( GEOMETRIC_REPRESENTATION_CONTEXT(2) 
PARAMETRIC_REPRESENTATION_CONTEXT() REPRESENTATION_CONTEXT('2D SPACE',''
  ) );
#7874 = ORIENTED_EDGE('',*,*,#7875,.F.);
#7875 = EDGE_CURVE('',#7691,#7848,#7876,.T.);
#7876 = SURFACE_CURVE('',#7877,(#7881,#7888),.PCURVE_S1.);
#7877 = LINE('',#7878,#7879);
#7878 = CARTESIAN_POINT('',(5.075E+03,386.03012014908,25.));
#7879 = VECTOR('',#7880,1.);
#7880 = DIRECTION('',(0.,0.524097425664,0.851658316705));
#7881 = PCURVE('',#7706,#7882);
#7882 = DEFINITIONAL_REPRESENTATION('',(#7883),#7887);
#7883 = LINE('',#7884,#7885);
#7884 = CARTESIAN_POINT('',(0.,0.));
#7885 = VECTOR('',#7886,1.);
#7886 = DIRECTION('',(1.,0.));
#7887 = ( GEOMETRIC_REPRESENTATION_CONTEXT(2) 
PARAMETRIC_REPRESENTATION_CONTEXT() REPRESENTATION_CONTEXT('2D SPACE',''
  ) );
#7888 = PCURVE('',#7732,#7889);
#7889 = DEFINITIONAL_REPRESENTATION('',(#7890),#7894);
#7890 = LINE('',#7891,#7892);
#7891 = CARTESIAN_POINT('',(-363.2215399667,-386.030120149));
#7892 = VECTOR('',#7893,1.);
#7893 = DIRECTION('',(0.851658316705,-0.524097425664));
#7894 = ( GEOMETRIC_REPRESENTATION_CONTEXT(2) 
PARAMETRIC_REPRESENTATION_CONTEXT() REPRESENTATION_CONTEXT('2D SPACE',''
  ) );
#7895 = ADVANCED_FACE('',(#7896),#7732,.F.);
#7896 = FACE_BOUND('',#7897,.F.);
#7897 = EDGE_LOOP('',(#7898,#7899,#7900,#7901,#7924,#7950,#7976,#8002));
#7898 = ORIENTED_EDGE('',*,*,#7799,.T.);
#7899 = ORIENTED_EDGE('',*,*,#7718,.T.);
#7900 = ORIENTED_EDGE('',*,*,#7875,.T.);
#7901 = ORIENTED_EDGE('',*,*,#7902,.T.);
#7902 = EDGE_CURVE('',#7848,#7903,#7905,.T.);
#7903 = VERTEX_POINT('',#7904);
#7904 = CARTESIAN_POINT('',(5.075E+03,687.88702389151,630.));
#7905 = SURFACE_CURVE('',#7906,(#7910,#7917),.PCURVE_S1.);
#7906 = LINE('',#7907,#7908);
#7907 = CARTESIAN_POINT('',(5.075E+03,758.33781245678,630.));
#7908 = VECTOR('',#7909,1.);
#7909 = DIRECTION('',(0.,-1.,0.));
#7910 = PCURVE('',#7732,#7911);
#7911 = DEFINITIONAL_REPRESENTATION('',(#7912),#7916);
#7912 = LINE('',#7913,#7914);
#7913 = CARTESIAN_POINT('',(241.77846003324,-758.3378124567));
#7914 = VECTOR('',#7915,1.);
#7915 = DIRECTION('',(0.,1.));
#7916 = ( GEOMETRIC_REPRESENTATION_CONTEXT(2) 
PARAMETRIC_REPRESENTATION_CONTEXT() REPRESENTATION_CONTEXT('2D SPACE',''
  ) );
#7917 = PCURVE('',#7863,#7918);
#7918 = DEFINITIONAL_REPRESENTATION('',(#7919),#7923);
#7919 = LINE('',#7920,#7921);
#7920 = CARTESIAN_POINT('',(0.,-0.));
#7921 = VECTOR('',#7922,1.);
#7922 = DIRECTION('',(1.,0.));
#7923 = ( GEOMETRIC_REPRESENTATION_CONTEXT(2) 
PARAMETRIC_REPRESENTATION_CONTEXT() REPRESENTATION_CONTEXT('2D SPACE',''
  ) );
#7924 = ORIENTED_EDGE('',*,*,#7925,.T.);
#7925 = EDGE_CURVE('',#7903,#7926,#7928,.T.);
#7926 = VERTEX_POINT('',#7927);
#7927 = CARTESIAN_POINT('',(5.075E+03,352.5024085069,85.));
#7928 = SURFACE_CURVE('',#7929,(#7933,#7939),.PCURVE_S1.);
#7929 = LINE('',#7930,#7931);
#7930 = CARTESIAN_POINT('',(5.075E+03,371.76182055003,116.29654457009));
#7931 = VECTOR('',#7932,1.);
#7932 = DIRECTION('',(0.,-0.524097425664,-0.851658316705));
#7933 = PCURVE('',#7732,#7934);
#7934 = DEFINITIONAL_REPRESENTATION('',(#7935),#7938);
#7935 = B_SPLINE_CURVE_WITH_KNOTS('',1,(#7936,#7937),.UNSPECIFIED.,.F.,
  .F.,(2,2),(-603.1802253956,36.74777073885),.PIECEWISE_BEZIER_KNOTS.);
#7936 = CARTESIAN_POINT('',(241.77846003324,-687.8870238915));
#7937 = CARTESIAN_POINT('',(-303.2215399667,-352.5024085069));
#7938 = ( GEOMETRIC_REPRESENTATION_CONTEXT(2) 
PARAMETRIC_REPRESENTATION_CONTEXT() REPRESENTATION_CONTEXT('2D SPACE',''
  ) );
#7939 = PCURVE('',#7940,#7945);
#7940 = PLANE('',#7941);
#7941 = AXIS2_PLACEMENT_3D('',#7942,#7943,#7944);
#7942 = CARTESIAN_POINT('',(5.074E+03,352.5024085069,85.));
#7943 = DIRECTION('',(0.,-0.851658316705,0.524097425664));
#7944 = DIRECTION('',(0.,0.524097425664,0.851658316705));
#7945 = DEFINITIONAL_REPRESENTATION('',(#7946),#7949);
#7946 = B_SPLINE_CURVE_WITH_KNOTS('',1,(#7947,#7948),.UNSPECIFIED.,.F.,
  .F.,(2,2),(-603.1802253956,36.74777073885),.PIECEWISE_BEZIER_KNOTS.);
#7947 = CARTESIAN_POINT('',(639.92799613447,-0.999999999999));
#7948 = CARTESIAN_POINT('',(0.,-0.999999999999));
#7949 = ( GEOMETRIC_REPRESENTATION_CONTEXT(2) 
PARAMETRIC_REPRESENTATION_CONTEXT() REPRESENTATION_CONTEXT('2D SPACE',''
  ) );
#7950 = ORIENTED_EDGE('',*,*,#7951,.T.);
#7951 = EDGE_CURVE('',#7926,#7952,#7954,.T.);
#7952 = VERTEX_POINT('',#7953);
#7953 = CARTESIAN_POINT('',(5.075E+03,-352.5024085069,85.));
#7954 = SURFACE_CURVE('',#7955,(#7959,#7965),.PCURVE_S1.);
#7955 = LINE('',#7956,#7957);
#7956 = CARTESIAN_POINT('',(5.075E+03,-176.2512042534,85.));
#7957 = VECTOR('',#7958,1.);
#7958 = DIRECTION('',(0.,-1.,0.));
#7959 = PCURVE('',#7732,#7960);
#7960 = DEFINITIONAL_REPRESENTATION('',(#7961),#7964);
#7961 = B_SPLINE_CURVE_WITH_KNOTS('',1,(#7962,#7963),.UNSPECIFIED.,.F.,
  .F.,(2,2),(-528.7536127603,176.25120425345),.PIECEWISE_BEZIER_KNOTS.);
#7962 = CARTESIAN_POINT('',(-303.2215399667,-352.5024085069));
#7963 = CARTESIAN_POINT('',(-303.2215399667,352.5024085069));
#7964 = ( GEOMETRIC_REPRESENTATION_CONTEXT(2) 
PARAMETRIC_REPRESENTATION_CONTEXT() REPRESENTATION_CONTEXT('2D SPACE',''
  ) );
#7965 = PCURVE('',#7966,#7971);
#7966 = PLANE('',#7967);
#7967 = AXIS2_PLACEMENT_3D('',#7968,#7969,#7970);
#7968 = CARTESIAN_POINT('',(5.074E+03,-352.5024085069,85.));
#7969 = DIRECTION('',(0.,0.,1.));
#7970 = DIRECTION('',(0.,1.,0.));
#7971 = DEFINITIONAL_REPRESENTATION('',(#7972),#7975);
#7972 = B_SPLINE_CURVE_WITH_KNOTS('',1,(#7973,#7974),.UNSPECIFIED.,.F.,
  .F.,(2,2),(-528.7536127603,176.25120425345),.PIECEWISE_BEZIER_KNOTS.);
#7973 = CARTESIAN_POINT('',(705.0048170138,-0.999999999999));
#7974 = CARTESIAN_POINT('',(0.,-0.999999999999));
#7975 = ( GEOMETRIC_REPRESENTATION_CONTEXT(2) 
PARAMETRIC_REPRESENTATION_CONTEXT() REPRESENTATION_CONTEXT('2D SPACE',''
  ) );
#7976 = ORIENTED_EDGE('',*,*,#7977,.T.);
#7977 = EDGE_CURVE('',#7952,#7978,#7980,.T.);
#7978 = VERTEX_POINT('',#7979);
#7979 = CARTESIAN_POINT('',(5.075E+03,-687.8870238915,630.));
#7980 = SURFACE_CURVE('',#7981,(#7985,#7991),.PCURVE_S1.);
#7981 = LINE('',#7982,#7983);
#7982 = CARTESIAN_POINT('',(5.075E+03,-576.3772051654,448.79654457009));
#7983 = VECTOR('',#7984,1.);
#7984 = DIRECTION('',(0.,-0.524097425664,0.851658316705));
#7985 = PCURVE('',#7732,#7986);
#7986 = DEFINITIONAL_REPRESENTATION('',(#7987),#7990);
#7987 = B_SPLINE_CURVE_WITH_KNOTS('',1,(#7988,#7989),.UNSPECIFIED.,.F.,
  .F.,(2,2),(-427.1625573713,212.76543876312),.PIECEWISE_BEZIER_KNOTS.);
#7988 = CARTESIAN_POINT('',(-303.2215399667,352.5024085069));
#7989 = CARTESIAN_POINT('',(241.77846003324,687.88702389151));
#7990 = ( GEOMETRIC_REPRESENTATION_CONTEXT(2) 
PARAMETRIC_REPRESENTATION_CONTEXT() REPRESENTATION_CONTEXT('2D SPACE',''
  ) );
#7991 = PCURVE('',#7992,#7997);
#7992 = PLANE('',#7993);
#7993 = AXIS2_PLACEMENT_3D('',#7994,#7995,#7996);
#7994 = CARTESIAN_POINT('',(5.074E+03,-761.7331777376,750.));
#7995 = DIRECTION('',(-0.,0.851658316705,0.524097425664));
#7996 = DIRECTION('',(0.,0.524097425664,-0.851658316705));
#7997 = DEFINITIONAL_REPRESENTATION('',(#7998),#8001);
#7998 = B_SPLINE_CURVE_WITH_KNOTS('',1,(#7999,#8000),.UNSPECIFIED.,.F.,
  .F.,(2,2),(-427.1625573713,212.76543876312),.PIECEWISE_BEZIER_KNOTS.);
#7999 = CARTESIAN_POINT('',(780.829573265,-0.999999999999));
#8000 = CARTESIAN_POINT('',(140.90157713052,-0.999999999999));
#8001 = ( GEOMETRIC_REPRESENTATION_CONTEXT(2) 
PARAMETRIC_REPRESENTATION_CONTEXT() REPRESENTATION_CONTEXT('2D SPACE',''
  ) );
#8002 = ORIENTED_EDGE('',*,*,#8003,.T.);
#8003 = EDGE_CURVE('',#7978,#7748,#8004,.T.);
#8004 = SURFACE_CURVE('',#8005,(#8009,#8016),.PCURVE_S1.);
#8005 = LINE('',#8006,#8007);
#8006 = CARTESIAN_POINT('',(5.075E+03,758.33781245678,630.));
#8007 = VECTOR('',#8008,1.);
#8008 = DIRECTION('',(0.,-1.,0.));
#8009 = PCURVE('',#7732,#8010);
#8010 = DEFINITIONAL_REPRESENTATION('',(#8011),#8015);
#8011 = LINE('',#8012,#8013);
#8012 = CARTESIAN_POINT('',(241.77846003324,-758.3378124567));
#8013 = VECTOR('',#8014,1.);
#8014 = DIRECTION('',(0.,1.));
#8015 = ( GEOMETRIC_REPRESENTATION_CONTEXT(2) 
PARAMETRIC_REPRESENTATION_CONTEXT() REPRESENTATION_CONTEXT('2D SPACE',''
  ) );
#8016 = PCURVE('',#7765,#8017);
#8017 = DEFINITIONAL_REPRESENTATION('',(#8018),#8022);
#8018 = LINE('',#8019,#8020);
#8019 = CARTESIAN_POINT('',(0.,-0.));
#8020 = VECTOR('',#8021,1.);
#8021 = DIRECTION('',(1.,0.));
#8022 = ( GEOMETRIC_REPRESENTATION_CONTEXT(2) 
PARAMETRIC_REPRESENTATION_CONTEXT() REPRESENTATION_CONTEXT('2D SPACE',''
  ) );
#8023 = ADVANCED_FACE('',(#8024),#7678,.T.);
#8024 = FACE_BOUND('',#8025,.T.);
#8025 = EDGE_LOOP('',(#8026,#8027,#8028,#8029,#8052,#8073,#8094,#8115));
#8026 = ORIENTED_EDGE('',*,*,#7777,.T.);
#8027 = ORIENTED_EDGE('',*,*,#7662,.T.);
#8028 = ORIENTED_EDGE('',*,*,#7824,.T.);
#8029 = ORIENTED_EDGE('',*,*,#8030,.T.);
#8030 = EDGE_CURVE('',#7825,#8031,#8033,.T.);
#8031 = VERTEX_POINT('',#8032);
#8032 = CARTESIAN_POINT('',(5.125E+03,687.88702389151,630.));
#8033 = SURFACE_CURVE('',#8034,(#8038,#8045),.PCURVE_S1.);
#8034 = LINE('',#8035,#8036);
#8035 = CARTESIAN_POINT('',(5.125E+03,758.33781245678,630.));
#8036 = VECTOR('',#8037,1.);
#8037 = DIRECTION('',(0.,-1.,0.));
#8038 = PCURVE('',#7678,#8039);
#8039 = DEFINITIONAL_REPRESENTATION('',(#8040),#8044);
#8040 = LINE('',#8041,#8042);
#8041 = CARTESIAN_POINT('',(241.77846003324,-758.3378124567));
#8042 = VECTOR('',#8043,1.);
#8043 = DIRECTION('',(0.,1.));
#8044 = ( GEOMETRIC_REPRESENTATION_CONTEXT(2) 
PARAMETRIC_REPRESENTATION_CONTEXT() REPRESENTATION_CONTEXT('2D SPACE',''
  ) );
#8045 = PCURVE('',#7863,#8046);
#8046 = DEFINITIONAL_REPRESENTATION('',(#8047),#8051);
#8047 = LINE('',#8048,#8049);
#8048 = CARTESIAN_POINT('',(0.,-50.));
#8049 = VECTOR('',#8050,1.);
#8050 = DIRECTION('',(1.,0.));
#8051 = ( GEOMETRIC_REPRESENTATION_CONTEXT(2) 
PARAMETRIC_REPRESENTATION_CONTEXT() REPRESENTATION_CONTEXT('2D SPACE',''
  ) );
#8052 = ORIENTED_EDGE('',*,*,#8053,.T.);
#8053 = EDGE_CURVE('',#8031,#8054,#8056,.T.);
#8054 = VERTEX_POINT('',#8055);
#8055 = CARTESIAN_POINT('',(5.125E+03,352.5024085069,85.));
#8056 = SURFACE_CURVE('',#8057,(#8061,#8067),.PCURVE_S1.);
#8057 = LINE('',#8058,#8059);
#8058 = CARTESIAN_POINT('',(5.125E+03,371.76182055003,116.29654457009));
#8059 = VECTOR('',#8060,1.);
#8060 = DIRECTION('',(0.,-0.524097425664,-0.851658316705));
#8061 = PCURVE('',#7678,#8062);
#8062 = DEFINITIONAL_REPRESENTATION('',(#8063),#8066);
#8063 = B_SPLINE_CURVE_WITH_KNOTS('',1,(#8064,#8065),.UNSPECIFIED.,.F.,
  .F.,(2,2),(-603.1802253956,36.74777073885),.PIECEWISE_BEZIER_KNOTS.);
#8064 = CARTESIAN_POINT('',(241.77846003324,-687.8870238915));
#8065 = CARTESIAN_POINT('',(-303.2215399667,-352.5024085069));
#8066 = ( GEOMETRIC_REPRESENTATION_CONTEXT(2) 
PARAMETRIC_REPRESENTATION_CONTEXT() REPRESENTATION_CONTEXT('2D SPACE',''
  ) );
#8067 = PCURVE('',#7940,#8068);
#8068 = DEFINITIONAL_REPRESENTATION('',(#8069),#8072);
#8069 = B_SPLINE_CURVE_WITH_KNOTS('',1,(#8070,#8071),.UNSPECIFIED.,.F.,
  .F.,(2,2),(-603.1802253956,36.74777073885),.PIECEWISE_BEZIER_KNOTS.);
#8070 = CARTESIAN_POINT('',(639.92799613447,-50.99999999999));
#8071 = CARTESIAN_POINT('',(0.,-50.99999999999));
#8072 = ( GEOMETRIC_REPRESENTATION_CONTEXT(2) 
PARAMETRIC_REPRESENTATION_CONTEXT() REPRESENTATION_CONTEXT('2D SPACE',''
  ) );
#8073 = ORIENTED_EDGE('',*,*,#8074,.T.);
#8074 = EDGE_CURVE('',#8054,#8075,#8077,.T.);
#8075 = VERTEX_POINT('',#8076);
#8076 = CARTESIAN_POINT('',(5.125E+03,-352.5024085069,85.));
#8077 = SURFACE_CURVE('',#8078,(#8082,#8088),.PCURVE_S1.);
#8078 = LINE('',#8079,#8080);
#8079 = CARTESIAN_POINT('',(5.125E+03,-176.2512042534,85.));
#8080 = VECTOR('',#8081,1.);
#8081 = DIRECTION('',(0.,-1.,0.));
#8082 = PCURVE('',#7678,#8083);
#8083 = DEFINITIONAL_REPRESENTATION('',(#8084),#8087);
#8084 = B_SPLINE_CURVE_WITH_KNOTS('',1,(#8085,#8086),.UNSPECIFIED.,.F.,
  .F.,(2,2),(-528.7536127603,176.25120425345),.PIECEWISE_BEZIER_KNOTS.);
#8085 = CARTESIAN_POINT('',(-303.2215399667,-352.5024085069));
#8086 = CARTESIAN_POINT('',(-303.2215399667,352.5024085069));
#8087 = ( GEOMETRIC_REPRESENTATION_CONTEXT(2) 
PARAMETRIC_REPRESENTATION_CONTEXT() REPRESENTATION_CONTEXT('2D SPACE',''
  ) );
#8088 = PCURVE('',#7966,#8089);
#8089 = DEFINITIONAL_REPRESENTATION('',(#8090),#8093);
#8090 = B_SPLINE_CURVE_WITH_KNOTS('',1,(#8091,#8092),.UNSPECIFIED.,.F.,
  .F.,(2,2),(-528.7536127603,176.25120425345),.PIECEWISE_BEZIER_KNOTS.);
#8091 = CARTESIAN_POINT('',(705.0048170138,-50.99999999999));
#8092 = CARTESIAN_POINT('',(0.,-50.99999999999));
#8093 = ( GEOMETRIC_REPRESENTATION_CONTEXT(2) 
PARAMETRIC_REPRESENTATION_CONTEXT() REPRESENTATION_CONTEXT('2D SPACE',''
  ) );
#8094 = ORIENTED_EDGE('',*,*,#8095,.T.);
#8095 = EDGE_CURVE('',#8075,#8096,#8098,.T.);
#8096 = VERTEX_POINT('',#8097);
#8097 = CARTESIAN_POINT('',(5.125E+03,-687.8870238915,630.));
#8098 = SURFACE_CURVE('',#8099,(#8103,#8109),.PCURVE_S1.);
#8099 = LINE('',#8100,#8101);
#8100 = CARTESIAN_POINT('',(5.125E+03,-576.3772051654,448.79654457009));
#8101 = VECTOR('',#8102,1.);
#8102 = DIRECTION('',(0.,-0.524097425664,0.851658316705));
#8103 = PCURVE('',#7678,#8104);
#8104 = DEFINITIONAL_REPRESENTATION('',(#8105),#8108);
#8105 = B_SPLINE_CURVE_WITH_KNOTS('',1,(#8106,#8107),.UNSPECIFIED.,.F.,
  .F.,(2,2),(-427.1625573713,212.76543876312),.PIECEWISE_BEZIER_KNOTS.);
#8106 = CARTESIAN_POINT('',(-303.2215399667,352.5024085069));
#8107 = CARTESIAN_POINT('',(241.77846003324,687.88702389151));
#8108 = ( GEOMETRIC_REPRESENTATION_CONTEXT(2) 
PARAMETRIC_REPRESENTATION_CONTEXT() REPRESENTATION_CONTEXT('2D SPACE',''
  ) );
#8109 = PCURVE('',#7992,#8110);
#8110 = DEFINITIONAL_REPRESENTATION('',(#8111),#8114);
#8111 = B_SPLINE_CURVE_WITH_KNOTS('',1,(#8112,#8113),.UNSPECIFIED.,.F.,
  .F.,(2,2),(-427.1625573713,212.76543876312),.PIECEWISE_BEZIER_KNOTS.);
#8112 = CARTESIAN_POINT('',(780.829573265,-50.99999999999));
#8113 = CARTESIAN_POINT('',(140.90157713052,-50.99999999999));
#8114 = ( GEOMETRIC_REPRESENTATION_CONTEXT(2) 
PARAMETRIC_REPRESENTATION_CONTEXT() REPRESENTATION_CONTEXT('2D SPACE',''
  ) );
#8115 = ORIENTED_EDGE('',*,*,#8116,.T.);
#8116 = EDGE_CURVE('',#8096,#7750,#8117,.T.);
#8117 = SURFACE_CURVE('',#8118,(#8122,#8129),.PCURVE_S1.);
#8118 = LINE('',#8119,#8120);
#8119 = CARTESIAN_POINT('',(5.125E+03,758.33781245678,630.));
#8120 = VECTOR('',#8121,1.);
#8121 = DIRECTION('',(0.,-1.,0.));
#8122 = PCURVE('',#7678,#8123);
#8123 = DEFINITIONAL_REPRESENTATION('',(#8124),#8128);
#8124 = LINE('',#8125,#8126);
#8125 = CARTESIAN_POINT('',(241.77846003324,-758.3378124567));
#8126 = VECTOR('',#8127,1.);
#8127 = DIRECTION('',(0.,1.));
#8128 = ( GEOMETRIC_REPRESENTATION_CONTEXT(2) 
PARAMETRIC_REPRESENTATION_CONTEXT() REPRESENTATION_CONTEXT('2D SPACE',''
  ) );
#8129 = PCURVE('',#7765,#8130);
#8130 = DEFINITIONAL_REPRESENTATION('',(#8131),#8135);
#8131 = LINE('',#8132,#8133);
#8132 = CARTESIAN_POINT('',(0.,-50.));
#8133 = VECTOR('',#8134,1.);
#8134 = DIRECTION('',(1.,0.));
#8135 = ( GEOMETRIC_REPRESENTATION_CONTEXT(2) 
PARAMETRIC_REPRESENTATION_CONTEXT() REPRESENTATION_CONTEXT('2D SPACE',''
  ) );
#8136 = ADVANCED_FACE('',(#8137),#7765,.F.);
#8137 = FACE_BOUND('',#8138,.F.);
#8138 = EDGE_LOOP('',(#8139,#8140,#8159,#8160));
#8139 = ORIENTED_EDGE('',*,*,#8003,.F.);
#8140 = ORIENTED_EDGE('',*,*,#8141,.T.);
#8141 = EDGE_CURVE('',#7978,#8096,#8142,.T.);
#8142 = SURFACE_CURVE('',#8143,(#8147,#8153),.PCURVE_S1.);
#8143 = LINE('',#8144,#8145);
#8144 = CARTESIAN_POINT('',(5.0745E+03,-687.8870238915,630.));
#8145 = VECTOR('',#8146,1.);
#8146 = DIRECTION('',(1.,0.,0.));
#8147 = PCURVE('',#7765,#8148);
#8148 = DEFINITIONAL_REPRESENTATION('',(#8149),#8152);
#8149 = B_SPLINE_CURVE_WITH_KNOTS('',1,(#8150,#8151),.UNSPECIFIED.,.F.,
  .F.,(2,2),(0.5,50.5),.PIECEWISE_BEZIER_KNOTS.);
#8150 = CARTESIAN_POINT('',(1.446224836348E+03,0.));
#8151 = CARTESIAN_POINT('',(1.446224836348E+03,-50.));
#8152 = ( GEOMETRIC_REPRESENTATION_CONTEXT(2) 
PARAMETRIC_REPRESENTATION_CONTEXT() REPRESENTATION_CONTEXT('2D SPACE',''
  ) );
#8153 = PCURVE('',#7992,#8154);
#8154 = DEFINITIONAL_REPRESENTATION('',(#8155),#8158);
#8155 = B_SPLINE_CURVE_WITH_KNOTS('',1,(#8156,#8157),.UNSPECIFIED.,.F.,
  .F.,(2,2),(0.5,50.5),.PIECEWISE_BEZIER_KNOTS.);
#8156 = CARTESIAN_POINT('',(140.90157713052,-1.));
#8157 = CARTESIAN_POINT('',(140.90157713052,-51.));
#8158 = ( GEOMETRIC_REPRESENTATION_CONTEXT(2) 
PARAMETRIC_REPRESENTATION_CONTEXT() REPRESENTATION_CONTEXT('2D SPACE',''
  ) );
#8159 = ORIENTED_EDGE('',*,*,#8116,.T.);
#8160 = ORIENTED_EDGE('',*,*,#7747,.F.);
#8161 = ADVANCED_FACE('',(#8162),#7863,.F.);
#8162 = FACE_BOUND('',#8163,.F.);
#8163 = EDGE_LOOP('',(#8164,#8165,#8166,#8167));
#8164 = ORIENTED_EDGE('',*,*,#7902,.F.);
#8165 = ORIENTED_EDGE('',*,*,#7847,.T.);
#8166 = ORIENTED_EDGE('',*,*,#8030,.T.);
#8167 = ORIENTED_EDGE('',*,*,#8168,.T.);
#8168 = EDGE_CURVE('',#8031,#7903,#8169,.T.);
#8169 = SURFACE_CURVE('',#8170,(#8174,#8180),.PCURVE_S1.);
#8170 = LINE('',#8171,#8172);
#8171 = CARTESIAN_POINT('',(5.0745E+03,687.88702389151,630.));
#8172 = VECTOR('',#8173,1.);
#8173 = DIRECTION('',(-1.,-0.,-0.));
#8174 = PCURVE('',#7863,#8175);
#8175 = DEFINITIONAL_REPRESENTATION('',(#8176),#8179);
#8176 = B_SPLINE_CURVE_WITH_KNOTS('',1,(#8177,#8178),.UNSPECIFIED.,.F.,
  .F.,(2,2),(-50.5,-0.5),.PIECEWISE_BEZIER_KNOTS.);
#8177 = CARTESIAN_POINT('',(70.450788565263,-50.));
#8178 = CARTESIAN_POINT('',(70.450788565263,0.));
#8179 = ( GEOMETRIC_REPRESENTATION_CONTEXT(2) 
PARAMETRIC_REPRESENTATION_CONTEXT() REPRESENTATION_CONTEXT('2D SPACE',''
  ) );
#8180 = PCURVE('',#7940,#8181);
#8181 = DEFINITIONAL_REPRESENTATION('',(#8182),#8185);
#8182 = B_SPLINE_CURVE_WITH_KNOTS('',1,(#8183,#8184),.UNSPECIFIED.,.F.,
  .F.,(2,2),(-50.5,-0.5),.PIECEWISE_BEZIER_KNOTS.);
#8183 = CARTESIAN_POINT('',(639.92799613447,-51.));
#8184 = CARTESIAN_POINT('',(639.92799613447,-1.));
#8185 = ( GEOMETRIC_REPRESENTATION_CONTEXT(2) 
PARAMETRIC_REPRESENTATION_CONTEXT() REPRESENTATION_CONTEXT('2D SPACE',''
  ) );
#8186 = ADVANCED_FACE('',(#8187),#7992,.T.);
#8187 = FACE_BOUND('',#8188,.T.);
#8188 = EDGE_LOOP('',(#8189,#8210,#8211,#8212));
#8189 = ORIENTED_EDGE('',*,*,#8190,.F.);
#8190 = EDGE_CURVE('',#7952,#8075,#8191,.T.);
#8191 = SURFACE_CURVE('',#8192,(#8196,#8203),.PCURVE_S1.);
#8192 = LINE('',#8193,#8194);
#8193 = CARTESIAN_POINT('',(5.074E+03,-352.5024085069,85.));
#8194 = VECTOR('',#8195,1.);
#8195 = DIRECTION('',(1.,0.,0.));
#8196 = PCURVE('',#7992,#8197);
#8197 = DEFINITIONAL_REPRESENTATION('',(#8198),#8202);
#8198 = LINE('',#8199,#8200);
#8199 = CARTESIAN_POINT('',(780.829573265,0.));
#8200 = VECTOR('',#8201,1.);
#8201 = DIRECTION('',(0.,-1.));
#8202 = ( GEOMETRIC_REPRESENTATION_CONTEXT(2) 
PARAMETRIC_REPRESENTATION_CONTEXT() REPRESENTATION_CONTEXT('2D SPACE',''
  ) );
#8203 = PCURVE('',#7966,#8204);
#8204 = DEFINITIONAL_REPRESENTATION('',(#8205),#8209);
#8205 = LINE('',#8206,#8207);
#8206 = CARTESIAN_POINT('',(0.,0.));
#8207 = VECTOR('',#8208,1.);
#8208 = DIRECTION('',(0.,-1.));
#8209 = ( GEOMETRIC_REPRESENTATION_CONTEXT(2) 
PARAMETRIC_REPRESENTATION_CONTEXT() REPRESENTATION_CONTEXT('2D SPACE',''
  ) );
#8210 = ORIENTED_EDGE('',*,*,#7977,.T.);
#8211 = ORIENTED_EDGE('',*,*,#8141,.T.);
#8212 = ORIENTED_EDGE('',*,*,#8095,.F.);
#8213 = ADVANCED_FACE('',(#8214),#7966,.T.);
#8214 = FACE_BOUND('',#8215,.T.);
#8215 = EDGE_LOOP('',(#8216,#8217,#8218,#8219));
#8216 = ORIENTED_EDGE('',*,*,#7951,.T.);
#8217 = ORIENTED_EDGE('',*,*,#8190,.T.);
#8218 = ORIENTED_EDGE('',*,*,#8074,.F.);
#8219 = ORIENTED_EDGE('',*,*,#8220,.F.);
#8220 = EDGE_CURVE('',#7926,#8054,#8221,.T.);
#8221 = SURFACE_CURVE('',#8222,(#8226,#8233),.PCURVE_S1.);
#8222 = LINE('',#8223,#8224);
#8223 = CARTESIAN_POINT('',(5.074E+03,352.5024085069,85.));
#8224 = VECTOR('',#8225,1.);
#8225 = DIRECTION('',(1.,0.,0.));
#8226 = PCURVE('',#7966,#8227);
#8227 = DEFINITIONAL_REPRESENTATION('',(#8228),#8232);
#8228 = LINE('',#8229,#8230);
#8229 = CARTESIAN_POINT('',(705.0048170138,0.));
#8230 = VECTOR('',#8231,1.);
#8231 = DIRECTION('',(0.,-1.));
#8232 = ( GEOMETRIC_REPRESENTATION_CONTEXT(2) 
PARAMETRIC_REPRESENTATION_CONTEXT() REPRESENTATION_CONTEXT('2D SPACE',''
  ) );
#8233 = PCURVE('',#7940,#8234);
#8234 = DEFINITIONAL_REPRESENTATION('',(#8235),#8239);
#8235 = LINE('',#8236,#8237);
#8236 = CARTESIAN_POINT('',(0.,0.));
#8237 = VECTOR('',#8238,1.);
#8238 = DIRECTION('',(0.,-1.));
#8239 = ( GEOMETRIC_REPRESENTATION_CONTEXT(2) 
PARAMETRIC_REPRESENTATION_CONTEXT() REPRESENTATION_CONTEXT('2D SPACE',''
  ) );
#8240 = ADVANCED_FACE('',(#8241),#7940,.T.);
#8241 = FACE_BOUND('',#8242,.T.);
#8242 = EDGE_LOOP('',(#8243,#8244,#8245,#8246));
#8243 = ORIENTED_EDGE('',*,*,#7925,.T.);
#8244 = ORIENTED_EDGE('',*,*,#8220,.T.);
#8245 = ORIENTED_EDGE('',*,*,#8053,.F.);
#8246 = ORIENTED_EDGE('',*,*,#8168,.T.);
#8247 = MANIFOLD_SOLID_BREP('',#8248);
#8248 = CLOSED_SHELL('',(#8249,#8369,#8445,#8521,#8649,#8762,#8787,#8812
    ,#8839,#8866));
#8249 = ADVANCED_FACE('',(#8250),#8264,.F.);
#8250 = FACE_BOUND('',#8251,.F.);
#8251 = EDGE_LOOP('',(#8252,#8287,#8315,#8343));
#8252 = ORIENTED_EDGE('',*,*,#8253,.T.);
#8253 = EDGE_CURVE('',#8254,#8256,#8258,.T.);
#8254 = VERTEX_POINT('',#8255);
#8255 = CARTESIAN_POINT('',(5.675E+03,-386.030120149,25.));
#8256 = VERTEX_POINT('',#8257);
#8257 = CARTESIAN_POINT('',(5.725E+03,-386.030120149,25.));
#8258 = SURFACE_CURVE('',#8259,(#8263,#8275),.PCURVE_S1.);
#8259 = LINE('',#8260,#8261);
#8260 = CARTESIAN_POINT('',(5.675E+03,-386.030120149,25.));
#8261 = VECTOR('',#8262,1.);
#8262 = DIRECTION('',(1.,0.,0.));
#8263 = PCURVE('',#8264,#8269);
#8264 = PLANE('',#8265);
#8265 = AXIS2_PLACEMENT_3D('',#8266,#8267,#8268);
#8266 = CARTESIAN_POINT('',(5.675E+03,-386.030120149,25.));
#8267 = DIRECTION('',(0.,0.,1.));
#8268 = DIRECTION('',(0.,1.,0.));
#8269 = DEFINITIONAL_REPRESENTATION('',(#8270),#8274);
#8270 = LINE('',#8271,#8272);
#8271 = CARTESIAN_POINT('',(0.,0.));
#8272 = VECTOR('',#8273,1.);
#8273 = DIRECTION('',(0.,-1.));
#8274 = ( GEOMETRIC_REPRESENTATION_CONTEXT(2) 
PARAMETRIC_REPRESENTATION_CONTEXT() REPRESENTATION_CONTEXT('2D SPACE',''
  ) );
#8275 = PCURVE('',#8276,#8281);
#8276 = PLANE('',#8277);
#8277 = AXIS2_PLACEMENT_3D('',#8278,#8279,#8280);
#8278 = CARTESIAN_POINT('',(5.675E+03,-758.3378124567,630.));
#8279 = DIRECTION('',(-0.,0.851658316705,0.524097425664));
#8280 = DIRECTION('',(0.,0.524097425664,-0.851658316705));
#8281 = DEFINITIONAL_REPRESENTATION('',(#8282),#8286);
#8282 = LINE('',#8283,#8284);
#8283 = CARTESIAN_POINT('',(710.37878469974,0.));
#8284 = VECTOR('',#8285,1.);
#8285 = DIRECTION('',(0.,-1.));
#8286 = ( GEOMETRIC_REPRESENTATION_CONTEXT(2) 
PARAMETRIC_REPRESENTATION_CONTEXT() REPRESENTATION_CONTEXT('2D SPACE',''
  ) );
#8287 = ORIENTED_EDGE('',*,*,#8288,.T.);
#8288 = EDGE_CURVE('',#8256,#8289,#8291,.T.);
#8289 = VERTEX_POINT('',#8290);
#8290 = CARTESIAN_POINT('',(5.725E+03,386.03012014908,25.));
#8291 = SURFACE_CURVE('',#8292,(#8296,#8303),.PCURVE_S1.);
#8292 = LINE('',#8293,#8294);
#8293 = CARTESIAN_POINT('',(5.725E+03,-386.030120149,25.));
#8294 = VECTOR('',#8295,1.);
#8295 = DIRECTION('',(0.,1.,0.));
#8296 = PCURVE('',#8264,#8297);
#8297 = DEFINITIONAL_REPRESENTATION('',(#8298),#8302);
#8298 = LINE('',#8299,#8300);
#8299 = CARTESIAN_POINT('',(0.,-50.));
#8300 = VECTOR('',#8301,1.);
#8301 = DIRECTION('',(1.,0.));
#8302 = ( GEOMETRIC_REPRESENTATION_CONTEXT(2) 
PARAMETRIC_REPRESENTATION_CONTEXT() REPRESENTATION_CONTEXT('2D SPACE',''
  ) );
#8303 = PCURVE('',#8304,#8309);
#8304 = PLANE('',#8305);
#8305 = AXIS2_PLACEMENT_3D('',#8306,#8307,#8308);
#8306 = CARTESIAN_POINT('',(5.725E+03,-7.84576950189E-15,388.22153996675
    ));
#8307 = DIRECTION('',(1.,0.,0.));
#8308 = DIRECTION('',(-0.,0.,1.));
#8309 = DEFINITIONAL_REPRESENTATION('',(#8310),#8314);
#8310 = LINE('',#8311,#8312);
#8311 = CARTESIAN_POINT('',(-363.2215399667,386.03012014908));
#8312 = VECTOR('',#8313,1.);
#8313 = DIRECTION('',(0.,-1.));
#8314 = ( GEOMETRIC_REPRESENTATION_CONTEXT(2) 
PARAMETRIC_REPRESENTATION_CONTEXT() REPRESENTATION_CONTEXT('2D SPACE',''
  ) );
#8315 = ORIENTED_EDGE('',*,*,#8316,.F.);
#8316 = EDGE_CURVE('',#8317,#8289,#8319,.T.);
#8317 = VERTEX_POINT('',#8318);
#8318 = CARTESIAN_POINT('',(5.675E+03,386.03012014908,25.));
#8319 = SURFACE_CURVE('',#8320,(#8324,#8331),.PCURVE_S1.);
#8320 = LINE('',#8321,#8322);
#8321 = CARTESIAN_POINT('',(5.675E+03,386.03012014908,25.));
#8322 = VECTOR('',#8323,1.);
#8323 = DIRECTION('',(1.,0.,0.));
#8324 = PCURVE('',#8264,#8325);
#8325 = DEFINITIONAL_REPRESENTATION('',(#8326),#8330);
#8326 = LINE('',#8327,#8328);
#8327 = CARTESIAN_POINT('',(772.06024029817,0.));
#8328 = VECTOR('',#8329,1.);
#8329 = DIRECTION('',(0.,-1.));
#8330 = ( GEOMETRIC_REPRESENTATION_CONTEXT(2) 
PARAMETRIC_REPRESENTATION_CONTEXT() REPRESENTATION_CONTEXT('2D SPACE',''
  ) );
#8331 = PCURVE('',#8332,#8337);
#8332 = PLANE('',#8333);
#8333 = AXIS2_PLACEMENT_3D('',#8334,#8335,#8336);
#8334 = CARTESIAN_POINT('',(5.675E+03,386.03012014908,25.));
#8335 = DIRECTION('',(0.,-0.851658316705,0.524097425664));
#8336 = DIRECTION('',(0.,0.524097425664,0.851658316705));
#8337 = DEFINITIONAL_REPRESENTATION('',(#8338),#8342);
#8338 = LINE('',#8339,#8340);
#8339 = CARTESIAN_POINT('',(0.,0.));
#8340 = VECTOR('',#8341,1.);
#8341 = DIRECTION('',(0.,-1.));
#8342 = ( GEOMETRIC_REPRESENTATION_CONTEXT(2) 
PARAMETRIC_REPRESENTATION_CONTEXT() REPRESENTATION_CONTEXT('2D SPACE',''
  ) );
#8343 = ORIENTED_EDGE('',*,*,#8344,.F.);
#8344 = EDGE_CURVE('',#8254,#8317,#8345,.T.);
#8345 = SURFACE_CURVE('',#8346,(#8350,#8357),.PCURVE_S1.);
#8346 = LINE('',#8347,#8348);
#8347 = CARTESIAN_POINT('',(5.675E+03,-386.030120149,25.));
#8348 = VECTOR('',#8349,1.);
#8349 = DIRECTION('',(0.,1.,0.));
#8350 = PCURVE('',#8264,#8351);
#8351 = DEFINITIONAL_REPRESENTATION('',(#8352),#8356);
#8352 = LINE('',#8353,#8354);
#8353 = CARTESIAN_POINT('',(0.,0.));
#8354 = VECTOR('',#8355,1.);
#8355 = DIRECTION('',(1.,0.));
#8356 = ( GEOMETRIC_REPRESENTATION_CONTEXT(2) 
PARAMETRIC_REPRESENTATION_CONTEXT() REPRESENTATION_CONTEXT('2D SPACE',''
  ) );
#8357 = PCURVE('',#8358,#8363);
#8358 = PLANE('',#8359);
#8359 = AXIS2_PLACEMENT_3D('',#8360,#8361,#8362);
#8360 = CARTESIAN_POINT('',(5.675E+03,-7.84576950189E-15,388.22153996675
    ));
#8361 = DIRECTION('',(1.,0.,0.));
#8362 = DIRECTION('',(-0.,0.,1.));
#8363 = DEFINITIONAL_REPRESENTATION('',(#8364),#8368);
#8364 = LINE('',#8365,#8366);
#8365 = CARTESIAN_POINT('',(-363.2215399667,386.03012014908));
#8366 = VECTOR('',#8367,1.);
#8367 = DIRECTION('',(0.,-1.));
#8368 = ( GEOMETRIC_REPRESENTATION_CONTEXT(2) 
PARAMETRIC_REPRESENTATION_CONTEXT() REPRESENTATION_CONTEXT('2D SPACE',''
  ) );
#8369 = ADVANCED_FACE('',(#8370),#8276,.F.);
#8370 = FACE_BOUND('',#8371,.F.);
#8371 = EDGE_LOOP('',(#8372,#8402,#8423,#8424));
#8372 = ORIENTED_EDGE('',*,*,#8373,.T.);
#8373 = EDGE_CURVE('',#8374,#8376,#8378,.T.);
#8374 = VERTEX_POINT('',#8375);
#8375 = CARTESIAN_POINT('',(5.675E+03,-758.3378124567,630.));
#8376 = VERTEX_POINT('',#8377);
#8377 = CARTESIAN_POINT('',(5.725E+03,-758.3378124567,630.));
#8378 = SURFACE_CURVE('',#8379,(#8383,#8390),.PCURVE_S1.);
#8379 = LINE('',#8380,#8381);
#8380 = CARTESIAN_POINT('',(5.675E+03,-758.3378124567,630.));
#8381 = VECTOR('',#8382,1.);
#8382 = DIRECTION('',(1.,0.,0.));
#8383 = PCURVE('',#8276,#8384);
#8384 = DEFINITIONAL_REPRESENTATION('',(#8385),#8389);
#8385 = LINE('',#8386,#8387);
#8386 = CARTESIAN_POINT('',(0.,0.));
#8387 = VECTOR('',#8388,1.);
#8388 = DIRECTION('',(0.,-1.));
#8389 = ( GEOMETRIC_REPRESENTATION_CONTEXT(2) 
PARAMETRIC_REPRESENTATION_CONTEXT() REPRESENTATION_CONTEXT('2D SPACE',''
  ) );
#8390 = PCURVE('',#8391,#8396);
#8391 = PLANE('',#8392);
#8392 = AXIS2_PLACEMENT_3D('',#8393,#8394,#8395);
#8393 = CARTESIAN_POINT('',(5.675E+03,758.33781245678,630.));
#8394 = DIRECTION('',(0.,0.,-1.));
#8395 = DIRECTION('',(0.,-1.,0.));
#8396 = DEFINITIONAL_REPRESENTATION('',(#8397),#8401);
#8397 = LINE('',#8398,#8399);
#8398 = CARTESIAN_POINT('',(1.516675624914E+03,0.));
#8399 = VECTOR('',#8400,1.);
#8400 = DIRECTION('',(0.,-1.));
#8401 = ( GEOMETRIC_REPRESENTATION_CONTEXT(2) 
PARAMETRIC_REPRESENTATION_CONTEXT() REPRESENTATION_CONTEXT('2D SPACE',''
  ) );
#8402 = ORIENTED_EDGE('',*,*,#8403,.T.);
#8403 = EDGE_CURVE('',#8376,#8256,#8404,.T.);
#8404 = SURFACE_CURVE('',#8405,(#8409,#8416),.PCURVE_S1.);
#8405 = LINE('',#8406,#8407);
#8406 = CARTESIAN_POINT('',(5.725E+03,-758.3378124567,630.));
#8407 = VECTOR('',#8408,1.);
#8408 = DIRECTION('',(0.,0.524097425664,-0.851658316705));
#8409 = PCURVE('',#8276,#8410);
#8410 = DEFINITIONAL_REPRESENTATION('',(#8411),#8415);
#8411 = LINE('',#8412,#8413);
#8412 = CARTESIAN_POINT('',(0.,-50.));
#8413 = VECTOR('',#8414,1.);
#8414 = DIRECTION('',(1.,0.));
#8415 = ( GEOMETRIC_REPRESENTATION_CONTEXT(2) 
PARAMETRIC_REPRESENTATION_CONTEXT() REPRESENTATION_CONTEXT('2D SPACE',''
  ) );
#8416 = PCURVE('',#8304,#8417);
#8417 = DEFINITIONAL_REPRESENTATION('',(#8418),#8422);
#8418 = LINE('',#8419,#8420);
#8419 = CARTESIAN_POINT('',(241.77846003324,758.33781245678));
#8420 = VECTOR('',#8421,1.);
#8421 = DIRECTION('',(-0.851658316705,-0.524097425664));
#8422 = ( GEOMETRIC_REPRESENTATION_CONTEXT(2) 
PARAMETRIC_REPRESENTATION_CONTEXT() REPRESENTATION_CONTEXT('2D SPACE',''
  ) );
#8423 = ORIENTED_EDGE('',*,*,#8253,.F.);
#8424 = ORIENTED_EDGE('',*,*,#8425,.F.);
#8425 = EDGE_CURVE('',#8374,#8254,#8426,.T.);
#8426 = SURFACE_CURVE('',#8427,(#8431,#8438),.PCURVE_S1.);
#8427 = LINE('',#8428,#8429);
#8428 = CARTESIAN_POINT('',(5.675E+03,-758.3378124567,630.));
#8429 = VECTOR('',#8430,1.);
#8430 = DIRECTION('',(0.,0.524097425664,-0.851658316705));
#8431 = PCURVE('',#8276,#8432);
#8432 = DEFINITIONAL_REPRESENTATION('',(#8433),#8437);
#8433 = LINE('',#8434,#8435);
#8434 = CARTESIAN_POINT('',(0.,0.));
#8435 = VECTOR('',#8436,1.);
#8436 = DIRECTION('',(1.,0.));
#8437 = ( GEOMETRIC_REPRESENTATION_CONTEXT(2) 
PARAMETRIC_REPRESENTATION_CONTEXT() REPRESENTATION_CONTEXT('2D SPACE',''
  ) );
#8438 = PCURVE('',#8358,#8439);
#8439 = DEFINITIONAL_REPRESENTATION('',(#8440),#8444);
#8440 = LINE('',#8441,#8442);
#8441 = CARTESIAN_POINT('',(241.77846003324,758.33781245678));
#8442 = VECTOR('',#8443,1.);
#8443 = DIRECTION('',(-0.851658316705,-0.524097425664));
#8444 = ( GEOMETRIC_REPRESENTATION_CONTEXT(2) 
PARAMETRIC_REPRESENTATION_CONTEXT() REPRESENTATION_CONTEXT('2D SPACE',''
  ) );
#8445 = ADVANCED_FACE('',(#8446),#8332,.F.);
#8446 = FACE_BOUND('',#8447,.F.);
#8447 = EDGE_LOOP('',(#8448,#8449,#8472,#8500));
#8448 = ORIENTED_EDGE('',*,*,#8316,.T.);
#8449 = ORIENTED_EDGE('',*,*,#8450,.T.);
#8450 = EDGE_CURVE('',#8289,#8451,#8453,.T.);
#8451 = VERTEX_POINT('',#8452);
#8452 = CARTESIAN_POINT('',(5.725E+03,758.33781245678,630.));
#8453 = SURFACE_CURVE('',#8454,(#8458,#8465),.PCURVE_S1.);
#8454 = LINE('',#8455,#8456);
#8455 = CARTESIAN_POINT('',(5.725E+03,386.03012014908,25.));
#8456 = VECTOR('',#8457,1.);
#8457 = DIRECTION('',(0.,0.524097425664,0.851658316705));
#8458 = PCURVE('',#8332,#8459);
#8459 = DEFINITIONAL_REPRESENTATION('',(#8460),#8464);
#8460 = LINE('',#8461,#8462);
#8461 = CARTESIAN_POINT('',(0.,-50.));
#8462 = VECTOR('',#8463,1.);
#8463 = DIRECTION('',(1.,0.));
#8464 = ( GEOMETRIC_REPRESENTATION_CONTEXT(2) 
PARAMETRIC_REPRESENTATION_CONTEXT() REPRESENTATION_CONTEXT('2D SPACE',''
  ) );
#8465 = PCURVE('',#8304,#8466);
#8466 = DEFINITIONAL_REPRESENTATION('',(#8467),#8471);
#8467 = LINE('',#8468,#8469);
#8468 = CARTESIAN_POINT('',(-363.2215399667,-386.030120149));
#8469 = VECTOR('',#8470,1.);
#8470 = DIRECTION('',(0.851658316705,-0.524097425664));
#8471 = ( GEOMETRIC_REPRESENTATION_CONTEXT(2) 
PARAMETRIC_REPRESENTATION_CONTEXT() REPRESENTATION_CONTEXT('2D SPACE',''
  ) );
#8472 = ORIENTED_EDGE('',*,*,#8473,.F.);
#8473 = EDGE_CURVE('',#8474,#8451,#8476,.T.);
#8474 = VERTEX_POINT('',#8475);
#8475 = CARTESIAN_POINT('',(5.675E+03,758.33781245678,630.));
#8476 = SURFACE_CURVE('',#8477,(#8481,#8488),.PCURVE_S1.);
#8477 = LINE('',#8478,#8479);
#8478 = CARTESIAN_POINT('',(5.675E+03,758.33781245678,630.));
#8479 = VECTOR('',#8480,1.);
#8480 = DIRECTION('',(1.,0.,0.));
#8481 = PCURVE('',#8332,#8482);
#8482 = DEFINITIONAL_REPRESENTATION('',(#8483),#8487);
#8483 = LINE('',#8484,#8485);
#8484 = CARTESIAN_POINT('',(710.37878469974,0.));
#8485 = VECTOR('',#8486,1.);
#8486 = DIRECTION('',(0.,-1.));
#8487 = ( GEOMETRIC_REPRESENTATION_CONTEXT(2) 
PARAMETRIC_REPRESENTATION_CONTEXT() REPRESENTATION_CONTEXT('2D SPACE',''
  ) );
#8488 = PCURVE('',#8489,#8494);
#8489 = PLANE('',#8490);
#8490 = AXIS2_PLACEMENT_3D('',#8491,#8492,#8493);
#8491 = CARTESIAN_POINT('',(5.675E+03,758.33781245678,630.));
#8492 = DIRECTION('',(0.,0.,-1.));
#8493 = DIRECTION('',(0.,-1.,0.));
#8494 = DEFINITIONAL_REPRESENTATION('',(#8495),#8499);
#8495 = LINE('',#8496,#8497);
#8496 = CARTESIAN_POINT('',(0.,-0.));
#8497 = VECTOR('',#8498,1.);
#8498 = DIRECTION('',(0.,-1.));
#8499 = ( GEOMETRIC_REPRESENTATION_CONTEXT(2) 
PARAMETRIC_REPRESENTATION_CONTEXT() REPRESENTATION_CONTEXT('2D SPACE',''
  ) );
#8500 = ORIENTED_EDGE('',*,*,#8501,.F.);
#8501 = EDGE_CURVE('',#8317,#8474,#8502,.T.);
#8502 = SURFACE_CURVE('',#8503,(#8507,#8514),.PCURVE_S1.);
#8503 = LINE('',#8504,#8505);
#8504 = CARTESIAN_POINT('',(5.675E+03,386.03012014908,25.));
#8505 = VECTOR('',#8506,1.);
#8506 = DIRECTION('',(0.,0.524097425664,0.851658316705));
#8507 = PCURVE('',#8332,#8508);
#8508 = DEFINITIONAL_REPRESENTATION('',(#8509),#8513);
#8509 = LINE('',#8510,#8511);
#8510 = CARTESIAN_POINT('',(0.,0.));
#8511 = VECTOR('',#8512,1.);
#8512 = DIRECTION('',(1.,0.));
#8513 = ( GEOMETRIC_REPRESENTATION_CONTEXT(2) 
PARAMETRIC_REPRESENTATION_CONTEXT() REPRESENTATION_CONTEXT('2D SPACE',''
  ) );
#8514 = PCURVE('',#8358,#8515);
#8515 = DEFINITIONAL_REPRESENTATION('',(#8516),#8520);
#8516 = LINE('',#8517,#8518);
#8517 = CARTESIAN_POINT('',(-363.2215399667,-386.030120149));
#8518 = VECTOR('',#8519,1.);
#8519 = DIRECTION('',(0.851658316705,-0.524097425664));
#8520 = ( GEOMETRIC_REPRESENTATION_CONTEXT(2) 
PARAMETRIC_REPRESENTATION_CONTEXT() REPRESENTATION_CONTEXT('2D SPACE',''
  ) );
#8521 = ADVANCED_FACE('',(#8522),#8358,.F.);
#8522 = FACE_BOUND('',#8523,.F.);
#8523 = EDGE_LOOP('',(#8524,#8525,#8526,#8527,#8550,#8576,#8602,#8628));
#8524 = ORIENTED_EDGE('',*,*,#8425,.T.);
#8525 = ORIENTED_EDGE('',*,*,#8344,.T.);
#8526 = ORIENTED_EDGE('',*,*,#8501,.T.);
#8527 = ORIENTED_EDGE('',*,*,#8528,.T.);
#8528 = EDGE_CURVE('',#8474,#8529,#8531,.T.);
#8529 = VERTEX_POINT('',#8530);
#8530 = CARTESIAN_POINT('',(5.675E+03,687.88702389151,630.));
#8531 = SURFACE_CURVE('',#8532,(#8536,#8543),.PCURVE_S1.);
#8532 = LINE('',#8533,#8534);
#8533 = CARTESIAN_POINT('',(5.675E+03,758.33781245678,630.));
#8534 = VECTOR('',#8535,1.);
#8535 = DIRECTION('',(0.,-1.,0.));
#8536 = PCURVE('',#8358,#8537);
#8537 = DEFINITIONAL_REPRESENTATION('',(#8538),#8542);
#8538 = LINE('',#8539,#8540);
#8539 = CARTESIAN_POINT('',(241.77846003324,-758.3378124567));
#8540 = VECTOR('',#8541,1.);
#8541 = DIRECTION('',(0.,1.));
#8542 = ( GEOMETRIC_REPRESENTATION_CONTEXT(2) 
PARAMETRIC_REPRESENTATION_CONTEXT() REPRESENTATION_CONTEXT('2D SPACE',''
  ) );
#8543 = PCURVE('',#8489,#8544);
#8544 = DEFINITIONAL_REPRESENTATION('',(#8545),#8549);
#8545 = LINE('',#8546,#8547);
#8546 = CARTESIAN_POINT('',(0.,-0.));
#8547 = VECTOR('',#8548,1.);
#8548 = DIRECTION('',(1.,0.));
#8549 = ( GEOMETRIC_REPRESENTATION_CONTEXT(2) 
PARAMETRIC_REPRESENTATION_CONTEXT() REPRESENTATION_CONTEXT('2D SPACE',''
  ) );
#8550 = ORIENTED_EDGE('',*,*,#8551,.T.);
#8551 = EDGE_CURVE('',#8529,#8552,#8554,.T.);
#8552 = VERTEX_POINT('',#8553);
#8553 = CARTESIAN_POINT('',(5.675E+03,352.5024085069,85.));
#8554 = SURFACE_CURVE('',#8555,(#8559,#8565),.PCURVE_S1.);
#8555 = LINE('',#8556,#8557);
#8556 = CARTESIAN_POINT('',(5.675E+03,371.76182055003,116.29654457009));
#8557 = VECTOR('',#8558,1.);
#8558 = DIRECTION('',(0.,-0.524097425664,-0.851658316705));
#8559 = PCURVE('',#8358,#8560);
#8560 = DEFINITIONAL_REPRESENTATION('',(#8561),#8564);
#8561 = B_SPLINE_CURVE_WITH_KNOTS('',1,(#8562,#8563),.UNSPECIFIED.,.F.,
  .F.,(2,2),(-603.1802253956,36.74777073885),.PIECEWISE_BEZIER_KNOTS.);
#8562 = CARTESIAN_POINT('',(241.77846003324,-687.8870238915));
#8563 = CARTESIAN_POINT('',(-303.2215399667,-352.5024085069));
#8564 = ( GEOMETRIC_REPRESENTATION_CONTEXT(2) 
PARAMETRIC_REPRESENTATION_CONTEXT() REPRESENTATION_CONTEXT('2D SPACE',''
  ) );
#8565 = PCURVE('',#8566,#8571);
#8566 = PLANE('',#8567);
#8567 = AXIS2_PLACEMENT_3D('',#8568,#8569,#8570);
#8568 = CARTESIAN_POINT('',(5.674E+03,352.5024085069,85.));
#8569 = DIRECTION('',(0.,-0.851658316705,0.524097425664));
#8570 = DIRECTION('',(0.,0.524097425664,0.851658316705));
#8571 = DEFINITIONAL_REPRESENTATION('',(#8572),#8575);
#8572 = B_SPLINE_CURVE_WITH_KNOTS('',1,(#8573,#8574),.UNSPECIFIED.,.F.,
  .F.,(2,2),(-603.1802253956,36.74777073885),.PIECEWISE_BEZIER_KNOTS.);
#8573 = CARTESIAN_POINT('',(639.92799613447,-1.));
#8574 = CARTESIAN_POINT('',(0.,-1.));
#8575 = ( GEOMETRIC_REPRESENTATION_CONTEXT(2) 
PARAMETRIC_REPRESENTATION_CONTEXT() REPRESENTATION_CONTEXT('2D SPACE',''
  ) );
#8576 = ORIENTED_EDGE('',*,*,#8577,.T.);
#8577 = EDGE_CURVE('',#8552,#8578,#8580,.T.);
#8578 = VERTEX_POINT('',#8579);
#8579 = CARTESIAN_POINT('',(5.675E+03,-352.5024085069,85.));
#8580 = SURFACE_CURVE('',#8581,(#8585,#8591),.PCURVE_S1.);
#8581 = LINE('',#8582,#8583);
#8582 = CARTESIAN_POINT('',(5.675E+03,-176.2512042534,85.));
#8583 = VECTOR('',#8584,1.);
#8584 = DIRECTION('',(0.,-1.,0.));
#8585 = PCURVE('',#8358,#8586);
#8586 = DEFINITIONAL_REPRESENTATION('',(#8587),#8590);
#8587 = B_SPLINE_CURVE_WITH_KNOTS('',1,(#8588,#8589),.UNSPECIFIED.,.F.,
  .F.,(2,2),(-528.7536127603,176.25120425345),.PIECEWISE_BEZIER_KNOTS.);
#8588 = CARTESIAN_POINT('',(-303.2215399667,-352.5024085069));
#8589 = CARTESIAN_POINT('',(-303.2215399667,352.5024085069));
#8590 = ( GEOMETRIC_REPRESENTATION_CONTEXT(2) 
PARAMETRIC_REPRESENTATION_CONTEXT() REPRESENTATION_CONTEXT('2D SPACE',''
  ) );
#8591 = PCURVE('',#8592,#8597);
#8592 = PLANE('',#8593);
#8593 = AXIS2_PLACEMENT_3D('',#8594,#8595,#8596);
#8594 = CARTESIAN_POINT('',(5.674E+03,-352.5024085069,85.));
#8595 = DIRECTION('',(0.,0.,1.));
#8596 = DIRECTION('',(0.,1.,0.));
#8597 = DEFINITIONAL_REPRESENTATION('',(#8598),#8601);
#8598 = B_SPLINE_CURVE_WITH_KNOTS('',1,(#8599,#8600),.UNSPECIFIED.,.F.,
  .F.,(2,2),(-528.7536127603,176.25120425345),.PIECEWISE_BEZIER_KNOTS.);
#8599 = CARTESIAN_POINT('',(705.0048170138,-1.));
#8600 = CARTESIAN_POINT('',(0.,-1.));
#8601 = ( GEOMETRIC_REPRESENTATION_CONTEXT(2) 
PARAMETRIC_REPRESENTATION_CONTEXT() REPRESENTATION_CONTEXT('2D SPACE',''
  ) );
#8602 = ORIENTED_EDGE('',*,*,#8603,.T.);
#8603 = EDGE_CURVE('',#8578,#8604,#8606,.T.);
#8604 = VERTEX_POINT('',#8605);
#8605 = CARTESIAN_POINT('',(5.675E+03,-687.8870238915,630.));
#8606 = SURFACE_CURVE('',#8607,(#8611,#8617),.PCURVE_S1.);
#8607 = LINE('',#8608,#8609);
#8608 = CARTESIAN_POINT('',(5.675E+03,-576.3772051654,448.79654457009));
#8609 = VECTOR('',#8610,1.);
#8610 = DIRECTION('',(0.,-0.524097425664,0.851658316705));
#8611 = PCURVE('',#8358,#8612);
#8612 = DEFINITIONAL_REPRESENTATION('',(#8613),#8616);
#8613 = B_SPLINE_CURVE_WITH_KNOTS('',1,(#8614,#8615),.UNSPECIFIED.,.F.,
  .F.,(2,2),(-427.1625573713,212.76543876312),.PIECEWISE_BEZIER_KNOTS.);
#8614 = CARTESIAN_POINT('',(-303.2215399667,352.5024085069));
#8615 = CARTESIAN_POINT('',(241.77846003324,687.88702389151));
#8616 = ( GEOMETRIC_REPRESENTATION_CONTEXT(2) 
PARAMETRIC_REPRESENTATION_CONTEXT() REPRESENTATION_CONTEXT('2D SPACE',''
  ) );
#8617 = PCURVE('',#8618,#8623);
#8618 = PLANE('',#8619);
#8619 = AXIS2_PLACEMENT_3D('',#8620,#8621,#8622);
#8620 = CARTESIAN_POINT('',(5.674E+03,-761.7331777376,750.));
#8621 = DIRECTION('',(-0.,0.851658316705,0.524097425664));
#8622 = DIRECTION('',(0.,0.524097425664,-0.851658316705));
#8623 = DEFINITIONAL_REPRESENTATION('',(#8624),#8627);
#8624 = B_SPLINE_CURVE_WITH_KNOTS('',1,(#8625,#8626),.UNSPECIFIED.,.F.,
  .F.,(2,2),(-427.1625573713,212.76543876312),.PIECEWISE_BEZIER_KNOTS.);
#8625 = CARTESIAN_POINT('',(780.829573265,-1.));
#8626 = CARTESIAN_POINT('',(140.90157713052,-1.));
#8627 = ( GEOMETRIC_REPRESENTATION_CONTEXT(2) 
PARAMETRIC_REPRESENTATION_CONTEXT() REPRESENTATION_CONTEXT('2D SPACE',''
  ) );
#8628 = ORIENTED_EDGE('',*,*,#8629,.T.);
#8629 = EDGE_CURVE('',#8604,#8374,#8630,.T.);
#8630 = SURFACE_CURVE('',#8631,(#8635,#8642),.PCURVE_S1.);
#8631 = LINE('',#8632,#8633);
#8632 = CARTESIAN_POINT('',(5.675E+03,758.33781245678,630.));
#8633 = VECTOR('',#8634,1.);
#8634 = DIRECTION('',(0.,-1.,0.));
#8635 = PCURVE('',#8358,#8636);
#8636 = DEFINITIONAL_REPRESENTATION('',(#8637),#8641);
#8637 = LINE('',#8638,#8639);
#8638 = CARTESIAN_POINT('',(241.77846003324,-758.3378124567));
#8639 = VECTOR('',#8640,1.);
#8640 = DIRECTION('',(0.,1.));
#8641 = ( GEOMETRIC_REPRESENTATION_CONTEXT(2) 
PARAMETRIC_REPRESENTATION_CONTEXT() REPRESENTATION_CONTEXT('2D SPACE',''
  ) );
#8642 = PCURVE('',#8391,#8643);
#8643 = DEFINITIONAL_REPRESENTATION('',(#8644),#8648);
#8644 = LINE('',#8645,#8646);
#8645 = CARTESIAN_POINT('',(0.,-0.));
#8646 = VECTOR('',#8647,1.);
#8647 = DIRECTION('',(1.,0.));
#8648 = ( GEOMETRIC_REPRESENTATION_CONTEXT(2) 
PARAMETRIC_REPRESENTATION_CONTEXT() REPRESENTATION_CONTEXT('2D SPACE',''
  ) );
#8649 = ADVANCED_FACE('',(#8650),#8304,.T.);
#8650 = FACE_BOUND('',#8651,.T.);
#8651 = EDGE_LOOP('',(#8652,#8653,#8654,#8655,#8678,#8699,#8720,#8741));
#8652 = ORIENTED_EDGE('',*,*,#8403,.T.);
#8653 = ORIENTED_EDGE('',*,*,#8288,.T.);
#8654 = ORIENTED_EDGE('',*,*,#8450,.T.);
#8655 = ORIENTED_EDGE('',*,*,#8656,.T.);
#8656 = EDGE_CURVE('',#8451,#8657,#8659,.T.);
#8657 = VERTEX_POINT('',#8658);
#8658 = CARTESIAN_POINT('',(5.725E+03,687.88702389151,630.));
#8659 = SURFACE_CURVE('',#8660,(#8664,#8671),.PCURVE_S1.);
#8660 = LINE('',#8661,#8662);
#8661 = CARTESIAN_POINT('',(5.725E+03,758.33781245678,630.));
#8662 = VECTOR('',#8663,1.);
#8663 = DIRECTION('',(0.,-1.,0.));
#8664 = PCURVE('',#8304,#8665);
#8665 = DEFINITIONAL_REPRESENTATION('',(#8666),#8670);
#8666 = LINE('',#8667,#8668);
#8667 = CARTESIAN_POINT('',(241.77846003324,-758.3378124567));
#8668 = VECTOR('',#8669,1.);
#8669 = DIRECTION('',(0.,1.));
#8670 = ( GEOMETRIC_REPRESENTATION_CONTEXT(2) 
PARAMETRIC_REPRESENTATION_CONTEXT() REPRESENTATION_CONTEXT('2D SPACE',''
  ) );
#8671 = PCURVE('',#8489,#8672);
#8672 = DEFINITIONAL_REPRESENTATION('',(#8673),#8677);
#8673 = LINE('',#8674,#8675);
#8674 = CARTESIAN_POINT('',(0.,-50.));
#8675 = VECTOR('',#8676,1.);
#8676 = DIRECTION('',(1.,0.));
#8677 = ( GEOMETRIC_REPRESENTATION_CONTEXT(2) 
PARAMETRIC_REPRESENTATION_CONTEXT() REPRESENTATION_CONTEXT('2D SPACE',''
  ) );
#8678 = ORIENTED_EDGE('',*,*,#8679,.T.);
#8679 = EDGE_CURVE('',#8657,#8680,#8682,.T.);
#8680 = VERTEX_POINT('',#8681);
#8681 = CARTESIAN_POINT('',(5.725E+03,352.5024085069,85.));
#8682 = SURFACE_CURVE('',#8683,(#8687,#8693),.PCURVE_S1.);
#8683 = LINE('',#8684,#8685);
#8684 = CARTESIAN_POINT('',(5.725E+03,371.76182055003,116.29654457009));
#8685 = VECTOR('',#8686,1.);
#8686 = DIRECTION('',(0.,-0.524097425664,-0.851658316705));
#8687 = PCURVE('',#8304,#8688);
#8688 = DEFINITIONAL_REPRESENTATION('',(#8689),#8692);
#8689 = B_SPLINE_CURVE_WITH_KNOTS('',1,(#8690,#8691),.UNSPECIFIED.,.F.,
  .F.,(2,2),(-603.1802253956,36.74777073885),.PIECEWISE_BEZIER_KNOTS.);
#8690 = CARTESIAN_POINT('',(241.77846003324,-687.8870238915));
#8691 = CARTESIAN_POINT('',(-303.2215399667,-352.5024085069));
#8692 = ( GEOMETRIC_REPRESENTATION_CONTEXT(2) 
PARAMETRIC_REPRESENTATION_CONTEXT() REPRESENTATION_CONTEXT('2D SPACE',''
  ) );
#8693 = PCURVE('',#8566,#8694);
#8694 = DEFINITIONAL_REPRESENTATION('',(#8695),#8698);
#8695 = B_SPLINE_CURVE_WITH_KNOTS('',1,(#8696,#8697),.UNSPECIFIED.,.F.,
  .F.,(2,2),(-603.1802253956,36.74777073885),.PIECEWISE_BEZIER_KNOTS.);
#8696 = CARTESIAN_POINT('',(639.92799613447,-51.));
#8697 = CARTESIAN_POINT('',(0.,-51.));
#8698 = ( GEOMETRIC_REPRESENTATION_CONTEXT(2) 
PARAMETRIC_REPRESENTATION_CONTEXT() REPRESENTATION_CONTEXT('2D SPACE',''
  ) );
#8699 = ORIENTED_EDGE('',*,*,#8700,.T.);
#8700 = EDGE_CURVE('',#8680,#8701,#8703,.T.);
#8701 = VERTEX_POINT('',#8702);
#8702 = CARTESIAN_POINT('',(5.725E+03,-352.5024085069,85.));
#8703 = SURFACE_CURVE('',#8704,(#8708,#8714),.PCURVE_S1.);
#8704 = LINE('',#8705,#8706);
#8705 = CARTESIAN_POINT('',(5.725E+03,-176.2512042534,85.));
#8706 = VECTOR('',#8707,1.);
#8707 = DIRECTION('',(0.,-1.,0.));
#8708 = PCURVE('',#8304,#8709);
#8709 = DEFINITIONAL_REPRESENTATION('',(#8710),#8713);
#8710 = B_SPLINE_CURVE_WITH_KNOTS('',1,(#8711,#8712),.UNSPECIFIED.,.F.,
  .F.,(2,2),(-528.7536127603,176.25120425345),.PIECEWISE_BEZIER_KNOTS.);
#8711 = CARTESIAN_POINT('',(-303.2215399667,-352.5024085069));
#8712 = CARTESIAN_POINT('',(-303.2215399667,352.5024085069));
#8713 = ( GEOMETRIC_REPRESENTATION_CONTEXT(2) 
PARAMETRIC_REPRESENTATION_CONTEXT() REPRESENTATION_CONTEXT('2D SPACE',''
  ) );
#8714 = PCURVE('',#8592,#8715);
#8715 = DEFINITIONAL_REPRESENTATION('',(#8716),#8719);
#8716 = B_SPLINE_CURVE_WITH_KNOTS('',1,(#8717,#8718),.UNSPECIFIED.,.F.,
  .F.,(2,2),(-528.7536127603,176.25120425345),.PIECEWISE_BEZIER_KNOTS.);
#8717 = CARTESIAN_POINT('',(705.0048170138,-51.));
#8718 = CARTESIAN_POINT('',(0.,-51.));
#8719 = ( GEOMETRIC_REPRESENTATION_CONTEXT(2) 
PARAMETRIC_REPRESENTATION_CONTEXT() REPRESENTATION_CONTEXT('2D SPACE',''
  ) );
#8720 = ORIENTED_EDGE('',*,*,#8721,.T.);
#8721 = EDGE_CURVE('',#8701,#8722,#8724,.T.);
#8722 = VERTEX_POINT('',#8723);
#8723 = CARTESIAN_POINT('',(5.725E+03,-687.8870238915,630.));
#8724 = SURFACE_CURVE('',#8725,(#8729,#8735),.PCURVE_S1.);
#8725 = LINE('',#8726,#8727);
#8726 = CARTESIAN_POINT('',(5.725E+03,-576.3772051654,448.79654457009));
#8727 = VECTOR('',#8728,1.);
#8728 = DIRECTION('',(0.,-0.524097425664,0.851658316705));
#8729 = PCURVE('',#8304,#8730);
#8730 = DEFINITIONAL_REPRESENTATION('',(#8731),#8734);
#8731 = B_SPLINE_CURVE_WITH_KNOTS('',1,(#8732,#8733),.UNSPECIFIED.,.F.,
  .F.,(2,2),(-427.1625573713,212.76543876312),.PIECEWISE_BEZIER_KNOTS.);
#8732 = CARTESIAN_POINT('',(-303.2215399667,352.5024085069));
#8733 = CARTESIAN_POINT('',(241.77846003324,687.88702389151));
#8734 = ( GEOMETRIC_REPRESENTATION_CONTEXT(2) 
PARAMETRIC_REPRESENTATION_CONTEXT() REPRESENTATION_CONTEXT('2D SPACE',''
  ) );
#8735 = PCURVE('',#8618,#8736);
#8736 = DEFINITIONAL_REPRESENTATION('',(#8737),#8740);
#8737 = B_SPLINE_CURVE_WITH_KNOTS('',1,(#8738,#8739),.UNSPECIFIED.,.F.,
  .F.,(2,2),(-427.1625573713,212.76543876312),.PIECEWISE_BEZIER_KNOTS.);
#8738 = CARTESIAN_POINT('',(780.829573265,-51.));
#8739 = CARTESIAN_POINT('',(140.90157713052,-51.));
#8740 = ( GEOMETRIC_REPRESENTATION_CONTEXT(2) 
PARAMETRIC_REPRESENTATION_CONTEXT() REPRESENTATION_CONTEXT('2D SPACE',''
  ) );
#8741 = ORIENTED_EDGE('',*,*,#8742,.T.);
#8742 = EDGE_CURVE('',#8722,#8376,#8743,.T.);
#8743 = SURFACE_CURVE('',#8744,(#8748,#8755),.PCURVE_S1.);
#8744 = LINE('',#8745,#8746);
#8745 = CARTESIAN_POINT('',(5.725E+03,758.33781245678,630.));
#8746 = VECTOR('',#8747,1.);
#8747 = DIRECTION('',(0.,-1.,0.));
#8748 = PCURVE('',#8304,#8749);
#8749 = DEFINITIONAL_REPRESENTATION('',(#8750),#8754);
#8750 = LINE('',#8751,#8752);
#8751 = CARTESIAN_POINT('',(241.77846003324,-758.3378124567));
#8752 = VECTOR('',#8753,1.);
#8753 = DIRECTION('',(0.,1.));
#8754 = ( GEOMETRIC_REPRESENTATION_CONTEXT(2) 
PARAMETRIC_REPRESENTATION_CONTEXT() REPRESENTATION_CONTEXT('2D SPACE',''
  ) );
#8755 = PCURVE('',#8391,#8756);
#8756 = DEFINITIONAL_REPRESENTATION('',(#8757),#8761);
#8757 = LINE('',#8758,#8759);
#8758 = CARTESIAN_POINT('',(0.,-50.));
#8759 = VECTOR('',#8760,1.);
#8760 = DIRECTION('',(1.,0.));
#8761 = ( GEOMETRIC_REPRESENTATION_CONTEXT(2) 
PARAMETRIC_REPRESENTATION_CONTEXT() REPRESENTATION_CONTEXT('2D SPACE',''
  ) );
#8762 = ADVANCED_FACE('',(#8763),#8391,.F.);
#8763 = FACE_BOUND('',#8764,.F.);
#8764 = EDGE_LOOP('',(#8765,#8766,#8785,#8786));
#8765 = ORIENTED_EDGE('',*,*,#8629,.F.);
#8766 = ORIENTED_EDGE('',*,*,#8767,.T.);
#8767 = EDGE_CURVE('',#8604,#8722,#8768,.T.);
#8768 = SURFACE_CURVE('',#8769,(#8773,#8779),.PCURVE_S1.);
#8769 = LINE('',#8770,#8771);
#8770 = CARTESIAN_POINT('',(5.6745E+03,-687.8870238915,630.));
#8771 = VECTOR('',#8772,1.);
#8772 = DIRECTION('',(1.,0.,0.));
#8773 = PCURVE('',#8391,#8774);
#8774 = DEFINITIONAL_REPRESENTATION('',(#8775),#8778);
#8775 = B_SPLINE_CURVE_WITH_KNOTS('',1,(#8776,#8777),.UNSPECIFIED.,.F.,
  .F.,(2,2),(0.5,50.5),.PIECEWISE_BEZIER_KNOTS.);
#8776 = CARTESIAN_POINT('',(1.446224836348E+03,0.));
#8777 = CARTESIAN_POINT('',(1.446224836348E+03,-50.));
#8778 = ( GEOMETRIC_REPRESENTATION_CONTEXT(2) 
PARAMETRIC_REPRESENTATION_CONTEXT() REPRESENTATION_CONTEXT('2D SPACE',''
  ) );
#8779 = PCURVE('',#8618,#8780);
#8780 = DEFINITIONAL_REPRESENTATION('',(#8781),#8784);
#8781 = B_SPLINE_CURVE_WITH_KNOTS('',1,(#8782,#8783),.UNSPECIFIED.,.F.,
  .F.,(2,2),(0.5,50.5),.PIECEWISE_BEZIER_KNOTS.);
#8782 = CARTESIAN_POINT('',(140.90157713052,-1.));
#8783 = CARTESIAN_POINT('',(140.90157713052,-51.));
#8784 = ( GEOMETRIC_REPRESENTATION_CONTEXT(2) 
PARAMETRIC_REPRESENTATION_CONTEXT() REPRESENTATION_CONTEXT('2D SPACE',''
  ) );
#8785 = ORIENTED_EDGE('',*,*,#8742,.T.);
#8786 = ORIENTED_EDGE('',*,*,#8373,.F.);
#8787 = ADVANCED_FACE('',(#8788),#8489,.F.);
#8788 = FACE_BOUND('',#8789,.F.);
#8789 = EDGE_LOOP('',(#8790,#8791,#8792,#8793));
#8790 = ORIENTED_EDGE('',*,*,#8528,.F.);
#8791 = ORIENTED_EDGE('',*,*,#8473,.T.);
#8792 = ORIENTED_EDGE('',*,*,#8656,.T.);
#8793 = ORIENTED_EDGE('',*,*,#8794,.T.);
#8794 = EDGE_CURVE('',#8657,#8529,#8795,.T.);
#8795 = SURFACE_CURVE('',#8796,(#8800,#8806),.PCURVE_S1.);
#8796 = LINE('',#8797,#8798);
#8797 = CARTESIAN_POINT('',(5.6745E+03,687.88702389151,630.));
#8798 = VECTOR('',#8799,1.);
#8799 = DIRECTION('',(-1.,-0.,-0.));
#8800 = PCURVE('',#8489,#8801);
#8801 = DEFINITIONAL_REPRESENTATION('',(#8802),#8805);
#8802 = B_SPLINE_CURVE_WITH_KNOTS('',1,(#8803,#8804),.UNSPECIFIED.,.F.,
  .F.,(2,2),(-50.5,-0.5),.PIECEWISE_BEZIER_KNOTS.);
#8803 = CARTESIAN_POINT('',(70.450788565263,-50.));
#8804 = CARTESIAN_POINT('',(70.450788565263,0.));
#8805 = ( GEOMETRIC_REPRESENTATION_CONTEXT(2) 
PARAMETRIC_REPRESENTATION_CONTEXT() REPRESENTATION_CONTEXT('2D SPACE',''
  ) );
#8806 = PCURVE('',#8566,#8807);
#8807 = DEFINITIONAL_REPRESENTATION('',(#8808),#8811);
#8808 = B_SPLINE_CURVE_WITH_KNOTS('',1,(#8809,#8810),.UNSPECIFIED.,.F.,
  .F.,(2,2),(-50.5,-0.5),.PIECEWISE_BEZIER_KNOTS.);
#8809 = CARTESIAN_POINT('',(639.92799613447,-51.));
#8810 = CARTESIAN_POINT('',(639.92799613447,-1.));
#8811 = ( GEOMETRIC_REPRESENTATION_CONTEXT(2) 
PARAMETRIC_REPRESENTATION_CONTEXT() REPRESENTATION_CONTEXT('2D SPACE',''
  ) );
#8812 = ADVANCED_FACE('',(#8813),#8618,.T.);
#8813 = FACE_BOUND('',#8814,.T.);
#8814 = EDGE_LOOP('',(#8815,#8836,#8837,#8838));
#8815 = ORIENTED_EDGE('',*,*,#8816,.F.);
#8816 = EDGE_CURVE('',#8578,#8701,#8817,.T.);
#8817 = SURFACE_CURVE('',#8818,(#8822,#8829),.PCURVE_S1.);
#8818 = LINE('',#8819,#8820);
#8819 = CARTESIAN_POINT('',(5.674E+03,-352.5024085069,85.));
#8820 = VECTOR('',#8821,1.);
#8821 = DIRECTION('',(1.,0.,0.));
#8822 = PCURVE('',#8618,#8823);
#8823 = DEFINITIONAL_REPRESENTATION('',(#8824),#8828);
#8824 = LINE('',#8825,#8826);
#8825 = CARTESIAN_POINT('',(780.829573265,0.));
#8826 = VECTOR('',#8827,1.);
#8827 = DIRECTION('',(0.,-1.));
#8828 = ( GEOMETRIC_REPRESENTATION_CONTEXT(2) 
PARAMETRIC_REPRESENTATION_CONTEXT() REPRESENTATION_CONTEXT('2D SPACE',''
  ) );
#8829 = PCURVE('',#8592,#8830);
#8830 = DEFINITIONAL_REPRESENTATION('',(#8831),#8835);
#8831 = LINE('',#8832,#8833);
#8832 = CARTESIAN_POINT('',(0.,0.));
#8833 = VECTOR('',#8834,1.);
#8834 = DIRECTION('',(0.,-1.));
#8835 = ( GEOMETRIC_REPRESENTATION_CONTEXT(2) 
PARAMETRIC_REPRESENTATION_CONTEXT() REPRESENTATION_CONTEXT('2D SPACE',''
  ) );
#8836 = ORIENTED_EDGE('',*,*,#8603,.T.);
#8837 = ORIENTED_EDGE('',*,*,#8767,.T.);
#8838 = ORIENTED_EDGE('',*,*,#8721,.F.);
#8839 = ADVANCED_FACE('',(#8840),#8592,.T.);
#8840 = FACE_BOUND('',#8841,.T.);
#8841 = EDGE_LOOP('',(#8842,#8843,#8844,#8845));
#8842 = ORIENTED_EDGE('',*,*,#8577,.T.);
#8843 = ORIENTED_EDGE('',*,*,#8816,.T.);
#8844 = ORIENTED_EDGE('',*,*,#8700,.F.);
#8845 = ORIENTED_EDGE('',*,*,#8846,.F.);
#8846 = EDGE_CURVE('',#8552,#8680,#8847,.T.);
#8847 = SURFACE_CURVE('',#8848,(#8852,#8859),.PCURVE_S1.);
#8848 = LINE('',#8849,#8850);
#8849 = CARTESIAN_POINT('',(5.674E+03,352.5024085069,85.));
#8850 = VECTOR('',#8851,1.);
#8851 = DIRECTION('',(1.,0.,0.));
#8852 = PCURVE('',#8592,#8853);
#8853 = DEFINITIONAL_REPRESENTATION('',(#8854),#8858);
#8854 = LINE('',#8855,#8856);
#8855 = CARTESIAN_POINT('',(705.0048170138,0.));
#8856 = VECTOR('',#8857,1.);
#8857 = DIRECTION('',(0.,-1.));
#8858 = ( GEOMETRIC_REPRESENTATION_CONTEXT(2) 
PARAMETRIC_REPRESENTATION_CONTEXT() REPRESENTATION_CONTEXT('2D SPACE',''
  ) );
#8859 = PCURVE('',#8566,#8860);
#8860 = DEFINITIONAL_REPRESENTATION('',(#8861),#8865);
#8861 = LINE('',#8862,#8863);
#8862 = CARTESIAN_POINT('',(0.,0.));
#8863 = VECTOR('',#8864,1.);
#8864 = DIRECTION('',(0.,-1.));
#8865 = ( GEOMETRIC_REPRESENTATION_CONTEXT(2) 
PARAMETRIC_REPRESENTATION_CONTEXT() REPRESENTATION_CONTEXT('2D SPACE',''
  ) );
#8866 = ADVANCED_FACE('',(#8867),#8566,.T.);
#8867 = FACE_BOUND('',#8868,.T.);
#8868 = EDGE_LOOP('',(#8869,#8870,#8871,#8872));
#8869 = ORIENTED_EDGE('',*,*,#8551,.T.);
#8870 = ORIENTED_EDGE('',*,*,#8846,.T.);
#8871 = ORIENTED_EDGE('',*,*,#8679,.F.);
#8872 = ORIENTED_EDGE('',*,*,#8794,.T.);
#8873 = MANIFOLD_SOLID_BREP('',#8874);
#8874 = CLOSED_SHELL('',(#8875,#8995,#9071,#9142,#9189,#9196));
#8875 = ADVANCED_FACE('',(#8876),#8890,.F.);
#8876 = FACE_BOUND('',#8877,.F.);
#8877 = EDGE_LOOP('',(#8878,#8913,#8941,#8969));
#8878 = ORIENTED_EDGE('',*,*,#8879,.T.);
#8879 = EDGE_CURVE('',#8880,#8882,#8884,.T.);
#8880 = VERTEX_POINT('',#8881);
#8881 = CARTESIAN_POINT('',(1.1E+03,-598.3378124567,370.));
#8882 = VERTEX_POINT('',#8883);
#8883 = CARTESIAN_POINT('',(1.3E+03,-598.3378124567,370.));
#8884 = SURFACE_CURVE('',#8885,(#8889,#8901),.PCURVE_S1.);
#8885 = LINE('',#8886,#8887);
#8886 = CARTESIAN_POINT('',(1.1E+03,-598.3378124567,370.));
#8887 = VECTOR('',#8888,1.);
#8888 = DIRECTION('',(1.,0.,0.));
#8889 = PCURVE('',#8890,#8895);
#8890 = PLANE('',#8891);
#8891 = AXIS2_PLACEMENT_3D('',#8892,#8893,#8894);
#8892 = CARTESIAN_POINT('',(1.1E+03,-598.3378124567,370.));
#8893 = DIRECTION('',(0.,0.,1.));
#8894 = DIRECTION('',(0.,1.,0.));
#8895 = DEFINITIONAL_REPRESENTATION('',(#8896),#8900);
#8896 = LINE('',#8897,#8898);
#8897 = CARTESIAN_POINT('',(0.,0.));
#8898 = VECTOR('',#8899,1.);
#8899 = DIRECTION('',(0.,-1.));
#8900 = ( GEOMETRIC_REPRESENTATION_CONTEXT(2) 
PARAMETRIC_REPRESENTATION_CONTEXT() REPRESENTATION_CONTEXT('2D SPACE',''
  ) );
#8901 = PCURVE('',#8902,#8907);
#8902 = PLANE('',#8903);
#8903 = AXIS2_PLACEMENT_3D('',#8904,#8905,#8906);
#8904 = CARTESIAN_POINT('',(1.1E+03,-616.7993509183,400.));
#8905 = DIRECTION('',(-0.,0.851658316705,0.524097425664));
#8906 = DIRECTION('',(0.,0.524097425664,-0.851658316705));
#8907 = DEFINITIONAL_REPRESENTATION('',(#8908),#8912);
#8908 = LINE('',#8909,#8910);
#8909 = CARTESIAN_POINT('',(35.225394282632,0.));
#8910 = VECTOR('',#8911,1.);
#8911 = DIRECTION('',(0.,-1.));
#8912 = ( GEOMETRIC_REPRESENTATION_CONTEXT(2) 
PARAMETRIC_REPRESENTATION_CONTEXT() REPRESENTATION_CONTEXT('2D SPACE',''
  ) );
#8913 = ORIENTED_EDGE('',*,*,#8914,.T.);
#8914 = EDGE_CURVE('',#8882,#8915,#8917,.T.);
#8915 = VERTEX_POINT('',#8916);
#8916 = CARTESIAN_POINT('',(1.3E+03,598.33781245678,370.));
#8917 = SURFACE_CURVE('',#8918,(#8922,#8929),.PCURVE_S1.);
#8918 = LINE('',#8919,#8920);
#8919 = CARTESIAN_POINT('',(1.3E+03,-598.3378124567,370.));
#8920 = VECTOR('',#8921,1.);
#8921 = DIRECTION('',(0.,1.,0.));
#8922 = PCURVE('',#8890,#8923);
#8923 = DEFINITIONAL_REPRESENTATION('',(#8924),#8928);
#8924 = LINE('',#8925,#8926);
#8925 = CARTESIAN_POINT('',(0.,-200.));
#8926 = VECTOR('',#8927,1.);
#8927 = DIRECTION('',(1.,0.));
#8928 = ( GEOMETRIC_REPRESENTATION_CONTEXT(2) 
PARAMETRIC_REPRESENTATION_CONTEXT() REPRESENTATION_CONTEXT('2D SPACE',''
  ) );
#8929 = PCURVE('',#8930,#8935);
#8930 = PLANE('',#8931);
#8931 = AXIS2_PLACEMENT_3D('',#8932,#8933,#8934);
#8932 = CARTESIAN_POINT('',(1.3E+03,4.364308717673E-15,385.22147422379)
  );
#8933 = DIRECTION('',(1.,0.,0.));
#8934 = DIRECTION('',(-0.,0.,1.));
#8935 = DEFINITIONAL_REPRESENTATION('',(#8936),#8940);
#8936 = LINE('',#8937,#8938);
#8937 = CARTESIAN_POINT('',(-15.22147422379,598.33781245678));
#8938 = VECTOR('',#8939,1.);
#8939 = DIRECTION('',(0.,-1.));
#8940 = ( GEOMETRIC_REPRESENTATION_CONTEXT(2) 
PARAMETRIC_REPRESENTATION_CONTEXT() REPRESENTATION_CONTEXT('2D SPACE',''
  ) );
#8941 = ORIENTED_EDGE('',*,*,#8942,.F.);
#8942 = EDGE_CURVE('',#8943,#8915,#8945,.T.);
#8943 = VERTEX_POINT('',#8944);
#8944 = CARTESIAN_POINT('',(1.1E+03,598.33781245678,370.));
#8945 = SURFACE_CURVE('',#8946,(#8950,#8957),.PCURVE_S1.);
#8946 = LINE('',#8947,#8948);
#8947 = CARTESIAN_POINT('',(1.1E+03,598.33781245678,370.));
#8948 = VECTOR('',#8949,1.);
#8949 = DIRECTION('',(1.,0.,0.));
#8950 = PCURVE('',#8890,#8951);
#8951 = DEFINITIONAL_REPRESENTATION('',(#8952),#8956);
#8952 = LINE('',#8953,#8954);
#8953 = CARTESIAN_POINT('',(1.196675624914E+03,0.));
#8954 = VECTOR('',#8955,1.);
#8955 = DIRECTION('',(0.,-1.));
#8956 = ( GEOMETRIC_REPRESENTATION_CONTEXT(2) 
PARAMETRIC_REPRESENTATION_CONTEXT() REPRESENTATION_CONTEXT('2D SPACE',''
  ) );
#8957 = PCURVE('',#8958,#8963);
#8958 = PLANE('',#8959);
#8959 = AXIS2_PLACEMENT_3D('',#8960,#8961,#8962);
#8960 = CARTESIAN_POINT('',(1.1E+03,598.33781245678,370.));
#8961 = DIRECTION('',(0.,-0.851658316705,0.524097425664));
#8962 = DIRECTION('',(0.,0.524097425664,0.851658316705));
#8963 = DEFINITIONAL_REPRESENTATION('',(#8964),#8968);
#8964 = LINE('',#8965,#8966);
#8965 = CARTESIAN_POINT('',(0.,0.));
#8966 = VECTOR('',#8967,1.);
#8967 = DIRECTION('',(0.,-1.));
#8968 = ( GEOMETRIC_REPRESENTATION_CONTEXT(2) 
PARAMETRIC_REPRESENTATION_CONTEXT() REPRESENTATION_CONTEXT('2D SPACE',''
  ) );
#8969 = ORIENTED_EDGE('',*,*,#8970,.F.);
#8970 = EDGE_CURVE('',#8880,#8943,#8971,.T.);
#8971 = SURFACE_CURVE('',#8972,(#8976,#8983),.PCURVE_S1.);
#8972 = LINE('',#8973,#8974);
#8973 = CARTESIAN_POINT('',(1.1E+03,-598.3378124567,370.));
#8974 = VECTOR('',#8975,1.);
#8975 = DIRECTION('',(0.,1.,0.));
#8976 = PCURVE('',#8890,#8977);
#8977 = DEFINITIONAL_REPRESENTATION('',(#8978),#8982);
#8978 = LINE('',#8979,#8980);
#8979 = CARTESIAN_POINT('',(0.,0.));
#8980 = VECTOR('',#8981,1.);
#8981 = DIRECTION('',(1.,0.));
#8982 = ( GEOMETRIC_REPRESENTATION_CONTEXT(2) 
PARAMETRIC_REPRESENTATION_CONTEXT() REPRESENTATION_CONTEXT('2D SPACE',''
  ) );
#8983 = PCURVE('',#8984,#8989);
#8984 = PLANE('',#8985);
#8985 = AXIS2_PLACEMENT_3D('',#8986,#8987,#8988);
#8986 = CARTESIAN_POINT('',(1.1E+03,4.364308717673E-15,385.22147422379)
  );
#8987 = DIRECTION('',(1.,0.,0.));
#8988 = DIRECTION('',(-0.,0.,1.));
#8989 = DEFINITIONAL_REPRESENTATION('',(#8990),#8994);
#8990 = LINE('',#8991,#8992);
#8991 = CARTESIAN_POINT('',(-15.22147422379,598.33781245678));
#8992 = VECTOR('',#8993,1.);
#8993 = DIRECTION('',(0.,-1.));
#8994 = ( GEOMETRIC_REPRESENTATION_CONTEXT(2) 
PARAMETRIC_REPRESENTATION_CONTEXT() REPRESENTATION_CONTEXT('2D SPACE',''
  ) );
#8995 = ADVANCED_FACE('',(#8996),#8958,.F.);
#8996 = FACE_BOUND('',#8997,.F.);
#8997 = EDGE_LOOP('',(#8998,#8999,#9022,#9050));
#8998 = ORIENTED_EDGE('',*,*,#8942,.T.);
#8999 = ORIENTED_EDGE('',*,*,#9000,.T.);
#9000 = EDGE_CURVE('',#8915,#9001,#9003,.T.);
#9001 = VERTEX_POINT('',#9002);
#9002 = CARTESIAN_POINT('',(1.3E+03,616.79935091832,400.));
#9003 = SURFACE_CURVE('',#9004,(#9008,#9015),.PCURVE_S1.);
#9004 = LINE('',#9005,#9006);
#9005 = CARTESIAN_POINT('',(1.3E+03,598.33781245678,370.));
#9006 = VECTOR('',#9007,1.);
#9007 = DIRECTION('',(0.,0.524097425664,0.851658316705));
#9008 = PCURVE('',#8958,#9009);
#9009 = DEFINITIONAL_REPRESENTATION('',(#9010),#9014);
#9010 = LINE('',#9011,#9012);
#9011 = CARTESIAN_POINT('',(0.,-200.));
#9012 = VECTOR('',#9013,1.);
#9013 = DIRECTION('',(1.,0.));
#9014 = ( GEOMETRIC_REPRESENTATION_CONTEXT(2) 
PARAMETRIC_REPRESENTATION_CONTEXT() REPRESENTATION_CONTEXT('2D SPACE',''
  ) );
#9015 = PCURVE('',#8930,#9016);
#9016 = DEFINITIONAL_REPRESENTATION('',(#9017),#9021);
#9017 = LINE('',#9018,#9019);
#9018 = CARTESIAN_POINT('',(-15.22147422379,-598.3378124567));
#9019 = VECTOR('',#9020,1.);
#9020 = DIRECTION('',(0.851658316705,-0.524097425664));
#9021 = ( GEOMETRIC_REPRESENTATION_CONTEXT(2) 
PARAMETRIC_REPRESENTATION_CONTEXT() REPRESENTATION_CONTEXT('2D SPACE',''
  ) );
#9022 = ORIENTED_EDGE('',*,*,#9023,.F.);
#9023 = EDGE_CURVE('',#9024,#9001,#9026,.T.);
#9024 = VERTEX_POINT('',#9025);
#9025 = CARTESIAN_POINT('',(1.1E+03,616.79935091832,400.));
#9026 = SURFACE_CURVE('',#9027,(#9031,#9038),.PCURVE_S1.);
#9027 = LINE('',#9028,#9029);
#9028 = CARTESIAN_POINT('',(1.1E+03,616.79935091832,400.));
#9029 = VECTOR('',#9030,1.);
#9030 = DIRECTION('',(1.,0.,0.));
#9031 = PCURVE('',#8958,#9032);
#9032 = DEFINITIONAL_REPRESENTATION('',(#9033),#9037);
#9033 = LINE('',#9034,#9035);
#9034 = CARTESIAN_POINT('',(35.225394282632,0.));
#9035 = VECTOR('',#9036,1.);
#9036 = DIRECTION('',(0.,-1.));
#9037 = ( GEOMETRIC_REPRESENTATION_CONTEXT(2) 
PARAMETRIC_REPRESENTATION_CONTEXT() REPRESENTATION_CONTEXT('2D SPACE',''
  ) );
#9038 = PCURVE('',#9039,#9044);
#9039 = PLANE('',#9040);
#9040 = AXIS2_PLACEMENT_3D('',#9041,#9042,#9043);
#9041 = CARTESIAN_POINT('',(1.1E+03,616.79935091832,400.));
#9042 = DIRECTION('',(0.,0.,-1.));
#9043 = DIRECTION('',(0.,-1.,0.));
#9044 = DEFINITIONAL_REPRESENTATION('',(#9045),#9049);
#9045 = LINE('',#9046,#9047);
#9046 = CARTESIAN_POINT('',(0.,-0.));
#9047 = VECTOR('',#9048,1.);
#9048 = DIRECTION('',(0.,-1.));
#9049 = ( GEOMETRIC_REPRESENTATION_CONTEXT(2) 
PARAMETRIC_REPRESENTATION_CONTEXT() REPRESENTATION_CONTEXT('2D SPACE',''
  ) );
#9050 = ORIENTED_EDGE('',*,*,#9051,.F.);
#9051 = EDGE_CURVE('',#8943,#9024,#9052,.T.);
#9052 = SURFACE_CURVE('',#9053,(#9057,#9064),.PCURVE_S1.);
#9053 = LINE('',#9054,#9055);
#9054 = CARTESIAN_POINT('',(1.1E+03,598.33781245678,370.));
#9055 = VECTOR('',#9056,1.);
#9056 = DIRECTION('',(0.,0.524097425664,0.851658316705));
#9057 = PCURVE('',#8958,#9058);
#9058 = DEFINITIONAL_REPRESENTATION('',(#9059),#9063);
#9059 = LINE('',#9060,#9061);
#9060 = CARTESIAN_POINT('',(0.,0.));
#9061 = VECTOR('',#9062,1.);
#9062 = DIRECTION('',(1.,0.));
#9063 = ( GEOMETRIC_REPRESENTATION_CONTEXT(2) 
PARAMETRIC_REPRESENTATION_CONTEXT() REPRESENTATION_CONTEXT('2D SPACE',''
  ) );
#9064 = PCURVE('',#8984,#9065);
#9065 = DEFINITIONAL_REPRESENTATION('',(#9066),#9070);
#9066 = LINE('',#9067,#9068);
#9067 = CARTESIAN_POINT('',(-15.22147422379,-598.3378124567));
#9068 = VECTOR('',#9069,1.);
#9069 = DIRECTION('',(0.851658316705,-0.524097425664));
#9070 = ( GEOMETRIC_REPRESENTATION_CONTEXT(2) 
PARAMETRIC_REPRESENTATION_CONTEXT() REPRESENTATION_CONTEXT('2D SPACE',''
  ) );
#9071 = ADVANCED_FACE('',(#9072),#9039,.F.);
#9072 = FACE_BOUND('',#9073,.F.);
#9073 = EDGE_LOOP('',(#9074,#9075,#9098,#9121));
#9074 = ORIENTED_EDGE('',*,*,#9023,.T.);
#9075 = ORIENTED_EDGE('',*,*,#9076,.T.);
#9076 = EDGE_CURVE('',#9001,#9077,#9079,.T.);
#9077 = VERTEX_POINT('',#9078);
#9078 = CARTESIAN_POINT('',(1.3E+03,-616.7993509183,400.));
#9079 = SURFACE_CURVE('',#9080,(#9084,#9091),.PCURVE_S1.);
#9080 = LINE('',#9081,#9082);
#9081 = CARTESIAN_POINT('',(1.3E+03,616.79935091832,400.));
#9082 = VECTOR('',#9083,1.);
#9083 = DIRECTION('',(0.,-1.,0.));
#9084 = PCURVE('',#9039,#9085);
#9085 = DEFINITIONAL_REPRESENTATION('',(#9086),#9090);
#9086 = LINE('',#9087,#9088);
#9087 = CARTESIAN_POINT('',(0.,-200.));
#9088 = VECTOR('',#9089,1.);
#9089 = DIRECTION('',(1.,0.));
#9090 = ( GEOMETRIC_REPRESENTATION_CONTEXT(2) 
PARAMETRIC_REPRESENTATION_CONTEXT() REPRESENTATION_CONTEXT('2D SPACE',''
  ) );
#9091 = PCURVE('',#8930,#9092);
#9092 = DEFINITIONAL_REPRESENTATION('',(#9093),#9097);
#9093 = LINE('',#9094,#9095);
#9094 = CARTESIAN_POINT('',(14.778525776202,-616.7993509183));
#9095 = VECTOR('',#9096,1.);
#9096 = DIRECTION('',(0.,1.));
#9097 = ( GEOMETRIC_REPRESENTATION_CONTEXT(2) 
PARAMETRIC_REPRESENTATION_CONTEXT() REPRESENTATION_CONTEXT('2D SPACE',''
  ) );
#9098 = ORIENTED_EDGE('',*,*,#9099,.F.);
#9099 = EDGE_CURVE('',#9100,#9077,#9102,.T.);
#9100 = VERTEX_POINT('',#9101);
#9101 = CARTESIAN_POINT('',(1.1E+03,-616.7993509183,400.));
#9102 = SURFACE_CURVE('',#9103,(#9107,#9114),.PCURVE_S1.);
#9103 = LINE('',#9104,#9105);
#9104 = CARTESIAN_POINT('',(1.1E+03,-616.7993509183,400.));
#9105 = VECTOR('',#9106,1.);
#9106 = DIRECTION('',(1.,0.,0.));
#9107 = PCURVE('',#9039,#9108);
#9108 = DEFINITIONAL_REPRESENTATION('',(#9109),#9113);
#9109 = LINE('',#9110,#9111);
#9110 = CARTESIAN_POINT('',(1.233598701837E+03,0.));
#9111 = VECTOR('',#9112,1.);
#9112 = DIRECTION('',(0.,-1.));
#9113 = ( GEOMETRIC_REPRESENTATION_CONTEXT(2) 
PARAMETRIC_REPRESENTATION_CONTEXT() REPRESENTATION_CONTEXT('2D SPACE',''
  ) );
#9114 = PCURVE('',#8902,#9115);
#9115 = DEFINITIONAL_REPRESENTATION('',(#9116),#9120);
#9116 = LINE('',#9117,#9118);
#9117 = CARTESIAN_POINT('',(0.,0.));
#9118 = VECTOR('',#9119,1.);
#9119 = DIRECTION('',(0.,-1.));
#9120 = ( GEOMETRIC_REPRESENTATION_CONTEXT(2) 
PARAMETRIC_REPRESENTATION_CONTEXT() REPRESENTATION_CONTEXT('2D SPACE',''
  ) );
#9121 = ORIENTED_EDGE('',*,*,#9122,.F.);
#9122 = EDGE_CURVE('',#9024,#9100,#9123,.T.);
#9123 = SURFACE_CURVE('',#9124,(#9128,#9135),.PCURVE_S1.);
#9124 = LINE('',#9125,#9126);
#9125 = CARTESIAN_POINT('',(1.1E+03,616.79935091832,400.));
#9126 = VECTOR('',#9127,1.);
#9127 = DIRECTION('',(0.,-1.,0.));
#9128 = PCURVE('',#9039,#9129);
#9129 = DEFINITIONAL_REPRESENTATION('',(#9130),#9134);
#9130 = LINE('',#9131,#9132);
#9131 = CARTESIAN_POINT('',(0.,-0.));
#9132 = VECTOR('',#9133,1.);
#9133 = DIRECTION('',(1.,0.));
#9134 = ( GEOMETRIC_REPRESENTATION_CONTEXT(2) 
PARAMETRIC_REPRESENTATION_CONTEXT() REPRESENTATION_CONTEXT('2D SPACE',''
  ) );
#9135 = PCURVE('',#8984,#9136);
#9136 = DEFINITIONAL_REPRESENTATION('',(#9137),#9141);
#9137 = LINE('',#9138,#9139);
#9138 = CARTESIAN_POINT('',(14.778525776202,-616.7993509183));
#9139 = VECTOR('',#9140,1.);
#9140 = DIRECTION('',(0.,1.));
#9141 = ( GEOMETRIC_REPRESENTATION_CONTEXT(2) 
PARAMETRIC_REPRESENTATION_CONTEXT() REPRESENTATION_CONTEXT('2D SPACE',''
  ) );
#9142 = ADVANCED_FACE('',(#9143),#8902,.F.);
#9143 = FACE_BOUND('',#9144,.F.);
#9144 = EDGE_LOOP('',(#9145,#9146,#9167,#9168));
#9145 = ORIENTED_EDGE('',*,*,#9099,.T.);
#9146 = ORIENTED_EDGE('',*,*,#9147,.T.);
#9147 = EDGE_CURVE('',#9077,#8882,#9148,.T.);
#9148 = SURFACE_CURVE('',#9149,(#9153,#9160),.PCURVE_S1.);
#9149 = LINE('',#9150,#9151);
#9150 = CARTESIAN_POINT('',(1.3E+03,-616.7993509183,400.));
#9151 = VECTOR('',#9152,1.);
#9152 = DIRECTION('',(0.,0.524097425664,-0.851658316705));
#9153 = PCURVE('',#8902,#9154);
#9154 = DEFINITIONAL_REPRESENTATION('',(#9155),#9159);
#9155 = LINE('',#9156,#9157);
#9156 = CARTESIAN_POINT('',(0.,-200.));
#9157 = VECTOR('',#9158,1.);
#9158 = DIRECTION('',(1.,0.));
#9159 = ( GEOMETRIC_REPRESENTATION_CONTEXT(2) 
PARAMETRIC_REPRESENTATION_CONTEXT() REPRESENTATION_CONTEXT('2D SPACE',''
  ) );
#9160 = PCURVE('',#8930,#9161);
#9161 = DEFINITIONAL_REPRESENTATION('',(#9162),#9166);
#9162 = LINE('',#9163,#9164);
#9163 = CARTESIAN_POINT('',(14.778525776202,616.79935091832));
#9164 = VECTOR('',#9165,1.);
#9165 = DIRECTION('',(-0.851658316705,-0.524097425664));
#9166 = ( GEOMETRIC_REPRESENTATION_CONTEXT(2) 
PARAMETRIC_REPRESENTATION_CONTEXT() REPRESENTATION_CONTEXT('2D SPACE',''
  ) );
#9167 = ORIENTED_EDGE('',*,*,#8879,.F.);
#9168 = ORIENTED_EDGE('',*,*,#9169,.F.);
#9169 = EDGE_CURVE('',#9100,#8880,#9170,.T.);
#9170 = SURFACE_CURVE('',#9171,(#9175,#9182),.PCURVE_S1.);
#9171 = LINE('',#9172,#9173);
#9172 = CARTESIAN_POINT('',(1.1E+03,-616.7993509183,400.));
#9173 = VECTOR('',#9174,1.);
#9174 = DIRECTION('',(0.,0.524097425664,-0.851658316705));
#9175 = PCURVE('',#8902,#9176);
#9176 = DEFINITIONAL_REPRESENTATION('',(#9177),#9181);
#9177 = LINE('',#9178,#9179);
#9178 = CARTESIAN_POINT('',(0.,0.));
#9179 = VECTOR('',#9180,1.);
#9180 = DIRECTION('',(1.,0.));
#9181 = ( GEOMETRIC_REPRESENTATION_CONTEXT(2) 
PARAMETRIC_REPRESENTATION_CONTEXT() REPRESENTATION_CONTEXT('2D SPACE',''
  ) );
#9182 = PCURVE('',#8984,#9183);
#9183 = DEFINITIONAL_REPRESENTATION('',(#9184),#9188);
#9184 = LINE('',#9185,#9186);
#9185 = CARTESIAN_POINT('',(14.778525776202,616.79935091832));
#9186 = VECTOR('',#9187,1.);
#9187 = DIRECTION('',(-0.851658316705,-0.524097425664));
#9188 = ( GEOMETRIC_REPRESENTATION_CONTEXT(2) 
PARAMETRIC_REPRESENTATION_CONTEXT() REPRESENTATION_CONTEXT('2D SPACE',''
  ) );
#9189 = ADVANCED_FACE('',(#9190),#8984,.F.);
#9190 = FACE_BOUND('',#9191,.F.);
#9191 = EDGE_LOOP('',(#9192,#9193,#9194,#9195));
#9192 = ORIENTED_EDGE('',*,*,#8970,.T.);
#9193 = ORIENTED_EDGE('',*,*,#9051,.T.);
#9194 = ORIENTED_EDGE('',*,*,#9122,.T.);
#9195 = ORIENTED_EDGE('',*,*,#9169,.T.);
#9196 = ADVANCED_FACE('',(#9197),#8930,.T.);
#9197 = FACE_BOUND('',#9198,.T.);
#9198 = EDGE_LOOP('',(#9199,#9200,#9201,#9202));
#9199 = ORIENTED_EDGE('',*,*,#8914,.T.);
#9200 = ORIENTED_EDGE('',*,*,#9000,.T.);
#9201 = ORIENTED_EDGE('',*,*,#9076,.T.);
#9202 = ORIENTED_EDGE('',*,*,#9147,.T.);
#9203 = MANIFOLD_SOLID_BREP('',#9204);
#9204 = CLOSED_SHELL('',(#9205,#9325,#9401,#9472,#9519,#9526));
#9205 = ADVANCED_FACE('',(#9206),#9220,.F.);
#9206 = FACE_BOUND('',#9207,.F.);
#9207 = EDGE_LOOP('',(#9208,#9243,#9271,#9299));
#9208 = ORIENTED_EDGE('',*,*,#9209,.T.);
#9209 = EDGE_CURVE('',#9210,#9212,#9214,.T.);
#9210 = VERTEX_POINT('',#9211);
#9211 = CARTESIAN_POINT('',(2.9E+03,-598.3378124567,370.));
#9212 = VERTEX_POINT('',#9213);
#9213 = CARTESIAN_POINT('',(3.1E+03,-598.3378124567,370.));
#9214 = SURFACE_CURVE('',#9215,(#9219,#9231),.PCURVE_S1.);
#9215 = LINE('',#9216,#9217);
#9216 = CARTESIAN_POINT('',(2.9E+03,-598.3378124567,370.));
#9217 = VECTOR('',#9218,1.);
#9218 = DIRECTION('',(1.,0.,0.));
#9219 = PCURVE('',#9220,#9225);
#9220 = PLANE('',#9221);
#9221 = AXIS2_PLACEMENT_3D('',#9222,#9223,#9224);
#9222 = CARTESIAN_POINT('',(2.9E+03,-598.3378124567,370.));
#9223 = DIRECTION('',(0.,0.,1.));
#9224 = DIRECTION('',(0.,1.,0.));
#9225 = DEFINITIONAL_REPRESENTATION('',(#9226),#9230);
#9226 = LINE('',#9227,#9228);
#9227 = CARTESIAN_POINT('',(0.,0.));
#9228 = VECTOR('',#9229,1.);
#9229 = DIRECTION('',(0.,-1.));
#9230 = ( GEOMETRIC_REPRESENTATION_CONTEXT(2) 
PARAMETRIC_REPRESENTATION_CONTEXT() REPRESENTATION_CONTEXT('2D SPACE',''
  ) );
#9231 = PCURVE('',#9232,#9237);
#9232 = PLANE('',#9233);
#9233 = AXIS2_PLACEMENT_3D('',#9234,#9235,#9236);
#9234 = CARTESIAN_POINT('',(2.9E+03,-616.7993509183,400.));
#9235 = DIRECTION('',(-0.,0.851658316705,0.524097425664));
#9236 = DIRECTION('',(0.,0.524097425664,-0.851658316705));
#9237 = DEFINITIONAL_REPRESENTATION('',(#9238),#9242);
#9238 = LINE('',#9239,#9240);
#9239 = CARTESIAN_POINT('',(35.225394282632,0.));
#9240 = VECTOR('',#9241,1.);
#9241 = DIRECTION('',(0.,-1.));
#9242 = ( GEOMETRIC_REPRESENTATION_CONTEXT(2) 
PARAMETRIC_REPRESENTATION_CONTEXT() REPRESENTATION_CONTEXT('2D SPACE',''
  ) );
#9243 = ORIENTED_EDGE('',*,*,#9244,.T.);
#9244 = EDGE_CURVE('',#9212,#9245,#9247,.T.);
#9245 = VERTEX_POINT('',#9246);
#9246 = CARTESIAN_POINT('',(3.1E+03,598.33781245678,370.));
#9247 = SURFACE_CURVE('',#9248,(#9252,#9259),.PCURVE_S1.);
#9248 = LINE('',#9249,#9250);
#9249 = CARTESIAN_POINT('',(3.1E+03,-598.3378124567,370.));
#9250 = VECTOR('',#9251,1.);
#9251 = DIRECTION('',(0.,1.,0.));
#9252 = PCURVE('',#9220,#9253);
#9253 = DEFINITIONAL_REPRESENTATION('',(#9254),#9258);
#9254 = LINE('',#9255,#9256);
#9255 = CARTESIAN_POINT('',(0.,-200.));
#9256 = VECTOR('',#9257,1.);
#9257 = DIRECTION('',(1.,0.));
#9258 = ( GEOMETRIC_REPRESENTATION_CONTEXT(2) 
PARAMETRIC_REPRESENTATION_CONTEXT() REPRESENTATION_CONTEXT('2D SPACE',''
  ) );
#9259 = PCURVE('',#9260,#9265);
#9260 = PLANE('',#9261);
#9261 = AXIS2_PLACEMENT_3D('',#9262,#9263,#9264);
#9262 = CARTESIAN_POINT('',(3.1E+03,4.364308717673E-15,385.22147422379)
  );
#9263 = DIRECTION('',(1.,0.,0.));
#9264 = DIRECTION('',(-0.,0.,1.));
#9265 = DEFINITIONAL_REPRESENTATION('',(#9266),#9270);
#9266 = LINE('',#9267,#9268);
#9267 = CARTESIAN_POINT('',(-15.22147422379,598.33781245678));
#9268 = VECTOR('',#9269,1.);
#9269 = DIRECTION('',(0.,-1.));
#9270 = ( GEOMETRIC_REPRESENTATION_CONTEXT(2) 
PARAMETRIC_REPRESENTATION_CONTEXT() REPRESENTATION_CONTEXT('2D SPACE',''
  ) );
#9271 = ORIENTED_EDGE('',*,*,#9272,.F.);
#9272 = EDGE_CURVE('',#9273,#9245,#9275,.T.);
#9273 = VERTEX_POINT('',#9274);
#9274 = CARTESIAN_POINT('',(2.9E+03,598.33781245678,370.));
#9275 = SURFACE_CURVE('',#9276,(#9280,#9287),.PCURVE_S1.);
#9276 = LINE('',#9277,#9278);
#9277 = CARTESIAN_POINT('',(2.9E+03,598.33781245678,370.));
#9278 = VECTOR('',#9279,1.);
#9279 = DIRECTION('',(1.,0.,0.));
#9280 = PCURVE('',#9220,#9281);
#9281 = DEFINITIONAL_REPRESENTATION('',(#9282),#9286);
#9282 = LINE('',#9283,#9284);
#9283 = CARTESIAN_POINT('',(1.196675624914E+03,0.));
#9284 = VECTOR('',#9285,1.);
#9285 = DIRECTION('',(0.,-1.));
#9286 = ( GEOMETRIC_REPRESENTATION_CONTEXT(2) 
PARAMETRIC_REPRESENTATION_CONTEXT() REPRESENTATION_CONTEXT('2D SPACE',''
  ) );
#9287 = PCURVE('',#9288,#9293);
#9288 = PLANE('',#9289);
#9289 = AXIS2_PLACEMENT_3D('',#9290,#9291,#9292);
#9290 = CARTESIAN_POINT('',(2.9E+03,598.33781245678,370.));
#9291 = DIRECTION('',(0.,-0.851658316705,0.524097425664));
#9292 = DIRECTION('',(0.,0.524097425664,0.851658316705));
#9293 = DEFINITIONAL_REPRESENTATION('',(#9294),#9298);
#9294 = LINE('',#9295,#9296);
#9295 = CARTESIAN_POINT('',(0.,0.));
#9296 = VECTOR('',#9297,1.);
#9297 = DIRECTION('',(0.,-1.));
#9298 = ( GEOMETRIC_REPRESENTATION_CONTEXT(2) 
PARAMETRIC_REPRESENTATION_CONTEXT() REPRESENTATION_CONTEXT('2D SPACE',''
  ) );
#9299 = ORIENTED_EDGE('',*,*,#9300,.F.);
#9300 = EDGE_CURVE('',#9210,#9273,#9301,.T.);
#9301 = SURFACE_CURVE('',#9302,(#9306,#9313),.PCURVE_S1.);
#9302 = LINE('',#9303,#9304);
#9303 = CARTESIAN_POINT('',(2.9E+03,-598.3378124567,370.));
#9304 = VECTOR('',#9305,1.);
#9305 = DIRECTION('',(0.,1.,0.));
#9306 = PCURVE('',#9220,#9307);
#9307 = DEFINITIONAL_REPRESENTATION('',(#9308),#9312);
#9308 = LINE('',#9309,#9310);
#9309 = CARTESIAN_POINT('',(0.,0.));
#9310 = VECTOR('',#9311,1.);
#9311 = DIRECTION('',(1.,0.));
#9312 = ( GEOMETRIC_REPRESENTATION_CONTEXT(2) 
PARAMETRIC_REPRESENTATION_CONTEXT() REPRESENTATION_CONTEXT('2D SPACE',''
  ) );
#9313 = PCURVE('',#9314,#9319);
#9314 = PLANE('',#9315);
#9315 = AXIS2_PLACEMENT_3D('',#9316,#9317,#9318);
#9316 = CARTESIAN_POINT('',(2.9E+03,4.364308717673E-15,385.22147422379)
  );
#9317 = DIRECTION('',(1.,0.,0.));
#9318 = DIRECTION('',(-0.,0.,1.));
#9319 = DEFINITIONAL_REPRESENTATION('',(#9320),#9324);
#9320 = LINE('',#9321,#9322);
#9321 = CARTESIAN_POINT('',(-15.22147422379,598.33781245678));
#9322 = VECTOR('',#9323,1.);
#9323 = DIRECTION('',(0.,-1.));
#9324 = ( GEOMETRIC_REPRESENTATION_CONTEXT(2) 
PARAMETRIC_REPRESENTATION_CONTEXT() REPRESENTATION_CONTEXT('2D SPACE',''
  ) );
#9325 = ADVANCED_FACE('',(#9326),#9288,.F.);
#9326 = FACE_BOUND('',#9327,.F.);
#9327 = EDGE_LOOP('',(#9328,#9329,#9352,#9380));
#9328 = ORIENTED_EDGE('',*,*,#9272,.T.);
#9329 = ORIENTED_EDGE('',*,*,#9330,.T.);
#9330 = EDGE_CURVE('',#9245,#9331,#9333,.T.);
#9331 = VERTEX_POINT('',#9332);
#9332 = CARTESIAN_POINT('',(3.1E+03,616.79935091832,400.));
#9333 = SURFACE_CURVE('',#9334,(#9338,#9345),.PCURVE_S1.);
#9334 = LINE('',#9335,#9336);
#9335 = CARTESIAN_POINT('',(3.1E+03,598.33781245678,370.));
#9336 = VECTOR('',#9337,1.);
#9337 = DIRECTION('',(0.,0.524097425664,0.851658316705));
#9338 = PCURVE('',#9288,#9339);
#9339 = DEFINITIONAL_REPRESENTATION('',(#9340),#9344);
#9340 = LINE('',#9341,#9342);
#9341 = CARTESIAN_POINT('',(0.,-200.));
#9342 = VECTOR('',#9343,1.);
#9343 = DIRECTION('',(1.,0.));
#9344 = ( GEOMETRIC_REPRESENTATION_CONTEXT(2) 
PARAMETRIC_REPRESENTATION_CONTEXT() REPRESENTATION_CONTEXT('2D SPACE',''
  ) );
#9345 = PCURVE('',#9260,#9346);
#9346 = DEFINITIONAL_REPRESENTATION('',(#9347),#9351);
#9347 = LINE('',#9348,#9349);
#9348 = CARTESIAN_POINT('',(-15.22147422379,-598.3378124567));
#9349 = VECTOR('',#9350,1.);
#9350 = DIRECTION('',(0.851658316705,-0.524097425664));
#9351 = ( GEOMETRIC_REPRESENTATION_CONTEXT(2) 
PARAMETRIC_REPRESENTATION_CONTEXT() REPRESENTATION_CONTEXT('2D SPACE',''
  ) );
#9352 = ORIENTED_EDGE('',*,*,#9353,.F.);
#9353 = EDGE_CURVE('',#9354,#9331,#9356,.T.);
#9354 = VERTEX_POINT('',#9355);
#9355 = CARTESIAN_POINT('',(2.9E+03,616.79935091832,400.));
#9356 = SURFACE_CURVE('',#9357,(#9361,#9368),.PCURVE_S1.);
#9357 = LINE('',#9358,#9359);
#9358 = CARTESIAN_POINT('',(2.9E+03,616.79935091832,400.));
#9359 = VECTOR('',#9360,1.);
#9360 = DIRECTION('',(1.,0.,0.));
#9361 = PCURVE('',#9288,#9362);
#9362 = DEFINITIONAL_REPRESENTATION('',(#9363),#9367);
#9363 = LINE('',#9364,#9365);
#9364 = CARTESIAN_POINT('',(35.225394282632,0.));
#9365 = VECTOR('',#9366,1.);
#9366 = DIRECTION('',(0.,-1.));
#9367 = ( GEOMETRIC_REPRESENTATION_CONTEXT(2) 
PARAMETRIC_REPRESENTATION_CONTEXT() REPRESENTATION_CONTEXT('2D SPACE',''
  ) );
#9368 = PCURVE('',#9369,#9374);
#9369 = PLANE('',#9370);
#9370 = AXIS2_PLACEMENT_3D('',#9371,#9372,#9373);
#9371 = CARTESIAN_POINT('',(2.9E+03,616.79935091832,400.));
#9372 = DIRECTION('',(0.,0.,-1.));
#9373 = DIRECTION('',(0.,-1.,0.));
#9374 = DEFINITIONAL_REPRESENTATION('',(#9375),#9379);
#9375 = LINE('',#9376,#9377);
#9376 = CARTESIAN_POINT('',(0.,-0.));
#9377 = VECTOR('',#9378,1.);
#9378 = DIRECTION('',(0.,-1.));
#9379 = ( GEOMETRIC_REPRESENTATION_CONTEXT(2) 
PARAMETRIC_REPRESENTATION_CONTEXT() REPRESENTATION_CONTEXT('2D SPACE',''
  ) );
#9380 = ORIENTED_EDGE('',*,*,#9381,.F.);
#9381 = EDGE_CURVE('',#9273,#9354,#9382,.T.);
#9382 = SURFACE_CURVE('',#9383,(#9387,#9394),.PCURVE_S1.);
#9383 = LINE('',#9384,#9385);
#9384 = CARTESIAN_POINT('',(2.9E+03,598.33781245678,370.));
#9385 = VECTOR('',#9386,1.);
#9386 = DIRECTION('',(0.,0.524097425664,0.851658316705));
#9387 = PCURVE('',#9288,#9388);
#9388 = DEFINITIONAL_REPRESENTATION('',(#9389),#9393);
#9389 = LINE('',#9390,#9391);
#9390 = CARTESIAN_POINT('',(0.,0.));
#9391 = VECTOR('',#9392,1.);
#9392 = DIRECTION('',(1.,0.));
#9393 = ( GEOMETRIC_REPRESENTATION_CONTEXT(2) 
PARAMETRIC_REPRESENTATION_CONTEXT() REPRESENTATION_CONTEXT('2D SPACE',''
  ) );
#9394 = PCURVE('',#9314,#9395);
#9395 = DEFINITIONAL_REPRESENTATION('',(#9396),#9400);
#9396 = LINE('',#9397,#9398);
#9397 = CARTESIAN_POINT('',(-15.22147422379,-598.3378124567));
#9398 = VECTOR('',#9399,1.);
#9399 = DIRECTION('',(0.851658316705,-0.524097425664));
#9400 = ( GEOMETRIC_REPRESENTATION_CONTEXT(2) 
PARAMETRIC_REPRESENTATION_CONTEXT() REPRESENTATION_CONTEXT('2D SPACE',''
  ) );
#9401 = ADVANCED_FACE('',(#9402),#9369,.F.);
#9402 = FACE_BOUND('',#9403,.F.);
#9403 = EDGE_LOOP('',(#9404,#9405,#9428,#9451));
#9404 = ORIENTED_EDGE('',*,*,#9353,.T.);
#9405 = ORIENTED_EDGE('',*,*,#9406,.T.);
#9406 = EDGE_CURVE('',#9331,#9407,#9409,.T.);
#9407 = VERTEX_POINT('',#9408);
#9408 = CARTESIAN_POINT('',(3.1E+03,-616.7993509183,400.));
#9409 = SURFACE_CURVE('',#9410,(#9414,#9421),.PCURVE_S1.);
#9410 = LINE('',#9411,#9412);
#9411 = CARTESIAN_POINT('',(3.1E+03,616.79935091832,400.));
#9412 = VECTOR('',#9413,1.);
#9413 = DIRECTION('',(0.,-1.,0.));
#9414 = PCURVE('',#9369,#9415);
#9415 = DEFINITIONAL_REPRESENTATION('',(#9416),#9420);
#9416 = LINE('',#9417,#9418);
#9417 = CARTESIAN_POINT('',(0.,-200.));
#9418 = VECTOR('',#9419,1.);
#9419 = DIRECTION('',(1.,0.));
#9420 = ( GEOMETRIC_REPRESENTATION_CONTEXT(2) 
PARAMETRIC_REPRESENTATION_CONTEXT() REPRESENTATION_CONTEXT('2D SPACE',''
  ) );
#9421 = PCURVE('',#9260,#9422);
#9422 = DEFINITIONAL_REPRESENTATION('',(#9423),#9427);
#9423 = LINE('',#9424,#9425);
#9424 = CARTESIAN_POINT('',(14.778525776202,-616.7993509183));
#9425 = VECTOR('',#9426,1.);
#9426 = DIRECTION('',(0.,1.));
#9427 = ( GEOMETRIC_REPRESENTATION_CONTEXT(2) 
PARAMETRIC_REPRESENTATION_CONTEXT() REPRESENTATION_CONTEXT('2D SPACE',''
  ) );
#9428 = ORIENTED_EDGE('',*,*,#9429,.F.);
#9429 = EDGE_CURVE('',#9430,#9407,#9432,.T.);
#9430 = VERTEX_POINT('',#9431);
#9431 = CARTESIAN_POINT('',(2.9E+03,-616.7993509183,400.));
#9432 = SURFACE_CURVE('',#9433,(#9437,#9444),.PCURVE_S1.);
#9433 = LINE('',#9434,#9435);
#9434 = CARTESIAN_POINT('',(2.9E+03,-616.7993509183,400.));
#9435 = VECTOR('',#9436,1.);
#9436 = DIRECTION('',(1.,0.,0.));
#9437 = PCURVE('',#9369,#9438);
#9438 = DEFINITIONAL_REPRESENTATION('',(#9439),#9443);
#9439 = LINE('',#9440,#9441);
#9440 = CARTESIAN_POINT('',(1.233598701837E+03,0.));
#9441 = VECTOR('',#9442,1.);
#9442 = DIRECTION('',(0.,-1.));
#9443 = ( GEOMETRIC_REPRESENTATION_CONTEXT(2) 
PARAMETRIC_REPRESENTATION_CONTEXT() REPRESENTATION_CONTEXT('2D SPACE',''
  ) );
#9444 = PCURVE('',#9232,#9445);
#9445 = DEFINITIONAL_REPRESENTATION('',(#9446),#9450);
#9446 = LINE('',#9447,#9448);
#9447 = CARTESIAN_POINT('',(0.,0.));
#9448 = VECTOR('',#9449,1.);
#9449 = DIRECTION('',(0.,-1.));
#9450 = ( GEOMETRIC_REPRESENTATION_CONTEXT(2) 
PARAMETRIC_REPRESENTATION_CONTEXT() REPRESENTATION_CONTEXT('2D SPACE',''
  ) );
#9451 = ORIENTED_EDGE('',*,*,#9452,.F.);
#9452 = EDGE_CURVE('',#9354,#9430,#9453,.T.);
#9453 = SURFACE_CURVE('',#9454,(#9458,#9465),.PCURVE_S1.);
#9454 = LINE('',#9455,#9456);
#9455 = CARTESIAN_POINT('',(2.9E+03,616.79935091832,400.));
#9456 = VECTOR('',#9457,1.);
#9457 = DIRECTION('',(0.,-1.,0.));
#9458 = PCURVE('',#9369,#9459);
#9459 = DEFINITIONAL_REPRESENTATION('',(#9460),#9464);
#9460 = LINE('',#9461,#9462);
#9461 = CARTESIAN_POINT('',(0.,-0.));
#9462 = VECTOR('',#9463,1.);
#9463 = DIRECTION('',(1.,0.));
#9464 = ( GEOMETRIC_REPRESENTATION_CONTEXT(2) 
PARAMETRIC_REPRESENTATION_CONTEXT() REPRESENTATION_CONTEXT('2D SPACE',''
  ) );
#9465 = PCURVE('',#9314,#9466);
#9466 = DEFINITIONAL_REPRESENTATION('',(#9467),#9471);
#9467 = LINE('',#9468,#9469);
#9468 = CARTESIAN_POINT('',(14.778525776202,-616.7993509183));
#9469 = VECTOR('',#9470,1.);
#9470 = DIRECTION('',(0.,1.));
#9471 = ( GEOMETRIC_REPRESENTATION_CONTEXT(2) 
PARAMETRIC_REPRESENTATION_CONTEXT() REPRESENTATION_CONTEXT('2D SPACE',''
  ) );
#9472 = ADVANCED_FACE('',(#9473),#9232,.F.);
#9473 = FACE_BOUND('',#9474,.F.);
#9474 = EDGE_LOOP('',(#9475,#9476,#9497,#9498));
#9475 = ORIENTED_EDGE('',*,*,#9429,.T.);
#9476 = ORIENTED_EDGE('',*,*,#9477,.T.);
#9477 = EDGE_CURVE('',#9407,#9212,#9478,.T.);
#9478 = SURFACE_CURVE('',#9479,(#9483,#9490),.PCURVE_S1.);
#9479 = LINE('',#9480,#9481);
#9480 = CARTESIAN_POINT('',(3.1E+03,-616.7993509183,400.));
#9481 = VECTOR('',#9482,1.);
#9482 = DIRECTION('',(0.,0.524097425664,-0.851658316705));
#9483 = PCURVE('',#9232,#9484);
#9484 = DEFINITIONAL_REPRESENTATION('',(#9485),#9489);
#9485 = LINE('',#9486,#9487);
#9486 = CARTESIAN_POINT('',(0.,-200.));
#9487 = VECTOR('',#9488,1.);
#9488 = DIRECTION('',(1.,0.));
#9489 = ( GEOMETRIC_REPRESENTATION_CONTEXT(2) 
PARAMETRIC_REPRESENTATION_CONTEXT() REPRESENTATION_CONTEXT('2D SPACE',''
  ) );
#9490 = PCURVE('',#9260,#9491);
#9491 = DEFINITIONAL_REPRESENTATION('',(#9492),#9496);
#9492 = LINE('',#9493,#9494);
#9493 = CARTESIAN_POINT('',(14.778525776202,616.79935091832));
#9494 = VECTOR('',#9495,1.);
#9495 = DIRECTION('',(-0.851658316705,-0.524097425664));
#9496 = ( GEOMETRIC_REPRESENTATION_CONTEXT(2) 
PARAMETRIC_REPRESENTATION_CONTEXT() REPRESENTATION_CONTEXT('2D SPACE',''
  ) );
#9497 = ORIENTED_EDGE('',*,*,#9209,.F.);
#9498 = ORIENTED_EDGE('',*,*,#9499,.F.);
#9499 = EDGE_CURVE('',#9430,#9210,#9500,.T.);
#9500 = SURFACE_CURVE('',#9501,(#9505,#9512),.PCURVE_S1.);
#9501 = LINE('',#9502,#9503);
#9502 = CARTESIAN_POINT('',(2.9E+03,-616.7993509183,400.));
#9503 = VECTOR('',#9504,1.);
#9504 = DIRECTION('',(0.,0.524097425664,-0.851658316705));
#9505 = PCURVE('',#9232,#9506);
#9506 = DEFINITIONAL_REPRESENTATION('',(#9507),#9511);
#9507 = LINE('',#9508,#9509);
#9508 = CARTESIAN_POINT('',(0.,0.));
#9509 = VECTOR('',#9510,1.);
#9510 = DIRECTION('',(1.,0.));
#9511 = ( GEOMETRIC_REPRESENTATION_CONTEXT(2) 
PARAMETRIC_REPRESENTATION_CONTEXT() REPRESENTATION_CONTEXT('2D SPACE',''
  ) );
#9512 = PCURVE('',#9314,#9513);
#9513 = DEFINITIONAL_REPRESENTATION('',(#9514),#9518);
#9514 = LINE('',#9515,#9516);
#9515 = CARTESIAN_POINT('',(14.778525776202,616.79935091832));
#9516 = VECTOR('',#9517,1.);
#9517 = DIRECTION('',(-0.851658316705,-0.524097425664));
#9518 = ( GEOMETRIC_REPRESENTATION_CONTEXT(2) 
PARAMETRIC_REPRESENTATION_CONTEXT() REPRESENTATION_CONTEXT('2D SPACE',''
  ) );
#9519 = ADVANCED_FACE('',(#9520),#9314,.F.);
#9520 = FACE_BOUND('',#9521,.F.);
#9521 = EDGE_LOOP('',(#9522,#9523,#9524,#9525));
#9522 = ORIENTED_EDGE('',*,*,#9300,.T.);
#9523 = ORIENTED_EDGE('',*,*,#9381,.T.);
#9524 = ORIENTED_EDGE('',*,*,#9452,.T.);
#9525 = ORIENTED_EDGE('',*,*,#9499,.T.);
#9526 = ADVANCED_FACE('',(#9527),#9260,.T.);
#9527 = FACE_BOUND('',#9528,.T.);
#9528 = EDGE_LOOP('',(#9529,#9530,#9531,#9532));
#9529 = ORIENTED_EDGE('',*,*,#9244,.T.);
#9530 = ORIENTED_EDGE('',*,*,#9330,.T.);
#9531 = ORIENTED_EDGE('',*,*,#9406,.T.);
#9532 = ORIENTED_EDGE('',*,*,#9477,.T.);
#9533 = MANIFOLD_SOLID_BREP('',#9534);
#9534 = CLOSED_SHELL('',(#9535,#9655,#9731,#9802,#9849,#9856));
#9535 = ADVANCED_FACE('',(#9536),#9550,.F.);
#9536 = FACE_BOUND('',#9537,.F.);
#9537 = EDGE_LOOP('',(#9538,#9573,#9601,#9629));
#9538 = ORIENTED_EDGE('',*,*,#9539,.T.);
#9539 = EDGE_CURVE('',#9540,#9542,#9544,.T.);
#9540 = VERTEX_POINT('',#9541);
#9541 = CARTESIAN_POINT('',(4.7E+03,-598.3378124567,370.));
#9542 = VERTEX_POINT('',#9543);
#9543 = CARTESIAN_POINT('',(4.9E+03,-598.3378124567,370.));
#9544 = SURFACE_CURVE('',#9545,(#9549,#9561),.PCURVE_S1.);
#9545 = LINE('',#9546,#9547);
#9546 = CARTESIAN_POINT('',(4.7E+03,-598.3378124567,370.));
#9547 = VECTOR('',#9548,1.);
#9548 = DIRECTION('',(1.,0.,0.));
#9549 = PCURVE('',#9550,#9555);
#9550 = PLANE('',#9551);
#9551 = AXIS2_PLACEMENT_3D('',#9552,#9553,#9554);
#9552 = CARTESIAN_POINT('',(4.7E+03,-598.3378124567,370.));
#9553 = DIRECTION('',(0.,0.,1.));
#9554 = DIRECTION('',(0.,1.,0.));
#9555 = DEFINITIONAL_REPRESENTATION('',(#9556),#9560);
#9556 = LINE('',#9557,#9558);
#9557 = CARTESIAN_POINT('',(0.,0.));
#9558 = VECTOR('',#9559,1.);
#9559 = DIRECTION('',(0.,-1.));
#9560 = ( GEOMETRIC_REPRESENTATION_CONTEXT(2) 
PARAMETRIC_REPRESENTATION_CONTEXT() REPRESENTATION_CONTEXT('2D SPACE',''
  ) );
#9561 = PCURVE('',#9562,#9567);
#9562 = PLANE('',#9563);
#9563 = AXIS2_PLACEMENT_3D('',#9564,#9565,#9566);
#9564 = CARTESIAN_POINT('',(4.7E+03,-616.7993509183,400.));
#9565 = DIRECTION('',(-0.,0.851658316705,0.524097425664));
#9566 = DIRECTION('',(0.,0.524097425664,-0.851658316705));
#9567 = DEFINITIONAL_REPRESENTATION('',(#9568),#9572);
#9568 = LINE('',#9569,#9570);
#9569 = CARTESIAN_POINT('',(35.225394282632,0.));
#9570 = VECTOR('',#9571,1.);
#9571 = DIRECTION('',(0.,-1.));
#9572 = ( GEOMETRIC_REPRESENTATION_CONTEXT(2) 
PARAMETRIC_REPRESENTATION_CONTEXT() REPRESENTATION_CONTEXT('2D SPACE',''
  ) );
#9573 = ORIENTED_EDGE('',*,*,#9574,.T.);
#9574 = EDGE_CURVE('',#9542,#9575,#9577,.T.);
#9575 = VERTEX_POINT('',#9576);
#9576 = CARTESIAN_POINT('',(4.9E+03,598.33781245678,370.));
#9577 = SURFACE_CURVE('',#9578,(#9582,#9589),.PCURVE_S1.);
#9578 = LINE('',#9579,#9580);
#9579 = CARTESIAN_POINT('',(4.9E+03,-598.3378124567,370.));
#9580 = VECTOR('',#9581,1.);
#9581 = DIRECTION('',(0.,1.,0.));
#9582 = PCURVE('',#9550,#9583);
#9583 = DEFINITIONAL_REPRESENTATION('',(#9584),#9588);
#9584 = LINE('',#9585,#9586);
#9585 = CARTESIAN_POINT('',(0.,-200.));
#9586 = VECTOR('',#9587,1.);
#9587 = DIRECTION('',(1.,0.));
#9588 = ( GEOMETRIC_REPRESENTATION_CONTEXT(2) 
PARAMETRIC_REPRESENTATION_CONTEXT() REPRESENTATION_CONTEXT('2D SPACE',''
  ) );
#9589 = PCURVE('',#9590,#9595);
#9590 = PLANE('',#9591);
#9591 = AXIS2_PLACEMENT_3D('',#9592,#9593,#9594);
#9592 = CARTESIAN_POINT('',(4.9E+03,4.364308717673E-15,385.22147422379)
  );
#9593 = DIRECTION('',(1.,0.,0.));
#9594 = DIRECTION('',(-0.,0.,1.));
#9595 = DEFINITIONAL_REPRESENTATION('',(#9596),#9600);
#9596 = LINE('',#9597,#9598);
#9597 = CARTESIAN_POINT('',(-15.22147422379,598.33781245678));
#9598 = VECTOR('',#9599,1.);
#9599 = DIRECTION('',(0.,-1.));
#9600 = ( GEOMETRIC_REPRESENTATION_CONTEXT(2) 
PARAMETRIC_REPRESENTATION_CONTEXT() REPRESENTATION_CONTEXT('2D SPACE',''
  ) );
#9601 = ORIENTED_EDGE('',*,*,#9602,.F.);
#9602 = EDGE_CURVE('',#9603,#9575,#9605,.T.);
#9603 = VERTEX_POINT('',#9604);
#9604 = CARTESIAN_POINT('',(4.7E+03,598.33781245678,370.));
#9605 = SURFACE_CURVE('',#9606,(#9610,#9617),.PCURVE_S1.);
#9606 = LINE('',#9607,#9608);
#9607 = CARTESIAN_POINT('',(4.7E+03,598.33781245678,370.));
#9608 = VECTOR('',#9609,1.);
#9609 = DIRECTION('',(1.,0.,0.));
#9610 = PCURVE('',#9550,#9611);
#9611 = DEFINITIONAL_REPRESENTATION('',(#9612),#9616);
#9612 = LINE('',#9613,#9614);
#9613 = CARTESIAN_POINT('',(1.196675624914E+03,0.));
#9614 = VECTOR('',#9615,1.);
#9615 = DIRECTION('',(0.,-1.));
#9616 = ( GEOMETRIC_REPRESENTATION_CONTEXT(2) 
PARAMETRIC_REPRESENTATION_CONTEXT() REPRESENTATION_CONTEXT('2D SPACE',''
  ) );
#9617 = PCURVE('',#9618,#9623);
#9618 = PLANE('',#9619);
#9619 = AXIS2_PLACEMENT_3D('',#9620,#9621,#9622);
#9620 = CARTESIAN_POINT('',(4.7E+03,598.33781245678,370.));
#9621 = DIRECTION('',(0.,-0.851658316705,0.524097425664));
#9622 = DIRECTION('',(0.,0.524097425664,0.851658316705));
#9623 = DEFINITIONAL_REPRESENTATION('',(#9624),#9628);
#9624 = LINE('',#9625,#9626);
#9625 = CARTESIAN_POINT('',(0.,0.));
#9626 = VECTOR('',#9627,1.);
#9627 = DIRECTION('',(0.,-1.));
#9628 = ( GEOMETRIC_REPRESENTATION_CONTEXT(2) 
PARAMETRIC_REPRESENTATION_CONTEXT() REPRESENTATION_CONTEXT('2D SPACE',''
  ) );
#9629 = ORIENTED_EDGE('',*,*,#9630,.F.);
#9630 = EDGE_CURVE('',#9540,#9603,#9631,.T.);
#9631 = SURFACE_CURVE('',#9632,(#9636,#9643),.PCURVE_S1.);
#9632 = LINE('',#9633,#9634);
#9633 = CARTESIAN_POINT('',(4.7E+03,-598.3378124567,370.));
#9634 = VECTOR('',#9635,1.);
#9635 = DIRECTION('',(0.,1.,0.));
#9636 = PCURVE('',#9550,#9637);
#9637 = DEFINITIONAL_REPRESENTATION('',(#9638),#9642);
#9638 = LINE('',#9639,#9640);
#9639 = CARTESIAN_POINT('',(0.,0.));
#9640 = VECTOR('',#9641,1.);
#9641 = DIRECTION('',(1.,0.));
#9642 = ( GEOMETRIC_REPRESENTATION_CONTEXT(2) 
PARAMETRIC_REPRESENTATION_CONTEXT() REPRESENTATION_CONTEXT('2D SPACE',''
  ) );
#9643 = PCURVE('',#9644,#9649);
#9644 = PLANE('',#9645);
#9645 = AXIS2_PLACEMENT_3D('',#9646,#9647,#9648);
#9646 = CARTESIAN_POINT('',(4.7E+03,4.364308717673E-15,385.22147422379)
  );
#9647 = DIRECTION('',(1.,0.,0.));
#9648 = DIRECTION('',(-0.,0.,1.));
#9649 = DEFINITIONAL_REPRESENTATION('',(#9650),#9654);
#9650 = LINE('',#9651,#9652);
#9651 = CARTESIAN_POINT('',(-15.22147422379,598.33781245678));
#9652 = VECTOR('',#9653,1.);
#9653 = DIRECTION('',(0.,-1.));
#9654 = ( GEOMETRIC_REPRESENTATION_CONTEXT(2) 
PARAMETRIC_REPRESENTATION_CONTEXT() REPRESENTATION_CONTEXT('2D SPACE',''
  ) );
#9655 = ADVANCED_FACE('',(#9656),#9618,.F.);
#9656 = FACE_BOUND('',#9657,.F.);
#9657 = EDGE_LOOP('',(#9658,#9659,#9682,#9710));
#9658 = ORIENTED_EDGE('',*,*,#9602,.T.);
#9659 = ORIENTED_EDGE('',*,*,#9660,.T.);
#9660 = EDGE_CURVE('',#9575,#9661,#9663,.T.);
#9661 = VERTEX_POINT('',#9662);
#9662 = CARTESIAN_POINT('',(4.9E+03,616.79935091832,400.));
#9663 = SURFACE_CURVE('',#9664,(#9668,#9675),.PCURVE_S1.);
#9664 = LINE('',#9665,#9666);
#9665 = CARTESIAN_POINT('',(4.9E+03,598.33781245678,370.));
#9666 = VECTOR('',#9667,1.);
#9667 = DIRECTION('',(0.,0.524097425664,0.851658316705));
#9668 = PCURVE('',#9618,#9669);
#9669 = DEFINITIONAL_REPRESENTATION('',(#9670),#9674);
#9670 = LINE('',#9671,#9672);
#9671 = CARTESIAN_POINT('',(0.,-200.));
#9672 = VECTOR('',#9673,1.);
#9673 = DIRECTION('',(1.,0.));
#9674 = ( GEOMETRIC_REPRESENTATION_CONTEXT(2) 
PARAMETRIC_REPRESENTATION_CONTEXT() REPRESENTATION_CONTEXT('2D SPACE',''
  ) );
#9675 = PCURVE('',#9590,#9676);
#9676 = DEFINITIONAL_REPRESENTATION('',(#9677),#9681);
#9677 = LINE('',#9678,#9679);
#9678 = CARTESIAN_POINT('',(-15.22147422379,-598.3378124567));
#9679 = VECTOR('',#9680,1.);
#9680 = DIRECTION('',(0.851658316705,-0.524097425664));
#9681 = ( GEOMETRIC_REPRESENTATION_CONTEXT(2) 
PARAMETRIC_REPRESENTATION_CONTEXT() REPRESENTATION_CONTEXT('2D SPACE',''
  ) );
#9682 = ORIENTED_EDGE('',*,*,#9683,.F.);
#9683 = EDGE_CURVE('',#9684,#9661,#9686,.T.);
#9684 = VERTEX_POINT('',#9685);
#9685 = CARTESIAN_POINT('',(4.7E+03,616.79935091832,400.));
#9686 = SURFACE_CURVE('',#9687,(#9691,#9698),.PCURVE_S1.);
#9687 = LINE('',#9688,#9689);
#9688 = CARTESIAN_POINT('',(4.7E+03,616.79935091832,400.));
#9689 = VECTOR('',#9690,1.);
#9690 = DIRECTION('',(1.,0.,0.));
#9691 = PCURVE('',#9618,#9692);
#9692 = DEFINITIONAL_REPRESENTATION('',(#9693),#9697);
#9693 = LINE('',#9694,#9695);
#9694 = CARTESIAN_POINT('',(35.225394282632,0.));
#9695 = VECTOR('',#9696,1.);
#9696 = DIRECTION('',(0.,-1.));
#9697 = ( GEOMETRIC_REPRESENTATION_CONTEXT(2) 
PARAMETRIC_REPRESENTATION_CONTEXT() REPRESENTATION_CONTEXT('2D SPACE',''
  ) );
#9698 = PCURVE('',#9699,#9704);
#9699 = PLANE('',#9700);
#9700 = AXIS2_PLACEMENT_3D('',#9701,#9702,#9703);
#9701 = CARTESIAN_POINT('',(4.7E+03,616.79935091832,400.));
#9702 = DIRECTION('',(0.,0.,-1.));
#9703 = DIRECTION('',(0.,-1.,0.));
#9704 = DEFINITIONAL_REPRESENTATION('',(#9705),#9709);
#9705 = LINE('',#9706,#9707);
#9706 = CARTESIAN_POINT('',(0.,-0.));
#9707 = VECTOR('',#9708,1.);
#9708 = DIRECTION('',(0.,-1.));
#9709 = ( GEOMETRIC_REPRESENTATION_CONTEXT(2) 
PARAMETRIC_REPRESENTATION_CONTEXT() REPRESENTATION_CONTEXT('2D SPACE',''
  ) );
#9710 = ORIENTED_EDGE('',*,*,#9711,.F.);
#9711 = EDGE_CURVE('',#9603,#9684,#9712,.T.);
#9712 = SURFACE_CURVE('',#9713,(#9717,#9724),.PCURVE_S1.);
#9713 = LINE('',#9714,#9715);
#9714 = CARTESIAN_POINT('',(4.7E+03,598.33781245678,370.));
#9715 = VECTOR('',#9716,1.);
#9716 = DIRECTION('',(0.,0.524097425664,0.851658316705));
#9717 = PCURVE('',#9618,#9718);
#9718 = DEFINITIONAL_REPRESENTATION('',(#9719),#9723);
#9719 = LINE('',#9720,#9721);
#9720 = CARTESIAN_POINT('',(0.,0.));
#9721 = VECTOR('',#9722,1.);
#9722 = DIRECTION('',(1.,0.));
#9723 = ( GEOMETRIC_REPRESENTATION_CONTEXT(2) 
PARAMETRIC_REPRESENTATION_CONTEXT() REPRESENTATION_CONTEXT('2D SPACE',''
  ) );
#9724 = PCURVE('',#9644,#9725);
#9725 = DEFINITIONAL_REPRESENTATION('',(#9726),#9730);
#9726 = LINE('',#9727,#9728);
#9727 = CARTESIAN_POINT('',(-15.22147422379,-598.3378124567));
#9728 = VECTOR('',#9729,1.);
#9729 = DIRECTION('',(0.851658316705,-0.524097425664));
#9730 = ( GEOMETRIC_REPRESENTATION_CONTEXT(2) 
PARAMETRIC_REPRESENTATION_CONTEXT() REPRESENTATION_CONTEXT('2D SPACE',''
  ) );
#9731 = ADVANCED_FACE('',(#9732),#9699,.F.);
#9732 = FACE_BOUND('',#9733,.F.);
#9733 = EDGE_LOOP('',(#9734,#9735,#9758,#9781));
#9734 = ORIENTED_EDGE('',*,*,#9683,.T.);
#9735 = ORIENTED_EDGE('',*,*,#9736,.T.);
#9736 = EDGE_CURVE('',#9661,#9737,#9739,.T.);
#9737 = VERTEX_POINT('',#9738);
#9738 = CARTESIAN_POINT('',(4.9E+03,-616.7993509183,400.));
#9739 = SURFACE_CURVE('',#9740,(#9744,#9751),.PCURVE_S1.);
#9740 = LINE('',#9741,#9742);
#9741 = CARTESIAN_POINT('',(4.9E+03,616.79935091832,400.));
#9742 = VECTOR('',#9743,1.);
#9743 = DIRECTION('',(0.,-1.,0.));
#9744 = PCURVE('',#9699,#9745);
#9745 = DEFINITIONAL_REPRESENTATION('',(#9746),#9750);
#9746 = LINE('',#9747,#9748);
#9747 = CARTESIAN_POINT('',(0.,-200.));
#9748 = VECTOR('',#9749,1.);
#9749 = DIRECTION('',(1.,0.));
#9750 = ( GEOMETRIC_REPRESENTATION_CONTEXT(2) 
PARAMETRIC_REPRESENTATION_CONTEXT() REPRESENTATION_CONTEXT('2D SPACE',''
  ) );
#9751 = PCURVE('',#9590,#9752);
#9752 = DEFINITIONAL_REPRESENTATION('',(#9753),#9757);
#9753 = LINE('',#9754,#9755);
#9754 = CARTESIAN_POINT('',(14.778525776202,-616.7993509183));
#9755 = VECTOR('',#9756,1.);
#9756 = DIRECTION('',(0.,1.));
#9757 = ( GEOMETRIC_REPRESENTATION_CONTEXT(2) 
PARAMETRIC_REPRESENTATION_CONTEXT() REPRESENTATION_CONTEXT('2D SPACE',''
  ) );
#9758 = ORIENTED_EDGE('',*,*,#9759,.F.);
#9759 = EDGE_CURVE('',#9760,#9737,#9762,.T.);
#9760 = VERTEX_POINT('',#9761);
#9761 = CARTESIAN_POINT('',(4.7E+03,-616.7993509183,400.));
#9762 = SURFACE_CURVE('',#9763,(#9767,#9774),.PCURVE_S1.);
#9763 = LINE('',#9764,#9765);
#9764 = CARTESIAN_POINT('',(4.7E+03,-616.7993509183,400.));
#9765 = VECTOR('',#9766,1.);
#9766 = DIRECTION('',(1.,0.,0.));
#9767 = PCURVE('',#9699,#9768);
#9768 = DEFINITIONAL_REPRESENTATION('',(#9769),#9773);
#9769 = LINE('',#9770,#9771);
#9770 = CARTESIAN_POINT('',(1.233598701837E+03,0.));
#9771 = VECTOR('',#9772,1.);
#9772 = DIRECTION('',(0.,-1.));
#9773 = ( GEOMETRIC_REPRESENTATION_CONTEXT(2) 
PARAMETRIC_REPRESENTATION_CONTEXT() REPRESENTATION_CONTEXT('2D SPACE',''
  ) );
#9774 = PCURVE('',#9562,#9775);
#9775 = DEFINITIONAL_REPRESENTATION('',(#9776),#9780);
#9776 = LINE('',#9777,#9778);
#9777 = CARTESIAN_POINT('',(0.,0.));
#9778 = VECTOR('',#9779,1.);
#9779 = DIRECTION('',(0.,-1.));
#9780 = ( GEOMETRIC_REPRESENTATION_CONTEXT(2) 
PARAMETRIC_REPRESENTATION_CONTEXT() REPRESENTATION_CONTEXT('2D SPACE',''
  ) );
#9781 = ORIENTED_EDGE('',*,*,#9782,.F.);
#9782 = EDGE_CURVE('',#9684,#9760,#9783,.T.);
#9783 = SURFACE_CURVE('',#9784,(#9788,#9795),.PCURVE_S1.);
#9784 = LINE('',#9785,#9786);
#9785 = CARTESIAN_POINT('',(4.7E+03,616.79935091832,400.));
#9786 = VECTOR('',#9787,1.);
#9787 = DIRECTION('',(0.,-1.,0.));
#9788 = PCURVE('',#9699,#9789);
#9789 = DEFINITIONAL_REPRESENTATION('',(#9790),#9794);
#9790 = LINE('',#9791,#9792);
#9791 = CARTESIAN_POINT('',(0.,-0.));
#9792 = VECTOR('',#9793,1.);
#9793 = DIRECTION('',(1.,0.));
#9794 = ( GEOMETRIC_REPRESENTATION_CONTEXT(2) 
PARAMETRIC_REPRESENTATION_CONTEXT() REPRESENTATION_CONTEXT('2D SPACE',''
  ) );
#9795 = PCURVE('',#9644,#9796);
#9796 = DEFINITIONAL_REPRESENTATION('',(#9797),#9801);
#9797 = LINE('',#9798,#9799);
#9798 = CARTESIAN_POINT('',(14.778525776202,-616.7993509183));
#9799 = VECTOR('',#9800,1.);
#9800 = DIRECTION('',(0.,1.));
#9801 = ( GEOMETRIC_REPRESENTATION_CONTEXT(2) 
PARAMETRIC_REPRESENTATION_CONTEXT() REPRESENTATION_CONTEXT('2D SPACE',''
  ) );
#9802 = ADVANCED_FACE('',(#9803),#9562,.F.);
#9803 = FACE_BOUND('',#9804,.F.);
#9804 = EDGE_LOOP('',(#9805,#9806,#9827,#9828));
#9805 = ORIENTED_EDGE('',*,*,#9759,.T.);
#9806 = ORIENTED_EDGE('',*,*,#9807,.T.);
#9807 = EDGE_CURVE('',#9737,#9542,#9808,.T.);
#9808 = SURFACE_CURVE('',#9809,(#9813,#9820),.PCURVE_S1.);
#9809 = LINE('',#9810,#9811);
#9810 = CARTESIAN_POINT('',(4.9E+03,-616.7993509183,400.));
#9811 = VECTOR('',#9812,1.);
#9812 = DIRECTION('',(0.,0.524097425664,-0.851658316705));
#9813 = PCURVE('',#9562,#9814);
#9814 = DEFINITIONAL_REPRESENTATION('',(#9815),#9819);
#9815 = LINE('',#9816,#9817);
#9816 = CARTESIAN_POINT('',(0.,-200.));
#9817 = VECTOR('',#9818,1.);
#9818 = DIRECTION('',(1.,0.));
#9819 = ( GEOMETRIC_REPRESENTATION_CONTEXT(2) 
PARAMETRIC_REPRESENTATION_CONTEXT() REPRESENTATION_CONTEXT('2D SPACE',''
  ) );
#9820 = PCURVE('',#9590,#9821);
#9821 = DEFINITIONAL_REPRESENTATION('',(#9822),#9826);
#9822 = LINE('',#9823,#9824);
#9823 = CARTESIAN_POINT('',(14.778525776202,616.79935091832));
#9824 = VECTOR('',#9825,1.);
#9825 = DIRECTION('',(-0.851658316705,-0.524097425664));
#9826 = ( GEOMETRIC_REPRESENTATION_CONTEXT(2) 
PARAMETRIC_REPRESENTATION_CONTEXT() REPRESENTATION_CONTEXT('2D SPACE',''
  ) );
#9827 = ORIENTED_EDGE('',*,*,#9539,.F.);
#9828 = ORIENTED_EDGE('',*,*,#9829,.F.);
#9829 = EDGE_CURVE('',#9760,#9540,#9830,.T.);
#9830 = SURFACE_CURVE('',#9831,(#9835,#9842),.PCURVE_S1.);
#9831 = LINE('',#9832,#9833);
#9832 = CARTESIAN_POINT('',(4.7E+03,-616.7993509183,400.));
#9833 = VECTOR('',#9834,1.);
#9834 = DIRECTION('',(0.,0.524097425664,-0.851658316705));
#9835 = PCURVE('',#9562,#9836);
#9836 = DEFINITIONAL_REPRESENTATION('',(#9837),#9841);
#9837 = LINE('',#9838,#9839);
#9838 = CARTESIAN_POINT('',(0.,0.));
#9839 = VECTOR('',#9840,1.);
#9840 = DIRECTION('',(1.,0.));
#9841 = ( GEOMETRIC_REPRESENTATION_CONTEXT(2) 
PARAMETRIC_REPRESENTATION_CONTEXT() REPRESENTATION_CONTEXT('2D SPACE',''
  ) );
#9842 = PCURVE('',#9644,#9843);
#9843 = DEFINITIONAL_REPRESENTATION('',(#9844),#9848);
#9844 = LINE('',#9845,#9846);
#9845 = CARTESIAN_POINT('',(14.778525776202,616.79935091832));
#9846 = VECTOR('',#9847,1.);
#9847 = DIRECTION('',(-0.851658316705,-0.524097425664));
#9848 = ( GEOMETRIC_REPRESENTATION_CONTEXT(2) 
PARAMETRIC_REPRESENTATION_CONTEXT() REPRESENTATION_CONTEXT('2D SPACE',''
  ) );
#9849 = ADVANCED_FACE('',(#9850),#9644,.F.);
#9850 = FACE_BOUND('',#9851,.F.);
#9851 = EDGE_LOOP('',(#9852,#9853,#9854,#9855));
#9852 = ORIENTED_EDGE('',*,*,#9630,.T.);
#9853 = ORIENTED_EDGE('',*,*,#9711,.T.);
#9854 = ORIENTED_EDGE('',*,*,#9782,.T.);
#9855 = ORIENTED_EDGE('',*,*,#9829,.T.);
#9856 = ADVANCED_FACE('',(#9857),#9590,.T.);
#9857 = FACE_BOUND('',#9858,.T.);
#9858 = EDGE_LOOP('',(#9859,#9860,#9861,#9862));
#9859 = ORIENTED_EDGE('',*,*,#9574,.T.);
#9860 = ORIENTED_EDGE('',*,*,#9660,.T.);
#9861 = ORIENTED_EDGE('',*,*,#9736,.T.);
#9862 = ORIENTED_EDGE('',*,*,#9807,.T.);
#9863 = MANIFOLD_SOLID_BREP('',#9864);
#9864 = CLOSED_SHELL('',(#9865,#9985,#10061,#10132,#10179,#10186));
#9865 = ADVANCED_FACE('',(#9866),#9880,.F.);
#9866 = FACE_BOUND('',#9867,.F.);
#9867 = EDGE_LOOP('',(#9868,#9903,#9931,#9959));
#9868 = ORIENTED_EDGE('',*,*,#9869,.T.);
#9869 = EDGE_CURVE('',#9870,#9872,#9874,.T.);
#9870 = VERTEX_POINT('',#9871);
#9871 = CARTESIAN_POINT('',(40.,769.23076923076,600.));
#9872 = VERTEX_POINT('',#9873);
#9873 = CARTESIAN_POINT('',(6.2E+03,769.23076923076,600.));
#9874 = SURFACE_CURVE('',#9875,(#9879,#9891),.PCURVE_S1.);
#9875 = LINE('',#9876,#9877);
#9876 = CARTESIAN_POINT('',(40.,769.23076923076,600.));
#9877 = VECTOR('',#9878,1.);
#9878 = DIRECTION('',(1.,0.,0.));
#9879 = PCURVE('',#9880,#9885);
#9880 = PLANE('',#9881);
#9881 = AXIS2_PLACEMENT_3D('',#9882,#9883,#9884);
#9882 = CARTESIAN_POINT('',(40.,769.23076923076,600.));
#9883 = DIRECTION('',(0.,0.,1.));
#9884 = DIRECTION('',(0.,1.,0.));
#9885 = DEFINITIONAL_REPRESENTATION('',(#9886),#9890);
#9886 = LINE('',#9887,#9888);
#9887 = CARTESIAN_POINT('',(0.,0.));
#9888 = VECTOR('',#9889,1.);
#9889 = DIRECTION('',(0.,-1.));
#9890 = ( GEOMETRIC_REPRESENTATION_CONTEXT(2) 
PARAMETRIC_REPRESENTATION_CONTEXT() REPRESENTATION_CONTEXT('2D SPACE',''
  ) );
#9891 = PCURVE('',#9892,#9897);
#9892 = PLANE('',#9893);
#9893 = AXIS2_PLACEMENT_3D('',#9894,#9895,#9896);
#9894 = CARTESIAN_POINT('',(40.,800.,650.));
#9895 = DIRECTION('',(0.,0.851658316705,-0.524097425664));
#9896 = DIRECTION('',(0.,-0.524097425664,-0.851658316705));
#9897 = DEFINITIONAL_REPRESENTATION('',(#9898),#9902);
#9898 = LINE('',#9899,#9900);
#9899 = CARTESIAN_POINT('',(58.708990471053,0.));
#9900 = VECTOR('',#9901,1.);
#9901 = DIRECTION('',(0.,-1.));
#9902 = ( GEOMETRIC_REPRESENTATION_CONTEXT(2) 
PARAMETRIC_REPRESENTATION_CONTEXT() REPRESENTATION_CONTEXT('2D SPACE',''
  ) );
#9903 = ORIENTED_EDGE('',*,*,#9904,.T.);
#9904 = EDGE_CURVE('',#9872,#9905,#9907,.T.);
#9905 = VERTEX_POINT('',#9906);
#9906 = CARTESIAN_POINT('',(6.2E+03,840.,600.));
#9907 = SURFACE_CURVE('',#9908,(#9912,#9919),.PCURVE_S1.);
#9908 = LINE('',#9909,#9910);
#9909 = CARTESIAN_POINT('',(6.2E+03,769.23076923076,600.));
#9910 = VECTOR('',#9911,1.);
#9911 = DIRECTION('',(0.,1.,0.));
#9912 = PCURVE('',#9880,#9913);
#9913 = DEFINITIONAL_REPRESENTATION('',(#9914),#9918);
#9914 = LINE('',#9915,#9916);
#9915 = CARTESIAN_POINT('',(0.,-6.16E+03));
#9916 = VECTOR('',#9917,1.);
#9917 = DIRECTION('',(1.,0.));
#9918 = ( GEOMETRIC_REPRESENTATION_CONTEXT(2) 
PARAMETRIC_REPRESENTATION_CONTEXT() REPRESENTATION_CONTEXT('2D SPACE',''
  ) );
#9919 = PCURVE('',#9920,#9925);
#9920 = PLANE('',#9921);
#9921 = AXIS2_PLACEMENT_3D('',#9922,#9923,#9924);
#9922 = CARTESIAN_POINT('',(6.2E+03,810.13044468992,621.49518405569));
#9923 = DIRECTION('',(1.,0.,0.));
#9924 = DIRECTION('',(-0.,0.,1.));
#9925 = DEFINITIONAL_REPRESENTATION('',(#9926),#9930);
#9926 = LINE('',#9927,#9928);
#9927 = CARTESIAN_POINT('',(-21.49518405569,40.89967545916));
#9928 = VECTOR('',#9929,1.);
#9929 = DIRECTION('',(0.,-1.));
#9930 = ( GEOMETRIC_REPRESENTATION_CONTEXT(2) 
PARAMETRIC_REPRESENTATION_CONTEXT() REPRESENTATION_CONTEXT('2D SPACE',''
  ) );
#9931 = ORIENTED_EDGE('',*,*,#9932,.F.);
#9932 = EDGE_CURVE('',#9933,#9905,#9935,.T.);
#9933 = VERTEX_POINT('',#9934);
#9934 = CARTESIAN_POINT('',(40.,840.,600.));
#9935 = SURFACE_CURVE('',#9936,(#9940,#9947),.PCURVE_S1.);
#9936 = LINE('',#9937,#9938);
#9937 = CARTESIAN_POINT('',(40.,840.,600.));
#9938 = VECTOR('',#9939,1.);
#9939 = DIRECTION('',(1.,0.,0.));
#9940 = PCURVE('',#9880,#9941);
#9941 = DEFINITIONAL_REPRESENTATION('',(#9942),#9946);
#9942 = LINE('',#9943,#9944);
#9943 = CARTESIAN_POINT('',(70.769230769231,0.));
#9944 = VECTOR('',#9945,1.);
#9945 = DIRECTION('',(0.,-1.));
#9946 = ( GEOMETRIC_REPRESENTATION_CONTEXT(2) 
PARAMETRIC_REPRESENTATION_CONTEXT() REPRESENTATION_CONTEXT('2D SPACE',''
  ) );
#9947 = PCURVE('',#9948,#9953);
#9948 = PLANE('',#9949);
#9949 = AXIS2_PLACEMENT_3D('',#9950,#9951,#9952);
#9950 = CARTESIAN_POINT('',(40.,840.,600.));
#9951 = DIRECTION('',(0.,-1.,0.));
#9952 = DIRECTION('',(0.,0.,1.));
#9953 = DEFINITIONAL_REPRESENTATION('',(#9954),#9958);
#9954 = LINE('',#9955,#9956);
#9955 = CARTESIAN_POINT('',(0.,0.));
#9956 = VECTOR('',#9957,1.);
#9957 = DIRECTION('',(0.,-1.));
#9958 = ( GEOMETRIC_REPRESENTATION_CONTEXT(2) 
PARAMETRIC_REPRESENTATION_CONTEXT() REPRESENTATION_CONTEXT('2D SPACE',''
  ) );
#9959 = ORIENTED_EDGE('',*,*,#9960,.F.);
#9960 = EDGE_CURVE('',#9870,#9933,#9961,.T.);
#9961 = SURFACE_CURVE('',#9962,(#9966,#9973),.PCURVE_S1.);
#9962 = LINE('',#9963,#9964);
#9963 = CARTESIAN_POINT('',(40.,769.23076923076,600.));
#9964 = VECTOR('',#9965,1.);
#9965 = DIRECTION('',(0.,1.,0.));
#9966 = PCURVE('',#9880,#9967);
#9967 = DEFINITIONAL_REPRESENTATION('',(#9968),#9972);
#9968 = LINE('',#9969,#9970);
#9969 = CARTESIAN_POINT('',(0.,0.));
#9970 = VECTOR('',#9971,1.);
#9971 = DIRECTION('',(1.,0.));
#9972 = ( GEOMETRIC_REPRESENTATION_CONTEXT(2) 
PARAMETRIC_REPRESENTATION_CONTEXT() REPRESENTATION_CONTEXT('2D SPACE',''
  ) );
#9973 = PCURVE('',#9974,#9979);
#9974 = PLANE('',#9975);
#9975 = AXIS2_PLACEMENT_3D('',#9976,#9977,#9978);
#9976 = CARTESIAN_POINT('',(40.,810.13044468992,621.49518405569));
#9977 = DIRECTION('',(1.,0.,0.));
#9978 = DIRECTION('',(-0.,0.,1.));
#9979 = DEFINITIONAL_REPRESENTATION('',(#9980),#9984);
#9980 = LINE('',#9981,#9982);
#9981 = CARTESIAN_POINT('',(-21.49518405569,40.89967545916));
#9982 = VECTOR('',#9983,1.);
#9983 = DIRECTION('',(0.,-1.));
#9984 = ( GEOMETRIC_REPRESENTATION_CONTEXT(2) 
PARAMETRIC_REPRESENTATION_CONTEXT() REPRESENTATION_CONTEXT('2D SPACE',''
  ) );
#9985 = ADVANCED_FACE('',(#9986),#9948,.F.);
#9986 = FACE_BOUND('',#9987,.F.);
#9987 = EDGE_LOOP('',(#9988,#9989,#10012,#10040));
#9988 = ORIENTED_EDGE('',*,*,#9932,.T.);
#9989 = ORIENTED_EDGE('',*,*,#9990,.T.);
#9990 = EDGE_CURVE('',#9905,#9991,#9993,.T.);
#9991 = VERTEX_POINT('',#9992);
#9992 = CARTESIAN_POINT('',(6.2E+03,840.,650.));
#9993 = SURFACE_CURVE('',#9994,(#9998,#10005),.PCURVE_S1.);
#9994 = LINE('',#9995,#9996);
#9995 = CARTESIAN_POINT('',(6.2E+03,840.,600.));
#9996 = VECTOR('',#9997,1.);
#9997 = DIRECTION('',(0.,0.,1.));
#9998 = PCURVE('',#9948,#9999);
#9999 = DEFINITIONAL_REPRESENTATION('',(#10000),#10004);
#10000 = LINE('',#10001,#10002);
#10001 = CARTESIAN_POINT('',(0.,-6.16E+03));
#10002 = VECTOR('',#10003,1.);
#10003 = DIRECTION('',(1.,0.));
#10004 = ( GEOMETRIC_REPRESENTATION_CONTEXT(2) 
PARAMETRIC_REPRESENTATION_CONTEXT() REPRESENTATION_CONTEXT('2D SPACE',''
  ) );
#10005 = PCURVE('',#9920,#10006);
#10006 = DEFINITIONAL_REPRESENTATION('',(#10007),#10011);
#10007 = LINE('',#10008,#10009);
#10008 = CARTESIAN_POINT('',(-21.49518405569,-29.86955531007));
#10009 = VECTOR('',#10010,1.);
#10010 = DIRECTION('',(1.,0.));
#10011 = ( GEOMETRIC_REPRESENTATION_CONTEXT(2) 
PARAMETRIC_REPRESENTATION_CONTEXT() REPRESENTATION_CONTEXT('2D SPACE',''
  ) );
#10012 = ORIENTED_EDGE('',*,*,#10013,.F.);
#10013 = EDGE_CURVE('',#10014,#9991,#10016,.T.);
#10014 = VERTEX_POINT('',#10015);
#10015 = CARTESIAN_POINT('',(40.,840.,650.));
#10016 = SURFACE_CURVE('',#10017,(#10021,#10028),.PCURVE_S1.);
#10017 = LINE('',#10018,#10019);
#10018 = CARTESIAN_POINT('',(40.,840.,650.));
#10019 = VECTOR('',#10020,1.);
#10020 = DIRECTION('',(1.,0.,0.));
#10021 = PCURVE('',#9948,#10022);
#10022 = DEFINITIONAL_REPRESENTATION('',(#10023),#10027);
#10023 = LINE('',#10024,#10025);
#10024 = CARTESIAN_POINT('',(50.,0.));
#10025 = VECTOR('',#10026,1.);
#10026 = DIRECTION('',(0.,-1.));
#10027 = ( GEOMETRIC_REPRESENTATION_CONTEXT(2) 
PARAMETRIC_REPRESENTATION_CONTEXT() REPRESENTATION_CONTEXT('2D SPACE',''
  ) );
#10028 = PCURVE('',#10029,#10034);
#10029 = PLANE('',#10030);
#10030 = AXIS2_PLACEMENT_3D('',#10031,#10032,#10033);
#10031 = CARTESIAN_POINT('',(40.,840.,650.));
#10032 = DIRECTION('',(0.,0.,-1.));
#10033 = DIRECTION('',(0.,-1.,0.));
#10034 = DEFINITIONAL_REPRESENTATION('',(#10035),#10039);
#10035 = LINE('',#10036,#10037);
#10036 = CARTESIAN_POINT('',(0.,-0.));
#10037 = VECTOR('',#10038,1.);
#10038 = DIRECTION('',(0.,-1.));
#10039 = ( GEOMETRIC_REPRESENTATION_CONTEXT(2) 
PARAMETRIC_REPRESENTATION_CONTEXT() REPRESENTATION_CONTEXT('2D SPACE',''
  ) );
#10040 = ORIENTED_EDGE('',*,*,#10041,.F.);
#10041 = EDGE_CURVE('',#9933,#10014,#10042,.T.);
#10042 = SURFACE_CURVE('',#10043,(#10047,#10054),.PCURVE_S1.);
#10043 = LINE('',#10044,#10045);
#10044 = CARTESIAN_POINT('',(40.,840.,600.));
#10045 = VECTOR('',#10046,1.);
#10046 = DIRECTION('',(0.,0.,1.));
#10047 = PCURVE('',#9948,#10048);
#10048 = DEFINITIONAL_REPRESENTATION('',(#10049),#10053);
#10049 = LINE('',#10050,#10051);
#10050 = CARTESIAN_POINT('',(0.,0.));
#10051 = VECTOR('',#10052,1.);
#10052 = DIRECTION('',(1.,0.));
#10053 = ( GEOMETRIC_REPRESENTATION_CONTEXT(2) 
PARAMETRIC_REPRESENTATION_CONTEXT() REPRESENTATION_CONTEXT('2D SPACE',''
  ) );
#10054 = PCURVE('',#9974,#10055);
#10055 = DEFINITIONAL_REPRESENTATION('',(#10056),#10060);
#10056 = LINE('',#10057,#10058);
#10057 = CARTESIAN_POINT('',(-21.49518405569,-29.86955531007));
#10058 = VECTOR('',#10059,1.);
#10059 = DIRECTION('',(1.,0.));
#10060 = ( GEOMETRIC_REPRESENTATION_CONTEXT(2) 
PARAMETRIC_REPRESENTATION_CONTEXT() REPRESENTATION_CONTEXT('2D SPACE',''
  ) );
#10061 = ADVANCED_FACE('',(#10062),#10029,.F.);
#10062 = FACE_BOUND('',#10063,.F.);
#10063 = EDGE_LOOP('',(#10064,#10065,#10088,#10111));
#10064 = ORIENTED_EDGE('',*,*,#10013,.T.);
#10065 = ORIENTED_EDGE('',*,*,#10066,.T.);
#10066 = EDGE_CURVE('',#9991,#10067,#10069,.T.);
#10067 = VERTEX_POINT('',#10068);
#10068 = CARTESIAN_POINT('',(6.2E+03,800.,650.));
#10069 = SURFACE_CURVE('',#10070,(#10074,#10081),.PCURVE_S1.);
#10070 = LINE('',#10071,#10072);
#10071 = CARTESIAN_POINT('',(6.2E+03,840.,650.));
#10072 = VECTOR('',#10073,1.);
#10073 = DIRECTION('',(0.,-1.,0.));
#10074 = PCURVE('',#10029,#10075);
#10075 = DEFINITIONAL_REPRESENTATION('',(#10076),#10080);
#10076 = LINE('',#10077,#10078);
#10077 = CARTESIAN_POINT('',(0.,-6.16E+03));
#10078 = VECTOR('',#10079,1.);
#10079 = DIRECTION('',(1.,0.));
#10080 = ( GEOMETRIC_REPRESENTATION_CONTEXT(2) 
PARAMETRIC_REPRESENTATION_CONTEXT() REPRESENTATION_CONTEXT('2D SPACE',''
  ) );
#10081 = PCURVE('',#9920,#10082);
#10082 = DEFINITIONAL_REPRESENTATION('',(#10083),#10087);
#10083 = LINE('',#10084,#10085);
#10084 = CARTESIAN_POINT('',(28.504815944306,-29.86955531007));
#10085 = VECTOR('',#10086,1.);
#10086 = DIRECTION('',(0.,1.));
#10087 = ( GEOMETRIC_REPRESENTATION_CONTEXT(2) 
PARAMETRIC_REPRESENTATION_CONTEXT() REPRESENTATION_CONTEXT('2D SPACE',''
  ) );
#10088 = ORIENTED_EDGE('',*,*,#10089,.F.);
#10089 = EDGE_CURVE('',#10090,#10067,#10092,.T.);
#10090 = VERTEX_POINT('',#10091);
#10091 = CARTESIAN_POINT('',(40.,800.,650.));
#10092 = SURFACE_CURVE('',#10093,(#10097,#10104),.PCURVE_S1.);
#10093 = LINE('',#10094,#10095);
#10094 = CARTESIAN_POINT('',(40.,800.,650.));
#10095 = VECTOR('',#10096,1.);
#10096 = DIRECTION('',(1.,0.,0.));
#10097 = PCURVE('',#10029,#10098);
#10098 = DEFINITIONAL_REPRESENTATION('',(#10099),#10103);
#10099 = LINE('',#10100,#10101);
#10100 = CARTESIAN_POINT('',(40.,0.));
#10101 = VECTOR('',#10102,1.);
#10102 = DIRECTION('',(0.,-1.));
#10103 = ( GEOMETRIC_REPRESENTATION_CONTEXT(2) 
PARAMETRIC_REPRESENTATION_CONTEXT() REPRESENTATION_CONTEXT('2D SPACE',''
  ) );
#10104 = PCURVE('',#9892,#10105);
#10105 = DEFINITIONAL_REPRESENTATION('',(#10106),#10110);
#10106 = LINE('',#10107,#10108);
#10107 = CARTESIAN_POINT('',(0.,0.));
#10108 = VECTOR('',#10109,1.);
#10109 = DIRECTION('',(0.,-1.));
#10110 = ( GEOMETRIC_REPRESENTATION_CONTEXT(2) 
PARAMETRIC_REPRESENTATION_CONTEXT() REPRESENTATION_CONTEXT('2D SPACE',''
  ) );
#10111 = ORIENTED_EDGE('',*,*,#10112,.F.);
#10112 = EDGE_CURVE('',#10014,#10090,#10113,.T.);
#10113 = SURFACE_CURVE('',#10114,(#10118,#10125),.PCURVE_S1.);
#10114 = LINE('',#10115,#10116);
#10115 = CARTESIAN_POINT('',(40.,840.,650.));
#10116 = VECTOR('',#10117,1.);
#10117 = DIRECTION('',(0.,-1.,0.));
#10118 = PCURVE('',#10029,#10119);
#10119 = DEFINITIONAL_REPRESENTATION('',(#10120),#10124);
#10120 = LINE('',#10121,#10122);
#10121 = CARTESIAN_POINT('',(0.,-0.));
#10122 = VECTOR('',#10123,1.);
#10123 = DIRECTION('',(1.,0.));
#10124 = ( GEOMETRIC_REPRESENTATION_CONTEXT(2) 
PARAMETRIC_REPRESENTATION_CONTEXT() REPRESENTATION_CONTEXT('2D SPACE',''
  ) );
#10125 = PCURVE('',#9974,#10126);
#10126 = DEFINITIONAL_REPRESENTATION('',(#10127),#10131);
#10127 = LINE('',#10128,#10129);
#10128 = CARTESIAN_POINT('',(28.504815944306,-29.86955531007));
#10129 = VECTOR('',#10130,1.);
#10130 = DIRECTION('',(0.,1.));
#10131 = ( GEOMETRIC_REPRESENTATION_CONTEXT(2) 
PARAMETRIC_REPRESENTATION_CONTEXT() REPRESENTATION_CONTEXT('2D SPACE',''
  ) );
#10132 = ADVANCED_FACE('',(#10133),#9892,.F.);
#10133 = FACE_BOUND('',#10134,.F.);
#10134 = EDGE_LOOP('',(#10135,#10136,#10157,#10158));
#10135 = ORIENTED_EDGE('',*,*,#10089,.T.);
#10136 = ORIENTED_EDGE('',*,*,#10137,.T.);
#10137 = EDGE_CURVE('',#10067,#9872,#10138,.T.);
#10138 = SURFACE_CURVE('',#10139,(#10143,#10150),.PCURVE_S1.);
#10139 = LINE('',#10140,#10141);
#10140 = CARTESIAN_POINT('',(6.2E+03,800.,650.));
#10141 = VECTOR('',#10142,1.);
#10142 = DIRECTION('',(0.,-0.524097425664,-0.851658316705));
#10143 = PCURVE('',#9892,#10144);
#10144 = DEFINITIONAL_REPRESENTATION('',(#10145),#10149);
#10145 = LINE('',#10146,#10147);
#10146 = CARTESIAN_POINT('',(0.,-6.16E+03));
#10147 = VECTOR('',#10148,1.);
#10148 = DIRECTION('',(1.,0.));
#10149 = ( GEOMETRIC_REPRESENTATION_CONTEXT(2) 
PARAMETRIC_REPRESENTATION_CONTEXT() REPRESENTATION_CONTEXT('2D SPACE',''
  ) );
#10150 = PCURVE('',#9920,#10151);
#10151 = DEFINITIONAL_REPRESENTATION('',(#10152),#10156);
#10152 = LINE('',#10153,#10154);
#10153 = CARTESIAN_POINT('',(28.504815944306,10.130444689929));
#10154 = VECTOR('',#10155,1.);
#10155 = DIRECTION('',(-0.851658316705,0.524097425664));
#10156 = ( GEOMETRIC_REPRESENTATION_CONTEXT(2) 
PARAMETRIC_REPRESENTATION_CONTEXT() REPRESENTATION_CONTEXT('2D SPACE',''
  ) );
#10157 = ORIENTED_EDGE('',*,*,#9869,.F.);
#10158 = ORIENTED_EDGE('',*,*,#10159,.F.);
#10159 = EDGE_CURVE('',#10090,#9870,#10160,.T.);
#10160 = SURFACE_CURVE('',#10161,(#10165,#10172),.PCURVE_S1.);
#10161 = LINE('',#10162,#10163);
#10162 = CARTESIAN_POINT('',(40.,800.,650.));
#10163 = VECTOR('',#10164,1.);
#10164 = DIRECTION('',(0.,-0.524097425664,-0.851658316705));
#10165 = PCURVE('',#9892,#10166);
#10166 = DEFINITIONAL_REPRESENTATION('',(#10167),#10171);
#10167 = LINE('',#10168,#10169);
#10168 = CARTESIAN_POINT('',(0.,0.));
#10169 = VECTOR('',#10170,1.);
#10170 = DIRECTION('',(1.,0.));
#10171 = ( GEOMETRIC_REPRESENTATION_CONTEXT(2) 
PARAMETRIC_REPRESENTATION_CONTEXT() REPRESENTATION_CONTEXT('2D SPACE',''
  ) );
#10172 = PCURVE('',#9974,#10173);
#10173 = DEFINITIONAL_REPRESENTATION('',(#10174),#10178);
#10174 = LINE('',#10175,#10176);
#10175 = CARTESIAN_POINT('',(28.504815944306,10.130444689929));
#10176 = VECTOR('',#10177,1.);
#10177 = DIRECTION('',(-0.851658316705,0.524097425664));
#10178 = ( GEOMETRIC_REPRESENTATION_CONTEXT(2) 
PARAMETRIC_REPRESENTATION_CONTEXT() REPRESENTATION_CONTEXT('2D SPACE',''
  ) );
#10179 = ADVANCED_FACE('',(#10180),#9974,.F.);
#10180 = FACE_BOUND('',#10181,.F.);
#10181 = EDGE_LOOP('',(#10182,#10183,#10184,#10185));
#10182 = ORIENTED_EDGE('',*,*,#9960,.T.);
#10183 = ORIENTED_EDGE('',*,*,#10041,.T.);
#10184 = ORIENTED_EDGE('',*,*,#10112,.T.);
#10185 = ORIENTED_EDGE('',*,*,#10159,.T.);
#10186 = ADVANCED_FACE('',(#10187),#9920,.T.);
#10187 = FACE_BOUND('',#10188,.T.);
#10188 = EDGE_LOOP('',(#10189,#10190,#10191,#10192));
#10189 = ORIENTED_EDGE('',*,*,#9904,.T.);
#10190 = ORIENTED_EDGE('',*,*,#9990,.T.);
#10191 = ORIENTED_EDGE('',*,*,#10066,.T.);
#10192 = ORIENTED_EDGE('',*,*,#10137,.T.);
#10193 = MANIFOLD_SOLID_BREP('',#10194);
#10194 = CLOSED_SHELL('',(#10195,#10315,#10391,#10462,#10509,#10516));
#10195 = ADVANCED_FACE('',(#10196),#10210,.F.);
#10196 = FACE_BOUND('',#10197,.T.);
#10197 = EDGE_LOOP('',(#10198,#10233,#10261,#10289));
#10198 = ORIENTED_EDGE('',*,*,#10199,.T.);
#10199 = EDGE_CURVE('',#10200,#10202,#10204,.T.);
#10200 = VERTEX_POINT('',#10201);
#10201 = CARTESIAN_POINT('',(40.,-769.2307692307,600.));
#10202 = VERTEX_POINT('',#10203);
#10203 = CARTESIAN_POINT('',(6.2E+03,-769.2307692307,600.));
#10204 = SURFACE_CURVE('',#10205,(#10209,#10221),.PCURVE_S1.);
#10205 = LINE('',#10206,#10207);
#10206 = CARTESIAN_POINT('',(40.,-769.2307692307,600.));
#10207 = VECTOR('',#10208,1.);
#10208 = DIRECTION('',(1.,-0.,-0.));
#10209 = PCURVE('',#10210,#10215);
#10210 = PLANE('',#10211);
#10211 = AXIS2_PLACEMENT_3D('',#10212,#10213,#10214);
#10212 = CARTESIAN_POINT('',(40.,-769.2307692307,600.));
#10213 = DIRECTION('',(-0.,-0.,1.));
#10214 = DIRECTION('',(0.,1.,0.));
#10215 = DEFINITIONAL_REPRESENTATION('',(#10216),#10220);
#10216 = LINE('',#10217,#10218);
#10217 = CARTESIAN_POINT('',(0.,-0.));
#10218 = VECTOR('',#10219,1.);
#10219 = DIRECTION('',(-0.,-1.));
#10220 = ( GEOMETRIC_REPRESENTATION_CONTEXT(2) 
PARAMETRIC_REPRESENTATION_CONTEXT() REPRESENTATION_CONTEXT('2D SPACE',''
  ) );
#10221 = PCURVE('',#10222,#10227);
#10222 = PLANE('',#10223);
#10223 = AXIS2_PLACEMENT_3D('',#10224,#10225,#10226);
#10224 = CARTESIAN_POINT('',(40.,-800.,650.));
#10225 = DIRECTION('',(0.,-0.851658316705,-0.524097425664));
#10226 = DIRECTION('',(0.,-0.524097425664,0.851658316705));
#10227 = DEFINITIONAL_REPRESENTATION('',(#10228),#10232);
#10228 = LINE('',#10229,#10230);
#10229 = CARTESIAN_POINT('',(-58.70899047105,0.));
#10230 = VECTOR('',#10231,1.);
#10231 = DIRECTION('',(-0.,-1.));
#10232 = ( GEOMETRIC_REPRESENTATION_CONTEXT(2) 
PARAMETRIC_REPRESENTATION_CONTEXT() REPRESENTATION_CONTEXT('2D SPACE',''
  ) );
#10233 = ORIENTED_EDGE('',*,*,#10234,.T.);
#10234 = EDGE_CURVE('',#10202,#10235,#10237,.T.);
#10235 = VERTEX_POINT('',#10236);
#10236 = CARTESIAN_POINT('',(6.2E+03,-840.,600.));
#10237 = SURFACE_CURVE('',#10238,(#10242,#10249),.PCURVE_S1.);
#10238 = LINE('',#10239,#10240);
#10239 = CARTESIAN_POINT('',(6.2E+03,-769.2307692307,600.));
#10240 = VECTOR('',#10241,1.);
#10241 = DIRECTION('',(-0.,-1.,-0.));
#10242 = PCURVE('',#10210,#10243);
#10243 = DEFINITIONAL_REPRESENTATION('',(#10244),#10248);
#10244 = LINE('',#10245,#10246);
#10245 = CARTESIAN_POINT('',(-0.,-6.16E+03));
#10246 = VECTOR('',#10247,1.);
#10247 = DIRECTION('',(-1.,0.));
#10248 = ( GEOMETRIC_REPRESENTATION_CONTEXT(2) 
PARAMETRIC_REPRESENTATION_CONTEXT() REPRESENTATION_CONTEXT('2D SPACE',''
  ) );
#10249 = PCURVE('',#10250,#10255);
#10250 = PLANE('',#10251);
#10251 = AXIS2_PLACEMENT_3D('',#10252,#10253,#10254);
#10252 = CARTESIAN_POINT('',(6.2E+03,-810.1304446899,621.49518405569));
#10253 = DIRECTION('',(1.,-0.,-0.));
#10254 = DIRECTION('',(0.,0.,-1.));
#10255 = DEFINITIONAL_REPRESENTATION('',(#10256),#10260);
#10256 = LINE('',#10257,#10258);
#10257 = CARTESIAN_POINT('',(21.495184055694,40.89967545916));
#10258 = VECTOR('',#10259,1.);
#10259 = DIRECTION('',(-0.,-1.));
#10260 = ( GEOMETRIC_REPRESENTATION_CONTEXT(2) 
PARAMETRIC_REPRESENTATION_CONTEXT() REPRESENTATION_CONTEXT('2D SPACE',''
  ) );
#10261 = ORIENTED_EDGE('',*,*,#10262,.F.);
#10262 = EDGE_CURVE('',#10263,#10235,#10265,.T.);
#10263 = VERTEX_POINT('',#10264);
#10264 = CARTESIAN_POINT('',(40.,-840.,600.));
#10265 = SURFACE_CURVE('',#10266,(#10270,#10277),.PCURVE_S1.);
#10266 = LINE('',#10267,#10268);
#10267 = CARTESIAN_POINT('',(40.,-840.,600.));
#10268 = VECTOR('',#10269,1.);
#10269 = DIRECTION('',(1.,-0.,-0.));
#10270 = PCURVE('',#10210,#10271);
#10271 = DEFINITIONAL_REPRESENTATION('',(#10272),#10276);
#10272 = LINE('',#10273,#10274);
#10273 = CARTESIAN_POINT('',(-70.76923076923,0.));
#10274 = VECTOR('',#10275,1.);
#10275 = DIRECTION('',(-0.,-1.));
#10276 = ( GEOMETRIC_REPRESENTATION_CONTEXT(2) 
PARAMETRIC_REPRESENTATION_CONTEXT() REPRESENTATION_CONTEXT('2D SPACE',''
  ) );
#10277 = PCURVE('',#10278,#10283);
#10278 = PLANE('',#10279);
#10279 = AXIS2_PLACEMENT_3D('',#10280,#10281,#10282);
#10280 = CARTESIAN_POINT('',(40.,-840.,600.));
#10281 = DIRECTION('',(-0.,1.,-0.));
#10282 = DIRECTION('',(0.,0.,-1.));
#10283 = DEFINITIONAL_REPRESENTATION('',(#10284),#10288);
#10284 = LINE('',#10285,#10286);
#10285 = CARTESIAN_POINT('',(-0.,0.));
#10286 = VECTOR('',#10287,1.);
#10287 = DIRECTION('',(-0.,-1.));
#10288 = ( GEOMETRIC_REPRESENTATION_CONTEXT(2) 
PARAMETRIC_REPRESENTATION_CONTEXT() REPRESENTATION_CONTEXT('2D SPACE',''
  ) );
#10289 = ORIENTED_EDGE('',*,*,#10290,.F.);
#10290 = EDGE_CURVE('',#10200,#10263,#10291,.T.);
#10291 = SURFACE_CURVE('',#10292,(#10296,#10303),.PCURVE_S1.);
#10292 = LINE('',#10293,#10294);
#10293 = CARTESIAN_POINT('',(40.,-769.2307692307,600.));
#10294 = VECTOR('',#10295,1.);
#10295 = DIRECTION('',(-0.,-1.,-0.));
#10296 = PCURVE('',#10210,#10297);
#10297 = DEFINITIONAL_REPRESENTATION('',(#10298),#10302);
#10298 = LINE('',#10299,#10300);
#10299 = CARTESIAN_POINT('',(0.,-0.));
#10300 = VECTOR('',#10301,1.);
#10301 = DIRECTION('',(-1.,0.));
#10302 = ( GEOMETRIC_REPRESENTATION_CONTEXT(2) 
PARAMETRIC_REPRESENTATION_CONTEXT() REPRESENTATION_CONTEXT('2D SPACE',''
  ) );
#10303 = PCURVE('',#10304,#10309);
#10304 = PLANE('',#10305);
#10305 = AXIS2_PLACEMENT_3D('',#10306,#10307,#10308);
#10306 = CARTESIAN_POINT('',(40.,-810.1304446899,621.49518405569));
#10307 = DIRECTION('',(1.,-0.,-0.));
#10308 = DIRECTION('',(0.,0.,-1.));
#10309 = DEFINITIONAL_REPRESENTATION('',(#10310),#10314);
#10310 = LINE('',#10311,#10312);
#10311 = CARTESIAN_POINT('',(21.495184055694,40.89967545916));
#10312 = VECTOR('',#10313,1.);
#10313 = DIRECTION('',(-0.,-1.));
#10314 = ( GEOMETRIC_REPRESENTATION_CONTEXT(2) 
PARAMETRIC_REPRESENTATION_CONTEXT() REPRESENTATION_CONTEXT('2D SPACE',''
  ) );
#10315 = ADVANCED_FACE('',(#10316),#10278,.F.);
#10316 = FACE_BOUND('',#10317,.T.);
#10317 = EDGE_LOOP('',(#10318,#10319,#10342,#10370));
#10318 = ORIENTED_EDGE('',*,*,#10262,.T.);
#10319 = ORIENTED_EDGE('',*,*,#10320,.T.);
#10320 = EDGE_CURVE('',#10235,#10321,#10323,.T.);
#10321 = VERTEX_POINT('',#10322);
#10322 = CARTESIAN_POINT('',(6.2E+03,-840.,650.));
#10323 = SURFACE_CURVE('',#10324,(#10328,#10335),.PCURVE_S1.);
#10324 = LINE('',#10325,#10326);
#10325 = CARTESIAN_POINT('',(6.2E+03,-840.,600.));
#10326 = VECTOR('',#10327,1.);
#10327 = DIRECTION('',(-0.,-0.,1.));
#10328 = PCURVE('',#10278,#10329);
#10329 = DEFINITIONAL_REPRESENTATION('',(#10330),#10334);
#10330 = LINE('',#10331,#10332);
#10331 = CARTESIAN_POINT('',(-0.,-6.16E+03));
#10332 = VECTOR('',#10333,1.);
#10333 = DIRECTION('',(-1.,0.));
#10334 = ( GEOMETRIC_REPRESENTATION_CONTEXT(2) 
PARAMETRIC_REPRESENTATION_CONTEXT() REPRESENTATION_CONTEXT('2D SPACE',''
  ) );
#10335 = PCURVE('',#10250,#10336);
#10336 = DEFINITIONAL_REPRESENTATION('',(#10337),#10341);
#10337 = LINE('',#10338,#10339);
#10338 = CARTESIAN_POINT('',(21.495184055694,-29.86955531007));
#10339 = VECTOR('',#10340,1.);
#10340 = DIRECTION('',(-1.,0.));
#10341 = ( GEOMETRIC_REPRESENTATION_CONTEXT(2) 
PARAMETRIC_REPRESENTATION_CONTEXT() REPRESENTATION_CONTEXT('2D SPACE',''
  ) );
#10342 = ORIENTED_EDGE('',*,*,#10343,.F.);
#10343 = EDGE_CURVE('',#10344,#10321,#10346,.T.);
#10344 = VERTEX_POINT('',#10345);
#10345 = CARTESIAN_POINT('',(40.,-840.,650.));
#10346 = SURFACE_CURVE('',#10347,(#10351,#10358),.PCURVE_S1.);
#10347 = LINE('',#10348,#10349);
#10348 = CARTESIAN_POINT('',(40.,-840.,650.));
#10349 = VECTOR('',#10350,1.);
#10350 = DIRECTION('',(1.,-0.,-0.));
#10351 = PCURVE('',#10278,#10352);
#10352 = DEFINITIONAL_REPRESENTATION('',(#10353),#10357);
#10353 = LINE('',#10354,#10355);
#10354 = CARTESIAN_POINT('',(-50.,0.));
#10355 = VECTOR('',#10356,1.);
#10356 = DIRECTION('',(-0.,-1.));
#10357 = ( GEOMETRIC_REPRESENTATION_CONTEXT(2) 
PARAMETRIC_REPRESENTATION_CONTEXT() REPRESENTATION_CONTEXT('2D SPACE',''
  ) );
#10358 = PCURVE('',#10359,#10364);
#10359 = PLANE('',#10360);
#10360 = AXIS2_PLACEMENT_3D('',#10361,#10362,#10363);
#10361 = CARTESIAN_POINT('',(40.,-840.,650.));
#10362 = DIRECTION('',(0.,-0.,-1.));
#10363 = DIRECTION('',(0.,-1.,0.));
#10364 = DEFINITIONAL_REPRESENTATION('',(#10365),#10369);
#10365 = LINE('',#10366,#10367);
#10366 = CARTESIAN_POINT('',(-0.,-0.));
#10367 = VECTOR('',#10368,1.);
#10368 = DIRECTION('',(-0.,-1.));
#10369 = ( GEOMETRIC_REPRESENTATION_CONTEXT(2) 
PARAMETRIC_REPRESENTATION_CONTEXT() REPRESENTATION_CONTEXT('2D SPACE',''
  ) );
#10370 = ORIENTED_EDGE('',*,*,#10371,.F.);
#10371 = EDGE_CURVE('',#10263,#10344,#10372,.T.);
#10372 = SURFACE_CURVE('',#10373,(#10377,#10384),.PCURVE_S1.);
#10373 = LINE('',#10374,#10375);
#10374 = CARTESIAN_POINT('',(40.,-840.,600.));
#10375 = VECTOR('',#10376,1.);
#10376 = DIRECTION('',(-0.,-0.,1.));
#10377 = PCURVE('',#10278,#10378);
#10378 = DEFINITIONAL_REPRESENTATION('',(#10379),#10383);
#10379 = LINE('',#10380,#10381);
#10380 = CARTESIAN_POINT('',(-0.,0.));
#10381 = VECTOR('',#10382,1.);
#10382 = DIRECTION('',(-1.,0.));
#10383 = ( GEOMETRIC_REPRESENTATION_CONTEXT(2) 
PARAMETRIC_REPRESENTATION_CONTEXT() REPRESENTATION_CONTEXT('2D SPACE',''
  ) );
#10384 = PCURVE('',#10304,#10385);
#10385 = DEFINITIONAL_REPRESENTATION('',(#10386),#10390);
#10386 = LINE('',#10387,#10388);
#10387 = CARTESIAN_POINT('',(21.495184055694,-29.86955531007));
#10388 = VECTOR('',#10389,1.);
#10389 = DIRECTION('',(-1.,0.));
#10390 = ( GEOMETRIC_REPRESENTATION_CONTEXT(2) 
PARAMETRIC_REPRESENTATION_CONTEXT() REPRESENTATION_CONTEXT('2D SPACE',''
  ) );
#10391 = ADVANCED_FACE('',(#10392),#10359,.F.);
#10392 = FACE_BOUND('',#10393,.T.);
#10393 = EDGE_LOOP('',(#10394,#10395,#10418,#10441));
#10394 = ORIENTED_EDGE('',*,*,#10343,.T.);
#10395 = ORIENTED_EDGE('',*,*,#10396,.T.);
#10396 = EDGE_CURVE('',#10321,#10397,#10399,.T.);
#10397 = VERTEX_POINT('',#10398);
#10398 = CARTESIAN_POINT('',(6.2E+03,-800.,650.));
#10399 = SURFACE_CURVE('',#10400,(#10404,#10411),.PCURVE_S1.);
#10400 = LINE('',#10401,#10402);
#10401 = CARTESIAN_POINT('',(6.2E+03,-840.,650.));
#10402 = VECTOR('',#10403,1.);
#10403 = DIRECTION('',(-0.,1.,-0.));
#10404 = PCURVE('',#10359,#10405);
#10405 = DEFINITIONAL_REPRESENTATION('',(#10406),#10410);
#10406 = LINE('',#10407,#10408);
#10407 = CARTESIAN_POINT('',(-0.,-6.16E+03));
#10408 = VECTOR('',#10409,1.);
#10409 = DIRECTION('',(-1.,0.));
#10410 = ( GEOMETRIC_REPRESENTATION_CONTEXT(2) 
PARAMETRIC_REPRESENTATION_CONTEXT() REPRESENTATION_CONTEXT('2D SPACE',''
  ) );
#10411 = PCURVE('',#10250,#10412);
#10412 = DEFINITIONAL_REPRESENTATION('',(#10413),#10417);
#10413 = LINE('',#10414,#10415);
#10414 = CARTESIAN_POINT('',(-28.5048159443,-29.86955531007));
#10415 = VECTOR('',#10416,1.);
#10416 = DIRECTION('',(-0.,1.));
#10417 = ( GEOMETRIC_REPRESENTATION_CONTEXT(2) 
PARAMETRIC_REPRESENTATION_CONTEXT() REPRESENTATION_CONTEXT('2D SPACE',''
  ) );
#10418 = ORIENTED_EDGE('',*,*,#10419,.F.);
#10419 = EDGE_CURVE('',#10420,#10397,#10422,.T.);
#10420 = VERTEX_POINT('',#10421);
#10421 = CARTESIAN_POINT('',(40.,-800.,650.));
#10422 = SURFACE_CURVE('',#10423,(#10427,#10434),.PCURVE_S1.);
#10423 = LINE('',#10424,#10425);
#10424 = CARTESIAN_POINT('',(40.,-800.,650.));
#10425 = VECTOR('',#10426,1.);
#10426 = DIRECTION('',(1.,-0.,-0.));
#10427 = PCURVE('',#10359,#10428);
#10428 = DEFINITIONAL_REPRESENTATION('',(#10429),#10433);
#10429 = LINE('',#10430,#10431);
#10430 = CARTESIAN_POINT('',(-40.,-0.));
#10431 = VECTOR('',#10432,1.);
#10432 = DIRECTION('',(-0.,-1.));
#10433 = ( GEOMETRIC_REPRESENTATION_CONTEXT(2) 
PARAMETRIC_REPRESENTATION_CONTEXT() REPRESENTATION_CONTEXT('2D SPACE',''
  ) );
#10434 = PCURVE('',#10222,#10435);
#10435 = DEFINITIONAL_REPRESENTATION('',(#10436),#10440);
#10436 = LINE('',#10437,#10438);
#10437 = CARTESIAN_POINT('',(-0.,-0.));
#10438 = VECTOR('',#10439,1.);
#10439 = DIRECTION('',(-0.,-1.));
#10440 = ( GEOMETRIC_REPRESENTATION_CONTEXT(2) 
PARAMETRIC_REPRESENTATION_CONTEXT() REPRESENTATION_CONTEXT('2D SPACE',''
  ) );
#10441 = ORIENTED_EDGE('',*,*,#10442,.F.);
#10442 = EDGE_CURVE('',#10344,#10420,#10443,.T.);
#10443 = SURFACE_CURVE('',#10444,(#10448,#10455),.PCURVE_S1.);
#10444 = LINE('',#10445,#10446);
#10445 = CARTESIAN_POINT('',(40.,-840.,650.));
#10446 = VECTOR('',#10447,1.);
#10447 = DIRECTION('',(-0.,1.,-0.));
#10448 = PCURVE('',#10359,#10449);
#10449 = DEFINITIONAL_REPRESENTATION('',(#10450),#10454);
#10450 = LINE('',#10451,#10452);
#10451 = CARTESIAN_POINT('',(-0.,-0.));
#10452 = VECTOR('',#10453,1.);
#10453 = DIRECTION('',(-1.,0.));
#10454 = ( GEOMETRIC_REPRESENTATION_CONTEXT(2) 
PARAMETRIC_REPRESENTATION_CONTEXT() REPRESENTATION_CONTEXT('2D SPACE',''
  ) );
#10455 = PCURVE('',#10304,#10456);
#10456 = DEFINITIONAL_REPRESENTATION('',(#10457),#10461);
#10457 = LINE('',#10458,#10459);
#10458 = CARTESIAN_POINT('',(-28.5048159443,-29.86955531007));
#10459 = VECTOR('',#10460,1.);
#10460 = DIRECTION('',(-0.,1.));
#10461 = ( GEOMETRIC_REPRESENTATION_CONTEXT(2) 
PARAMETRIC_REPRESENTATION_CONTEXT() REPRESENTATION_CONTEXT('2D SPACE',''
  ) );
#10462 = ADVANCED_FACE('',(#10463),#10222,.F.);
#10463 = FACE_BOUND('',#10464,.T.);
#10464 = EDGE_LOOP('',(#10465,#10466,#10487,#10488));
#10465 = ORIENTED_EDGE('',*,*,#10419,.T.);
#10466 = ORIENTED_EDGE('',*,*,#10467,.T.);
#10467 = EDGE_CURVE('',#10397,#10202,#10468,.T.);
#10468 = SURFACE_CURVE('',#10469,(#10473,#10480),.PCURVE_S1.);
#10469 = LINE('',#10470,#10471);
#10470 = CARTESIAN_POINT('',(6.2E+03,-800.,650.));
#10471 = VECTOR('',#10472,1.);
#10472 = DIRECTION('',(-0.,0.524097425664,-0.851658316705));
#10473 = PCURVE('',#10222,#10474);
#10474 = DEFINITIONAL_REPRESENTATION('',(#10475),#10479);
#10475 = LINE('',#10476,#10477);
#10476 = CARTESIAN_POINT('',(-0.,-6.16E+03));
#10477 = VECTOR('',#10478,1.);
#10478 = DIRECTION('',(-1.,0.));
#10479 = ( GEOMETRIC_REPRESENTATION_CONTEXT(2) 
PARAMETRIC_REPRESENTATION_CONTEXT() REPRESENTATION_CONTEXT('2D SPACE',''
  ) );
#10480 = PCURVE('',#10250,#10481);
#10481 = DEFINITIONAL_REPRESENTATION('',(#10482),#10486);
#10482 = LINE('',#10483,#10484);
#10483 = CARTESIAN_POINT('',(-28.5048159443,10.130444689929));
#10484 = VECTOR('',#10485,1.);
#10485 = DIRECTION('',(0.851658316705,0.524097425664));
#10486 = ( GEOMETRIC_REPRESENTATION_CONTEXT(2) 
PARAMETRIC_REPRESENTATION_CONTEXT() REPRESENTATION_CONTEXT('2D SPACE',''
  ) );
#10487 = ORIENTED_EDGE('',*,*,#10199,.F.);
#10488 = ORIENTED_EDGE('',*,*,#10489,.F.);
#10489 = EDGE_CURVE('',#10420,#10200,#10490,.T.);
#10490 = SURFACE_CURVE('',#10491,(#10495,#10502),.PCURVE_S1.);
#10491 = LINE('',#10492,#10493);
#10492 = CARTESIAN_POINT('',(40.,-800.,650.));
#10493 = VECTOR('',#10494,1.);
#10494 = DIRECTION('',(-0.,0.524097425664,-0.851658316705));
#10495 = PCURVE('',#10222,#10496);
#10496 = DEFINITIONAL_REPRESENTATION('',(#10497),#10501);
#10497 = LINE('',#10498,#10499);
#10498 = CARTESIAN_POINT('',(-0.,-0.));
#10499 = VECTOR('',#10500,1.);
#10500 = DIRECTION('',(-1.,0.));
#10501 = ( GEOMETRIC_REPRESENTATION_CONTEXT(2) 
PARAMETRIC_REPRESENTATION_CONTEXT() REPRESENTATION_CONTEXT('2D SPACE',''
  ) );
#10502 = PCURVE('',#10304,#10503);
#10503 = DEFINITIONAL_REPRESENTATION('',(#10504),#10508);
#10504 = LINE('',#10505,#10506);
#10505 = CARTESIAN_POINT('',(-28.5048159443,10.130444689929));
#10506 = VECTOR('',#10507,1.);
#10507 = DIRECTION('',(0.851658316705,0.524097425664));
#10508 = ( GEOMETRIC_REPRESENTATION_CONTEXT(2) 
PARAMETRIC_REPRESENTATION_CONTEXT() REPRESENTATION_CONTEXT('2D SPACE',''
  ) );
#10509 = ADVANCED_FACE('',(#10510),#10304,.F.);
#10510 = FACE_BOUND('',#10511,.T.);
#10511 = EDGE_LOOP('',(#10512,#10513,#10514,#10515));
#10512 = ORIENTED_EDGE('',*,*,#10290,.T.);
#10513 = ORIENTED_EDGE('',*,*,#10371,.T.);
#10514 = ORIENTED_EDGE('',*,*,#10442,.T.);
#10515 = ORIENTED_EDGE('',*,*,#10489,.T.);
#10516 = ADVANCED_FACE('',(#10517),#10250,.T.);
#10517 = FACE_BOUND('',#10518,.F.);
#10518 = EDGE_LOOP('',(#10519,#10520,#10521,#10522));
#10519 = ORIENTED_EDGE('',*,*,#10234,.T.);
#10520 = ORIENTED_EDGE('',*,*,#10320,.T.);
#10521 = ORIENTED_EDGE('',*,*,#10396,.T.);
#10522 = ORIENTED_EDGE('',*,*,#10467,.T.);
#10523 = MANIFOLD_SOLID_BREP('',#10524);
#10524 = CLOSED_SHELL('',(#10525,#10645,#10745,#10792,#10839,#10846));
#10525 = ADVANCED_FACE('',(#10526),#10540,.F.);
#10526 = FACE_BOUND('',#10527,.F.);
#10527 = EDGE_LOOP('',(#10528,#10563,#10591,#10619));
#10528 = ORIENTED_EDGE('',*,*,#10529,.F.);
#10529 = EDGE_CURVE('',#10530,#10532,#10534,.T.);
#10530 = VERTEX_POINT('',#10531);
#10531 = CARTESIAN_POINT('',(-80.,-90.,530.));
#10532 = VERTEX_POINT('',#10533);
#10533 = CARTESIAN_POINT('',(-80.,-90.,670.));
#10534 = SURFACE_CURVE('',#10535,(#10539,#10551),.PCURVE_S1.);
#10535 = LINE('',#10536,#10537);
#10536 = CARTESIAN_POINT('',(-80.,-90.,530.));
#10537 = VECTOR('',#10538,1.);
#10538 = DIRECTION('',(0.,0.,1.));
#10539 = PCURVE('',#10540,#10545);
#10540 = PLANE('',#10541);
#10541 = AXIS2_PLACEMENT_3D('',#10542,#10543,#10544);
#10542 = CARTESIAN_POINT('',(-80.,-90.,530.));
#10543 = DIRECTION('',(1.,0.,-0.));
#10544 = DIRECTION('',(0.,0.,1.));
#10545 = DEFINITIONAL_REPRESENTATION('',(#10546),#10550);
#10546 = LINE('',#10547,#10548);
#10547 = CARTESIAN_POINT('',(0.,0.));
#10548 = VECTOR('',#10549,1.);
#10549 = DIRECTION('',(1.,0.));
#10550 = ( GEOMETRIC_REPRESENTATION_CONTEXT(2) 
PARAMETRIC_REPRESENTATION_CONTEXT() REPRESENTATION_CONTEXT('2D SPACE',''
  ) );
#10551 = PCURVE('',#10552,#10557);
#10552 = PLANE('',#10553);
#10553 = AXIS2_PLACEMENT_3D('',#10554,#10555,#10556);
#10554 = CARTESIAN_POINT('',(-80.,-90.,530.));
#10555 = DIRECTION('',(-0.,1.,0.));
#10556 = DIRECTION('',(0.,0.,1.));
#10557 = DEFINITIONAL_REPRESENTATION('',(#10558),#10562);
#10558 = LINE('',#10559,#10560);
#10559 = CARTESIAN_POINT('',(0.,0.));
#10560 = VECTOR('',#10561,1.);
#10561 = DIRECTION('',(1.,0.));
#10562 = ( GEOMETRIC_REPRESENTATION_CONTEXT(2) 
PARAMETRIC_REPRESENTATION_CONTEXT() REPRESENTATION_CONTEXT('2D SPACE',''
  ) );
#10563 = ORIENTED_EDGE('',*,*,#10564,.T.);
#10564 = EDGE_CURVE('',#10530,#10565,#10567,.T.);
#10565 = VERTEX_POINT('',#10566);
#10566 = CARTESIAN_POINT('',(-80.,90.,530.));
#10567 = SURFACE_CURVE('',#10568,(#10572,#10579),.PCURVE_S1.);
#10568 = LINE('',#10569,#10570);
#10569 = CARTESIAN_POINT('',(-80.,-90.,530.));
#10570 = VECTOR('',#10571,1.);
#10571 = DIRECTION('',(-0.,1.,0.));
#10572 = PCURVE('',#10540,#10573);
#10573 = DEFINITIONAL_REPRESENTATION('',(#10574),#10578);
#10574 = LINE('',#10575,#10576);
#10575 = CARTESIAN_POINT('',(0.,0.));
#10576 = VECTOR('',#10577,1.);
#10577 = DIRECTION('',(0.,-1.));
#10578 = ( GEOMETRIC_REPRESENTATION_CONTEXT(2) 
PARAMETRIC_REPRESENTATION_CONTEXT() REPRESENTATION_CONTEXT('2D SPACE',''
  ) );
#10579 = PCURVE('',#10580,#10585);
#10580 = PLANE('',#10581);
#10581 = AXIS2_PLACEMENT_3D('',#10582,#10583,#10584);
#10582 = CARTESIAN_POINT('',(-80.,-90.,530.));
#10583 = DIRECTION('',(0.,0.,1.));
#10584 = DIRECTION('',(1.,0.,-0.));
#10585 = DEFINITIONAL_REPRESENTATION('',(#10586),#10590);
#10586 = LINE('',#10587,#10588);
#10587 = CARTESIAN_POINT('',(0.,0.));
#10588 = VECTOR('',#10589,1.);
#10589 = DIRECTION('',(0.,1.));
#10590 = ( GEOMETRIC_REPRESENTATION_CONTEXT(2) 
PARAMETRIC_REPRESENTATION_CONTEXT() REPRESENTATION_CONTEXT('2D SPACE',''
  ) );
#10591 = ORIENTED_EDGE('',*,*,#10592,.T.);
#10592 = EDGE_CURVE('',#10565,#10593,#10595,.T.);
#10593 = VERTEX_POINT('',#10594);
#10594 = CARTESIAN_POINT('',(-80.,90.,670.));
#10595 = SURFACE_CURVE('',#10596,(#10600,#10607),.PCURVE_S1.);
#10596 = LINE('',#10597,#10598);
#10597 = CARTESIAN_POINT('',(-80.,90.,530.));
#10598 = VECTOR('',#10599,1.);
#10599 = DIRECTION('',(0.,0.,1.));
#10600 = PCURVE('',#10540,#10601);
#10601 = DEFINITIONAL_REPRESENTATION('',(#10602),#10606);
#10602 = LINE('',#10603,#10604);
#10603 = CARTESIAN_POINT('',(0.,-180.));
#10604 = VECTOR('',#10605,1.);
#10605 = DIRECTION('',(1.,0.));
#10606 = ( GEOMETRIC_REPRESENTATION_CONTEXT(2) 
PARAMETRIC_REPRESENTATION_CONTEXT() REPRESENTATION_CONTEXT('2D SPACE',''
  ) );
#10607 = PCURVE('',#10608,#10613);
#10608 = PLANE('',#10609);
#10609 = AXIS2_PLACEMENT_3D('',#10610,#10611,#10612);
#10610 = CARTESIAN_POINT('',(-80.,90.,530.));
#10611 = DIRECTION('',(-0.,1.,0.));
#10612 = DIRECTION('',(0.,0.,1.));
#10613 = DEFINITIONAL_REPRESENTATION('',(#10614),#10618);
#10614 = LINE('',#10615,#10616);
#10615 = CARTESIAN_POINT('',(0.,0.));
#10616 = VECTOR('',#10617,1.);
#10617 = DIRECTION('',(1.,0.));
#10618 = ( GEOMETRIC_REPRESENTATION_CONTEXT(2) 
PARAMETRIC_REPRESENTATION_CONTEXT() REPRESENTATION_CONTEXT('2D SPACE',''
  ) );
#10619 = ORIENTED_EDGE('',*,*,#10620,.F.);
#10620 = EDGE_CURVE('',#10532,#10593,#10621,.T.);
#10621 = SURFACE_CURVE('',#10622,(#10626,#10633),.PCURVE_S1.);
#10622 = LINE('',#10623,#10624);
#10623 = CARTESIAN_POINT('',(-80.,-90.,670.));
#10624 = VECTOR('',#10625,1.);
#10625 = DIRECTION('',(-0.,1.,0.));
#10626 = PCURVE('',#10540,#10627);
#10627 = DEFINITIONAL_REPRESENTATION('',(#10628),#10632);
#10628 = LINE('',#10629,#10630);
#10629 = CARTESIAN_POINT('',(140.,0.));
#10630 = VECTOR('',#10631,1.);
#10631 = DIRECTION('',(0.,-1.));
#10632 = ( GEOMETRIC_REPRESENTATION_CONTEXT(2) 
PARAMETRIC_REPRESENTATION_CONTEXT() REPRESENTATION_CONTEXT('2D SPACE',''
  ) );
#10633 = PCURVE('',#10634,#10639);
#10634 = PLANE('',#10635);
#10635 = AXIS2_PLACEMENT_3D('',#10636,#10637,#10638);
#10636 = CARTESIAN_POINT('',(-80.,-90.,670.));
#10637 = DIRECTION('',(0.,0.,1.));
#10638 = DIRECTION('',(1.,0.,-0.));
#10639 = DEFINITIONAL_REPRESENTATION('',(#10640),#10644);
#10640 = LINE('',#10641,#10642);
#10641 = CARTESIAN_POINT('',(0.,0.));
#10642 = VECTOR('',#10643,1.);
#10643 = DIRECTION('',(0.,1.));
#10644 = ( GEOMETRIC_REPRESENTATION_CONTEXT(2) 
PARAMETRIC_REPRESENTATION_CONTEXT() REPRESENTATION_CONTEXT('2D SPACE',''
  ) );
#10645 = ADVANCED_FACE('',(#10646),#10660,.T.);
#10646 = FACE_BOUND('',#10647,.T.);
#10647 = EDGE_LOOP('',(#10648,#10678,#10701,#10724));
#10648 = ORIENTED_EDGE('',*,*,#10649,.F.);
#10649 = EDGE_CURVE('',#10650,#10652,#10654,.T.);
#10650 = VERTEX_POINT('',#10651);
#10651 = CARTESIAN_POINT('',(0.,-90.,530.));
#10652 = VERTEX_POINT('',#10653);
#10653 = CARTESIAN_POINT('',(0.,-90.,670.));
#10654 = SURFACE_CURVE('',#10655,(#10659,#10671),.PCURVE_S1.);
#10655 = LINE('',#10656,#10657);
#10656 = CARTESIAN_POINT('',(0.,-90.,530.));
#10657 = VECTOR('',#10658,1.);
#10658 = DIRECTION('',(0.,0.,1.));
#10659 = PCURVE('',#10660,#10665);
#10660 = PLANE('',#10661);
#10661 = AXIS2_PLACEMENT_3D('',#10662,#10663,#10664);
#10662 = CARTESIAN_POINT('',(0.,-90.,530.));
#10663 = DIRECTION('',(1.,0.,-0.));
#10664 = DIRECTION('',(0.,0.,1.));
#10665 = DEFINITIONAL_REPRESENTATION('',(#10666),#10670);
#10666 = LINE('',#10667,#10668);
#10667 = CARTESIAN_POINT('',(0.,0.));
#10668 = VECTOR('',#10669,1.);
#10669 = DIRECTION('',(1.,0.));
#10670 = ( GEOMETRIC_REPRESENTATION_CONTEXT(2) 
PARAMETRIC_REPRESENTATION_CONTEXT() REPRESENTATION_CONTEXT('2D SPACE',''
  ) );
#10671 = PCURVE('',#10552,#10672);
#10672 = DEFINITIONAL_REPRESENTATION('',(#10673),#10677);
#10673 = LINE('',#10674,#10675);
#10674 = CARTESIAN_POINT('',(0.,80.));
#10675 = VECTOR('',#10676,1.);
#10676 = DIRECTION('',(1.,0.));
#10677 = ( GEOMETRIC_REPRESENTATION_CONTEXT(2) 
PARAMETRIC_REPRESENTATION_CONTEXT() REPRESENTATION_CONTEXT('2D SPACE',''
  ) );
#10678 = ORIENTED_EDGE('',*,*,#10679,.T.);
#10679 = EDGE_CURVE('',#10650,#10680,#10682,.T.);
#10680 = VERTEX_POINT('',#10681);
#10681 = CARTESIAN_POINT('',(0.,90.,530.));
#10682 = SURFACE_CURVE('',#10683,(#10687,#10694),.PCURVE_S1.);
#10683 = LINE('',#10684,#10685);
#10684 = CARTESIAN_POINT('',(0.,-90.,530.));
#10685 = VECTOR('',#10686,1.);
#10686 = DIRECTION('',(-0.,1.,0.));
#10687 = PCURVE('',#10660,#10688);
#10688 = DEFINITIONAL_REPRESENTATION('',(#10689),#10693);
#10689 = LINE('',#10690,#10691);
#10690 = CARTESIAN_POINT('',(0.,0.));
#10691 = VECTOR('',#10692,1.);
#10692 = DIRECTION('',(0.,-1.));
#10693 = ( GEOMETRIC_REPRESENTATION_CONTEXT(2) 
PARAMETRIC_REPRESENTATION_CONTEXT() REPRESENTATION_CONTEXT('2D SPACE',''
  ) );
#10694 = PCURVE('',#10580,#10695);
#10695 = DEFINITIONAL_REPRESENTATION('',(#10696),#10700);
#10696 = LINE('',#10697,#10698);
#10697 = CARTESIAN_POINT('',(80.,0.));
#10698 = VECTOR('',#10699,1.);
#10699 = DIRECTION('',(0.,1.));
#10700 = ( GEOMETRIC_REPRESENTATION_CONTEXT(2) 
PARAMETRIC_REPRESENTATION_CONTEXT() REPRESENTATION_CONTEXT('2D SPACE',''
  ) );
#10701 = ORIENTED_EDGE('',*,*,#10702,.T.);
#10702 = EDGE_CURVE('',#10680,#10703,#10705,.T.);
#10703 = VERTEX_POINT('',#10704);
#10704 = CARTESIAN_POINT('',(0.,90.,670.));
#10705 = SURFACE_CURVE('',#10706,(#10710,#10717),.PCURVE_S1.);
#10706 = LINE('',#10707,#10708);
#10707 = CARTESIAN_POINT('',(0.,90.,530.));
#10708 = VECTOR('',#10709,1.);
#10709 = DIRECTION('',(0.,0.,1.));
#10710 = PCURVE('',#10660,#10711);
#10711 = DEFINITIONAL_REPRESENTATION('',(#10712),#10716);
#10712 = LINE('',#10713,#10714);
#10713 = CARTESIAN_POINT('',(0.,-180.));
#10714 = VECTOR('',#10715,1.);
#10715 = DIRECTION('',(1.,0.));
#10716 = ( GEOMETRIC_REPRESENTATION_CONTEXT(2) 
PARAMETRIC_REPRESENTATION_CONTEXT() REPRESENTATION_CONTEXT('2D SPACE',''
  ) );
#10717 = PCURVE('',#10608,#10718);
#10718 = DEFINITIONAL_REPRESENTATION('',(#10719),#10723);
#10719 = LINE('',#10720,#10721);
#10720 = CARTESIAN_POINT('',(0.,80.));
#10721 = VECTOR('',#10722,1.);
#10722 = DIRECTION('',(1.,0.));
#10723 = ( GEOMETRIC_REPRESENTATION_CONTEXT(2) 
PARAMETRIC_REPRESENTATION_CONTEXT() REPRESENTATION_CONTEXT('2D SPACE',''
  ) );
#10724 = ORIENTED_EDGE('',*,*,#10725,.F.);
#10725 = EDGE_CURVE('',#10652,#10703,#10726,.T.);
#10726 = SURFACE_CURVE('',#10727,(#10731,#10738),.PCURVE_S1.);
#10727 = LINE('',#10728,#10729);
#10728 = CARTESIAN_POINT('',(0.,-90.,670.));
#10729 = VECTOR('',#10730,1.);
#10730 = DIRECTION('',(-0.,1.,0.));
#10731 = PCURVE('',#10660,#10732);
#10732 = DEFINITIONAL_REPRESENTATION('',(#10733),#10737);
#10733 = LINE('',#10734,#10735);
#10734 = CARTESIAN_POINT('',(140.,0.));
#10735 = VECTOR('',#10736,1.);
#10736 = DIRECTION('',(0.,-1.));
#10737 = ( GEOMETRIC_REPRESENTATION_CONTEXT(2) 
PARAMETRIC_REPRESENTATION_CONTEXT() REPRESENTATION_CONTEXT('2D SPACE',''
  ) );
#10738 = PCURVE('',#10634,#10739);
#10739 = DEFINITIONAL_REPRESENTATION('',(#10740),#10744);
#10740 = LINE('',#10741,#10742);
#10741 = CARTESIAN_POINT('',(80.,0.));
#10742 = VECTOR('',#10743,1.);
#10743 = DIRECTION('',(0.,1.));
#10744 = ( GEOMETRIC_REPRESENTATION_CONTEXT(2) 
PARAMETRIC_REPRESENTATION_CONTEXT() REPRESENTATION_CONTEXT('2D SPACE',''
  ) );
#10745 = ADVANCED_FACE('',(#10746),#10552,.F.);
#10746 = FACE_BOUND('',#10747,.F.);
#10747 = EDGE_LOOP('',(#10748,#10769,#10770,#10791));
#10748 = ORIENTED_EDGE('',*,*,#10749,.F.);
#10749 = EDGE_CURVE('',#10530,#10650,#10750,.T.);
#10750 = SURFACE_CURVE('',#10751,(#10755,#10762),.PCURVE_S1.);
#10751 = LINE('',#10752,#10753);
#10752 = CARTESIAN_POINT('',(-80.,-90.,530.));
#10753 = VECTOR('',#10754,1.);
#10754 = DIRECTION('',(1.,0.,-0.));
#10755 = PCURVE('',#10552,#10756);
#10756 = DEFINITIONAL_REPRESENTATION('',(#10757),#10761);
#10757 = LINE('',#10758,#10759);
#10758 = CARTESIAN_POINT('',(0.,0.));
#10759 = VECTOR('',#10760,1.);
#10760 = DIRECTION('',(0.,1.));
#10761 = ( GEOMETRIC_REPRESENTATION_CONTEXT(2) 
PARAMETRIC_REPRESENTATION_CONTEXT() REPRESENTATION_CONTEXT('2D SPACE',''
  ) );
#10762 = PCURVE('',#10580,#10763);
#10763 = DEFINITIONAL_REPRESENTATION('',(#10764),#10768);
#10764 = LINE('',#10765,#10766);
#10765 = CARTESIAN_POINT('',(0.,0.));
#10766 = VECTOR('',#10767,1.);
#10767 = DIRECTION('',(1.,0.));
#10768 = ( GEOMETRIC_REPRESENTATION_CONTEXT(2) 
PARAMETRIC_REPRESENTATION_CONTEXT() REPRESENTATION_CONTEXT('2D SPACE',''
  ) );
#10769 = ORIENTED_EDGE('',*,*,#10529,.T.);
#10770 = ORIENTED_EDGE('',*,*,#10771,.T.);
#10771 = EDGE_CURVE('',#10532,#10652,#10772,.T.);
#10772 = SURFACE_CURVE('',#10773,(#10777,#10784),.PCURVE_S1.);
#10773 = LINE('',#10774,#10775);
#10774 = CARTESIAN_POINT('',(-80.,-90.,670.));
#10775 = VECTOR('',#10776,1.);
#10776 = DIRECTION('',(1.,0.,-0.));
#10777 = PCURVE('',#10552,#10778);
#10778 = DEFINITIONAL_REPRESENTATION('',(#10779),#10783);
#10779 = LINE('',#10780,#10781);
#10780 = CARTESIAN_POINT('',(140.,0.));
#10781 = VECTOR('',#10782,1.);
#10782 = DIRECTION('',(0.,1.));
#10783 = ( GEOMETRIC_REPRESENTATION_CONTEXT(2) 
PARAMETRIC_REPRESENTATION_CONTEXT() REPRESENTATION_CONTEXT('2D SPACE',''
  ) );
#10784 = PCURVE('',#10634,#10785);
#10785 = DEFINITIONAL_REPRESENTATION('',(#10786),#10790);
#10786 = LINE('',#10787,#10788);
#10787 = CARTESIAN_POINT('',(0.,0.));
#10788 = VECTOR('',#10789,1.);
#10789 = DIRECTION('',(1.,0.));
#10790 = ( GEOMETRIC_REPRESENTATION_CONTEXT(2) 
PARAMETRIC_REPRESENTATION_CONTEXT() REPRESENTATION_CONTEXT('2D SPACE',''
  ) );
#10791 = ORIENTED_EDGE('',*,*,#10649,.F.);
#10792 = ADVANCED_FACE('',(#10793),#10608,.T.);
#10793 = FACE_BOUND('',#10794,.T.);
#10794 = EDGE_LOOP('',(#10795,#10816,#10817,#10838));
#10795 = ORIENTED_EDGE('',*,*,#10796,.F.);
#10796 = EDGE_CURVE('',#10565,#10680,#10797,.T.);
#10797 = SURFACE_CURVE('',#10798,(#10802,#10809),.PCURVE_S1.);
#10798 = LINE('',#10799,#10800);
#10799 = CARTESIAN_POINT('',(-80.,90.,530.));
#10800 = VECTOR('',#10801,1.);
#10801 = DIRECTION('',(1.,0.,-0.));
#10802 = PCURVE('',#10608,#10803);
#10803 = DEFINITIONAL_REPRESENTATION('',(#10804),#10808);
#10804 = LINE('',#10805,#10806);
#10805 = CARTESIAN_POINT('',(0.,0.));
#10806 = VECTOR('',#10807,1.);
#10807 = DIRECTION('',(0.,1.));
#10808 = ( GEOMETRIC_REPRESENTATION_CONTEXT(2) 
PARAMETRIC_REPRESENTATION_CONTEXT() REPRESENTATION_CONTEXT('2D SPACE',''
  ) );
#10809 = PCURVE('',#10580,#10810);
#10810 = DEFINITIONAL_REPRESENTATION('',(#10811),#10815);
#10811 = LINE('',#10812,#10813);
#10812 = CARTESIAN_POINT('',(0.,180.));
#10813 = VECTOR('',#10814,1.);
#10814 = DIRECTION('',(1.,0.));
#10815 = ( GEOMETRIC_REPRESENTATION_CONTEXT(2) 
PARAMETRIC_REPRESENTATION_CONTEXT() REPRESENTATION_CONTEXT('2D SPACE',''
  ) );
#10816 = ORIENTED_EDGE('',*,*,#10592,.T.);
#10817 = ORIENTED_EDGE('',*,*,#10818,.T.);
#10818 = EDGE_CURVE('',#10593,#10703,#10819,.T.);
#10819 = SURFACE_CURVE('',#10820,(#10824,#10831),.PCURVE_S1.);
#10820 = LINE('',#10821,#10822);
#10821 = CARTESIAN_POINT('',(-80.,90.,670.));
#10822 = VECTOR('',#10823,1.);
#10823 = DIRECTION('',(1.,0.,-0.));
#10824 = PCURVE('',#10608,#10825);
#10825 = DEFINITIONAL_REPRESENTATION('',(#10826),#10830);
#10826 = LINE('',#10827,#10828);
#10827 = CARTESIAN_POINT('',(140.,0.));
#10828 = VECTOR('',#10829,1.);
#10829 = DIRECTION('',(0.,1.));
#10830 = ( GEOMETRIC_REPRESENTATION_CONTEXT(2) 
PARAMETRIC_REPRESENTATION_CONTEXT() REPRESENTATION_CONTEXT('2D SPACE',''
  ) );
#10831 = PCURVE('',#10634,#10832);
#10832 = DEFINITIONAL_REPRESENTATION('',(#10833),#10837);
#10833 = LINE('',#10834,#10835);
#10834 = CARTESIAN_POINT('',(0.,180.));
#10835 = VECTOR('',#10836,1.);
#10836 = DIRECTION('',(1.,0.));
#10837 = ( GEOMETRIC_REPRESENTATION_CONTEXT(2) 
PARAMETRIC_REPRESENTATION_CONTEXT() REPRESENTATION_CONTEXT('2D SPACE',''
  ) );
#10838 = ORIENTED_EDGE('',*,*,#10702,.F.);
#10839 = ADVANCED_FACE('',(#10840),#10580,.F.);
#10840 = FACE_BOUND('',#10841,.F.);
#10841 = EDGE_LOOP('',(#10842,#10843,#10844,#10845));
#10842 = ORIENTED_EDGE('',*,*,#10564,.F.);
#10843 = ORIENTED_EDGE('',*,*,#10749,.T.);
#10844 = ORIENTED_EDGE('',*,*,#10679,.T.);
#10845 = ORIENTED_EDGE('',*,*,#10796,.F.);
#10846 = ADVANCED_FACE('',(#10847),#10634,.T.);
#10847 = FACE_BOUND('',#10848,.T.);
#10848 = EDGE_LOOP('',(#10849,#10850,#10851,#10852));
#10849 = ORIENTED_EDGE('',*,*,#10620,.F.);
#10850 = ORIENTED_EDGE('',*,*,#10771,.T.);
#10851 = ORIENTED_EDGE('',*,*,#10725,.T.);
#10852 = ORIENTED_EDGE('',*,*,#10818,.F.);
#10853 = MANIFOLD_SOLID_BREP('',#10854);
#10854 = CLOSED_SHELL('',(#10855,#10975,#11075,#11122,#11169,#11176));
#10855 = ADVANCED_FACE('',(#10856),#10870,.F.);
#10856 = FACE_BOUND('',#10857,.F.);
#10857 = EDGE_LOOP('',(#10858,#10893,#10921,#10949));
#10858 = ORIENTED_EDGE('',*,*,#10859,.F.);
#10859 = EDGE_CURVE('',#10860,#10862,#10864,.T.);
#10860 = VERTEX_POINT('',#10861);
#10861 = CARTESIAN_POINT('',(-460.,-150.,670.));
#10862 = VERTEX_POINT('',#10863);
#10863 = CARTESIAN_POINT('',(-460.,-150.,1.09E+03));
#10864 = SURFACE_CURVE('',#10865,(#10869,#10881),.PCURVE_S1.);
#10865 = LINE('',#10866,#10867);
#10866 = CARTESIAN_POINT('',(-460.,-150.,670.));
#10867 = VECTOR('',#10868,1.);
#10868 = DIRECTION('',(0.,0.,1.));
#10869 = PCURVE('',#10870,#10875);
#10870 = PLANE('',#10871);
#10871 = AXIS2_PLACEMENT_3D('',#10872,#10873,#10874);
#10872 = CARTESIAN_POINT('',(-460.,-150.,670.));
#10873 = DIRECTION('',(1.,0.,-0.));
#10874 = DIRECTION('',(0.,0.,1.));
#10875 = DEFINITIONAL_REPRESENTATION('',(#10876),#10880);
#10876 = LINE('',#10877,#10878);
#10877 = CARTESIAN_POINT('',(0.,0.));
#10878 = VECTOR('',#10879,1.);
#10879 = DIRECTION('',(1.,0.));
#10880 = ( GEOMETRIC_REPRESENTATION_CONTEXT(2) 
PARAMETRIC_REPRESENTATION_CONTEXT() REPRESENTATION_CONTEXT('2D SPACE',''
  ) );
#10881 = PCURVE('',#10882,#10887);
#10882 = PLANE('',#10883);
#10883 = AXIS2_PLACEMENT_3D('',#10884,#10885,#10886);
#10884 = CARTESIAN_POINT('',(-460.,-150.,670.));
#10885 = DIRECTION('',(-0.,1.,0.));
#10886 = DIRECTION('',(0.,0.,1.));
#10887 = DEFINITIONAL_REPRESENTATION('',(#10888),#10892);
#10888 = LINE('',#10889,#10890);
#10889 = CARTESIAN_POINT('',(0.,0.));
#10890 = VECTOR('',#10891,1.);
#10891 = DIRECTION('',(1.,0.));
#10892 = ( GEOMETRIC_REPRESENTATION_CONTEXT(2) 
PARAMETRIC_REPRESENTATION_CONTEXT() REPRESENTATION_CONTEXT('2D SPACE',''
  ) );
#10893 = ORIENTED_EDGE('',*,*,#10894,.T.);
#10894 = EDGE_CURVE('',#10860,#10895,#10897,.T.);
#10895 = VERTEX_POINT('',#10896);
#10896 = CARTESIAN_POINT('',(-460.,150.,670.));
#10897 = SURFACE_CURVE('',#10898,(#10902,#10909),.PCURVE_S1.);
#10898 = LINE('',#10899,#10900);
#10899 = CARTESIAN_POINT('',(-460.,-150.,670.));
#10900 = VECTOR('',#10901,1.);
#10901 = DIRECTION('',(-0.,1.,0.));
#10902 = PCURVE('',#10870,#10903);
#10903 = DEFINITIONAL_REPRESENTATION('',(#10904),#10908);
#10904 = LINE('',#10905,#10906);
#10905 = CARTESIAN_POINT('',(0.,0.));
#10906 = VECTOR('',#10907,1.);
#10907 = DIRECTION('',(0.,-1.));
#10908 = ( GEOMETRIC_REPRESENTATION_CONTEXT(2) 
PARAMETRIC_REPRESENTATION_CONTEXT() REPRESENTATION_CONTEXT('2D SPACE',''
  ) );
#10909 = PCURVE('',#10910,#10915);
#10910 = PLANE('',#10911);
#10911 = AXIS2_PLACEMENT_3D('',#10912,#10913,#10914);
#10912 = CARTESIAN_POINT('',(-460.,-150.,670.));
#10913 = DIRECTION('',(0.,0.,1.));
#10914 = DIRECTION('',(1.,0.,-0.));
#10915 = DEFINITIONAL_REPRESENTATION('',(#10916),#10920);
#10916 = LINE('',#10917,#10918);
#10917 = CARTESIAN_POINT('',(0.,0.));
#10918 = VECTOR('',#10919,1.);
#10919 = DIRECTION('',(0.,1.));
#10920 = ( GEOMETRIC_REPRESENTATION_CONTEXT(2) 
PARAMETRIC_REPRESENTATION_CONTEXT() REPRESENTATION_CONTEXT('2D SPACE',''
  ) );
#10921 = ORIENTED_EDGE('',*,*,#10922,.T.);
#10922 = EDGE_CURVE('',#10895,#10923,#10925,.T.);
#10923 = VERTEX_POINT('',#10924);
#10924 = CARTESIAN_POINT('',(-460.,150.,1.09E+03));
#10925 = SURFACE_CURVE('',#10926,(#10930,#10937),.PCURVE_S1.);
#10926 = LINE('',#10927,#10928);
#10927 = CARTESIAN_POINT('',(-460.,150.,670.));
#10928 = VECTOR('',#10929,1.);
#10929 = DIRECTION('',(0.,0.,1.));
#10930 = PCURVE('',#10870,#10931);
#10931 = DEFINITIONAL_REPRESENTATION('',(#10932),#10936);
#10932 = LINE('',#10933,#10934);
#10933 = CARTESIAN_POINT('',(0.,-300.));
#10934 = VECTOR('',#10935,1.);
#10935 = DIRECTION('',(1.,0.));
#10936 = ( GEOMETRIC_REPRESENTATION_CONTEXT(2) 
PARAMETRIC_REPRESENTATION_CONTEXT() REPRESENTATION_CONTEXT('2D SPACE',''
  ) );
#10937 = PCURVE('',#10938,#10943);
#10938 = PLANE('',#10939);
#10939 = AXIS2_PLACEMENT_3D('',#10940,#10941,#10942);
#10940 = CARTESIAN_POINT('',(-460.,150.,670.));
#10941 = DIRECTION('',(-0.,1.,0.));
#10942 = DIRECTION('',(0.,0.,1.));
#10943 = DEFINITIONAL_REPRESENTATION('',(#10944),#10948);
#10944 = LINE('',#10945,#10946);
#10945 = CARTESIAN_POINT('',(0.,0.));
#10946 = VECTOR('',#10947,1.);
#10947 = DIRECTION('',(1.,0.));
#10948 = ( GEOMETRIC_REPRESENTATION_CONTEXT(2) 
PARAMETRIC_REPRESENTATION_CONTEXT() REPRESENTATION_CONTEXT('2D SPACE',''
  ) );
#10949 = ORIENTED_EDGE('',*,*,#10950,.F.);
#10950 = EDGE_CURVE('',#10862,#10923,#10951,.T.);
#10951 = SURFACE_CURVE('',#10952,(#10956,#10963),.PCURVE_S1.);
#10952 = LINE('',#10953,#10954);
#10953 = CARTESIAN_POINT('',(-460.,-150.,1.09E+03));
#10954 = VECTOR('',#10955,1.);
#10955 = DIRECTION('',(-0.,1.,0.));
#10956 = PCURVE('',#10870,#10957);
#10957 = DEFINITIONAL_REPRESENTATION('',(#10958),#10962);
#10958 = LINE('',#10959,#10960);
#10959 = CARTESIAN_POINT('',(420.,0.));
#10960 = VECTOR('',#10961,1.);
#10961 = DIRECTION('',(0.,-1.));
#10962 = ( GEOMETRIC_REPRESENTATION_CONTEXT(2) 
PARAMETRIC_REPRESENTATION_CONTEXT() REPRESENTATION_CONTEXT('2D SPACE',''
  ) );
#10963 = PCURVE('',#10964,#10969);
#10964 = PLANE('',#10965);
#10965 = AXIS2_PLACEMENT_3D('',#10966,#10967,#10968);
#10966 = CARTESIAN_POINT('',(-460.,-150.,1.09E+03));
#10967 = DIRECTION('',(0.,0.,1.));
#10968 = DIRECTION('',(1.,0.,-0.));
#10969 = DEFINITIONAL_REPRESENTATION('',(#10970),#10974);
#10970 = LINE('',#10971,#10972);
#10971 = CARTESIAN_POINT('',(0.,0.));
#10972 = VECTOR('',#10973,1.);
#10973 = DIRECTION('',(0.,1.));
#10974 = ( GEOMETRIC_REPRESENTATION_CONTEXT(2) 
PARAMETRIC_REPRESENTATION_CONTEXT() REPRESENTATION_CONTEXT('2D SPACE',''
  ) );
#10975 = ADVANCED_FACE('',(#10976),#10990,.T.);
#10976 = FACE_BOUND('',#10977,.T.);
#10977 = EDGE_LOOP('',(#10978,#11008,#11031,#11054));
#10978 = ORIENTED_EDGE('',*,*,#10979,.F.);
#10979 = EDGE_CURVE('',#10980,#10982,#10984,.T.);
#10980 = VERTEX_POINT('',#10981);
#10981 = CARTESIAN_POINT('',(-100.,-150.,670.));
#10982 = VERTEX_POINT('',#10983);
#10983 = CARTESIAN_POINT('',(-100.,-150.,1.09E+03));
#10984 = SURFACE_CURVE('',#10985,(#10989,#11001),.PCURVE_S1.);
#10985 = LINE('',#10986,#10987);
#10986 = CARTESIAN_POINT('',(-100.,-150.,670.));
#10987 = VECTOR('',#10988,1.);
#10988 = DIRECTION('',(0.,0.,1.));
#10989 = PCURVE('',#10990,#10995);
#10990 = PLANE('',#10991);
#10991 = AXIS2_PLACEMENT_3D('',#10992,#10993,#10994);
#10992 = CARTESIAN_POINT('',(-100.,-150.,670.));
#10993 = DIRECTION('',(1.,0.,-0.));
#10994 = DIRECTION('',(0.,0.,1.));
#10995 = DEFINITIONAL_REPRESENTATION('',(#10996),#11000);
#10996 = LINE('',#10997,#10998);
#10997 = CARTESIAN_POINT('',(0.,0.));
#10998 = VECTOR('',#10999,1.);
#10999 = DIRECTION('',(1.,0.));
#11000 = ( GEOMETRIC_REPRESENTATION_CONTEXT(2) 
PARAMETRIC_REPRESENTATION_CONTEXT() REPRESENTATION_CONTEXT('2D SPACE',''
  ) );
#11001 = PCURVE('',#10882,#11002);
#11002 = DEFINITIONAL_REPRESENTATION('',(#11003),#11007);
#11003 = LINE('',#11004,#11005);
#11004 = CARTESIAN_POINT('',(0.,360.));
#11005 = VECTOR('',#11006,1.);
#11006 = DIRECTION('',(1.,0.));
#11007 = ( GEOMETRIC_REPRESENTATION_CONTEXT(2) 
PARAMETRIC_REPRESENTATION_CONTEXT() REPRESENTATION_CONTEXT('2D SPACE',''
  ) );
#11008 = ORIENTED_EDGE('',*,*,#11009,.T.);
#11009 = EDGE_CURVE('',#10980,#11010,#11012,.T.);
#11010 = VERTEX_POINT('',#11011);
#11011 = CARTESIAN_POINT('',(-100.,150.,670.));
#11012 = SURFACE_CURVE('',#11013,(#11017,#11024),.PCURVE_S1.);
#11013 = LINE('',#11014,#11015);
#11014 = CARTESIAN_POINT('',(-100.,-150.,670.));
#11015 = VECTOR('',#11016,1.);
#11016 = DIRECTION('',(-0.,1.,0.));
#11017 = PCURVE('',#10990,#11018);
#11018 = DEFINITIONAL_REPRESENTATION('',(#11019),#11023);
#11019 = LINE('',#11020,#11021);
#11020 = CARTESIAN_POINT('',(0.,0.));
#11021 = VECTOR('',#11022,1.);
#11022 = DIRECTION('',(0.,-1.));
#11023 = ( GEOMETRIC_REPRESENTATION_CONTEXT(2) 
PARAMETRIC_REPRESENTATION_CONTEXT() REPRESENTATION_CONTEXT('2D SPACE',''
  ) );
#11024 = PCURVE('',#10910,#11025);
#11025 = DEFINITIONAL_REPRESENTATION('',(#11026),#11030);
#11026 = LINE('',#11027,#11028);
#11027 = CARTESIAN_POINT('',(360.,0.));
#11028 = VECTOR('',#11029,1.);
#11029 = DIRECTION('',(0.,1.));
#11030 = ( GEOMETRIC_REPRESENTATION_CONTEXT(2) 
PARAMETRIC_REPRESENTATION_CONTEXT() REPRESENTATION_CONTEXT('2D SPACE',''
  ) );
#11031 = ORIENTED_EDGE('',*,*,#11032,.T.);
#11032 = EDGE_CURVE('',#11010,#11033,#11035,.T.);
#11033 = VERTEX_POINT('',#11034);
#11034 = CARTESIAN_POINT('',(-100.,150.,1.09E+03));
#11035 = SURFACE_CURVE('',#11036,(#11040,#11047),.PCURVE_S1.);
#11036 = LINE('',#11037,#11038);
#11037 = CARTESIAN_POINT('',(-100.,150.,670.));
#11038 = VECTOR('',#11039,1.);
#11039 = DIRECTION('',(0.,0.,1.));
#11040 = PCURVE('',#10990,#11041);
#11041 = DEFINITIONAL_REPRESENTATION('',(#11042),#11046);
#11042 = LINE('',#11043,#11044);
#11043 = CARTESIAN_POINT('',(0.,-300.));
#11044 = VECTOR('',#11045,1.);
#11045 = DIRECTION('',(1.,0.));
#11046 = ( GEOMETRIC_REPRESENTATION_CONTEXT(2) 
PARAMETRIC_REPRESENTATION_CONTEXT() REPRESENTATION_CONTEXT('2D SPACE',''
  ) );
#11047 = PCURVE('',#10938,#11048);
#11048 = DEFINITIONAL_REPRESENTATION('',(#11049),#11053);
#11049 = LINE('',#11050,#11051);
#11050 = CARTESIAN_POINT('',(0.,360.));
#11051 = VECTOR('',#11052,1.);
#11052 = DIRECTION('',(1.,0.));
#11053 = ( GEOMETRIC_REPRESENTATION_CONTEXT(2) 
PARAMETRIC_REPRESENTATION_CONTEXT() REPRESENTATION_CONTEXT('2D SPACE',''
  ) );
#11054 = ORIENTED_EDGE('',*,*,#11055,.F.);
#11055 = EDGE_CURVE('',#10982,#11033,#11056,.T.);
#11056 = SURFACE_CURVE('',#11057,(#11061,#11068),.PCURVE_S1.);
#11057 = LINE('',#11058,#11059);
#11058 = CARTESIAN_POINT('',(-100.,-150.,1.09E+03));
#11059 = VECTOR('',#11060,1.);
#11060 = DIRECTION('',(-0.,1.,0.));
#11061 = PCURVE('',#10990,#11062);
#11062 = DEFINITIONAL_REPRESENTATION('',(#11063),#11067);
#11063 = LINE('',#11064,#11065);
#11064 = CARTESIAN_POINT('',(420.,0.));
#11065 = VECTOR('',#11066,1.);
#11066 = DIRECTION('',(0.,-1.));
#11067 = ( GEOMETRIC_REPRESENTATION_CONTEXT(2) 
PARAMETRIC_REPRESENTATION_CONTEXT() REPRESENTATION_CONTEXT('2D SPACE',''
  ) );
#11068 = PCURVE('',#10964,#11069);
#11069 = DEFINITIONAL_REPRESENTATION('',(#11070),#11074);
#11070 = LINE('',#11071,#11072);
#11071 = CARTESIAN_POINT('',(360.,0.));
#11072 = VECTOR('',#11073,1.);
#11073 = DIRECTION('',(0.,1.));
#11074 = ( GEOMETRIC_REPRESENTATION_CONTEXT(2) 
PARAMETRIC_REPRESENTATION_CONTEXT() REPRESENTATION_CONTEXT('2D SPACE',''
  ) );
#11075 = ADVANCED_FACE('',(#11076),#10882,.F.);
#11076 = FACE_BOUND('',#11077,.F.);
#11077 = EDGE_LOOP('',(#11078,#11099,#11100,#11121));
#11078 = ORIENTED_EDGE('',*,*,#11079,.F.);
#11079 = EDGE_CURVE('',#10860,#10980,#11080,.T.);
#11080 = SURFACE_CURVE('',#11081,(#11085,#11092),.PCURVE_S1.);
#11081 = LINE('',#11082,#11083);
#11082 = CARTESIAN_POINT('',(-460.,-150.,670.));
#11083 = VECTOR('',#11084,1.);
#11084 = DIRECTION('',(1.,0.,-0.));
#11085 = PCURVE('',#10882,#11086);
#11086 = DEFINITIONAL_REPRESENTATION('',(#11087),#11091);
#11087 = LINE('',#11088,#11089);
#11088 = CARTESIAN_POINT('',(0.,0.));
#11089 = VECTOR('',#11090,1.);
#11090 = DIRECTION('',(0.,1.));
#11091 = ( GEOMETRIC_REPRESENTATION_CONTEXT(2) 
PARAMETRIC_REPRESENTATION_CONTEXT() REPRESENTATION_CONTEXT('2D SPACE',''
  ) );
#11092 = PCURVE('',#10910,#11093);
#11093 = DEFINITIONAL_REPRESENTATION('',(#11094),#11098);
#11094 = LINE('',#11095,#11096);
#11095 = CARTESIAN_POINT('',(0.,0.));
#11096 = VECTOR('',#11097,1.);
#11097 = DIRECTION('',(1.,0.));
#11098 = ( GEOMETRIC_REPRESENTATION_CONTEXT(2) 
PARAMETRIC_REPRESENTATION_CONTEXT() REPRESENTATION_CONTEXT('2D SPACE',''
  ) );
#11099 = ORIENTED_EDGE('',*,*,#10859,.T.);
#11100 = ORIENTED_EDGE('',*,*,#11101,.T.);
#11101 = EDGE_CURVE('',#10862,#10982,#11102,.T.);
#11102 = SURFACE_CURVE('',#11103,(#11107,#11114),.PCURVE_S1.);
#11103 = LINE('',#11104,#11105);
#11104 = CARTESIAN_POINT('',(-460.,-150.,1.09E+03));
#11105 = VECTOR('',#11106,1.);
#11106 = DIRECTION('',(1.,0.,-0.));
#11107 = PCURVE('',#10882,#11108);
#11108 = DEFINITIONAL_REPRESENTATION('',(#11109),#11113);
#11109 = LINE('',#11110,#11111);
#11110 = CARTESIAN_POINT('',(420.,0.));
#11111 = VECTOR('',#11112,1.);
#11112 = DIRECTION('',(0.,1.));
#11113 = ( GEOMETRIC_REPRESENTATION_CONTEXT(2) 
PARAMETRIC_REPRESENTATION_CONTEXT() REPRESENTATION_CONTEXT('2D SPACE',''
  ) );
#11114 = PCURVE('',#10964,#11115);
#11115 = DEFINITIONAL_REPRESENTATION('',(#11116),#11120);
#11116 = LINE('',#11117,#11118);
#11117 = CARTESIAN_POINT('',(0.,0.));
#11118 = VECTOR('',#11119,1.);
#11119 = DIRECTION('',(1.,0.));
#11120 = ( GEOMETRIC_REPRESENTATION_CONTEXT(2) 
PARAMETRIC_REPRESENTATION_CONTEXT() REPRESENTATION_CONTEXT('2D SPACE',''
  ) );
#11121 = ORIENTED_EDGE('',*,*,#10979,.F.);
#11122 = ADVANCED_FACE('',(#11123),#10938,.T.);
#11123 = FACE_BOUND('',#11124,.T.);
#11124 = EDGE_LOOP('',(#11125,#11146,#11147,#11168));
#11125 = ORIENTED_EDGE('',*,*,#11126,.F.);
#11126 = EDGE_CURVE('',#10895,#11010,#11127,.T.);
#11127 = SURFACE_CURVE('',#11128,(#11132,#11139),.PCURVE_S1.);
#11128 = LINE('',#11129,#11130);
#11129 = CARTESIAN_POINT('',(-460.,150.,670.));
#11130 = VECTOR('',#11131,1.);
#11131 = DIRECTION('',(1.,0.,-0.));
#11132 = PCURVE('',#10938,#11133);
#11133 = DEFINITIONAL_REPRESENTATION('',(#11134),#11138);
#11134 = LINE('',#11135,#11136);
#11135 = CARTESIAN_POINT('',(0.,0.));
#11136 = VECTOR('',#11137,1.);
#11137 = DIRECTION('',(0.,1.));
#11138 = ( GEOMETRIC_REPRESENTATION_CONTEXT(2) 
PARAMETRIC_REPRESENTATION_CONTEXT() REPRESENTATION_CONTEXT('2D SPACE',''
  ) );
#11139 = PCURVE('',#10910,#11140);
#11140 = DEFINITIONAL_REPRESENTATION('',(#11141),#11145);
#11141 = LINE('',#11142,#11143);
#11142 = CARTESIAN_POINT('',(0.,300.));
#11143 = VECTOR('',#11144,1.);
#11144 = DIRECTION('',(1.,0.));
#11145 = ( GEOMETRIC_REPRESENTATION_CONTEXT(2) 
PARAMETRIC_REPRESENTATION_CONTEXT() REPRESENTATION_CONTEXT('2D SPACE',''
  ) );
#11146 = ORIENTED_EDGE('',*,*,#10922,.T.);
#11147 = ORIENTED_EDGE('',*,*,#11148,.T.);
#11148 = EDGE_CURVE('',#10923,#11033,#11149,.T.);
#11149 = SURFACE_CURVE('',#11150,(#11154,#11161),.PCURVE_S1.);
#11150 = LINE('',#11151,#11152);
#11151 = CARTESIAN_POINT('',(-460.,150.,1.09E+03));
#11152 = VECTOR('',#11153,1.);
#11153 = DIRECTION('',(1.,0.,-0.));
#11154 = PCURVE('',#10938,#11155);
#11155 = DEFINITIONAL_REPRESENTATION('',(#11156),#11160);
#11156 = LINE('',#11157,#11158);
#11157 = CARTESIAN_POINT('',(420.,0.));
#11158 = VECTOR('',#11159,1.);
#11159 = DIRECTION('',(0.,1.));
#11160 = ( GEOMETRIC_REPRESENTATION_CONTEXT(2) 
PARAMETRIC_REPRESENTATION_CONTEXT() REPRESENTATION_CONTEXT('2D SPACE',''
  ) );
#11161 = PCURVE('',#10964,#11162);
#11162 = DEFINITIONAL_REPRESENTATION('',(#11163),#11167);
#11163 = LINE('',#11164,#11165);
#11164 = CARTESIAN_POINT('',(0.,300.));
#11165 = VECTOR('',#11166,1.);
#11166 = DIRECTION('',(1.,0.));
#11167 = ( GEOMETRIC_REPRESENTATION_CONTEXT(2) 
PARAMETRIC_REPRESENTATION_CONTEXT() REPRESENTATION_CONTEXT('2D SPACE',''
  ) );
#11168 = ORIENTED_EDGE('',*,*,#11032,.F.);
#11169 = ADVANCED_FACE('',(#11170),#10910,.F.);
#11170 = FACE_BOUND('',#11171,.F.);
#11171 = EDGE_LOOP('',(#11172,#11173,#11174,#11175));
#11172 = ORIENTED_EDGE('',*,*,#10894,.F.);
#11173 = ORIENTED_EDGE('',*,*,#11079,.T.);
#11174 = ORIENTED_EDGE('',*,*,#11009,.T.);
#11175 = ORIENTED_EDGE('',*,*,#11126,.F.);
#11176 = ADVANCED_FACE('',(#11177),#10964,.T.);
#11177 = FACE_BOUND('',#11178,.T.);
#11178 = EDGE_LOOP('',(#11179,#11180,#11181,#11182));
#11179 = ORIENTED_EDGE('',*,*,#10950,.F.);
#11180 = ORIENTED_EDGE('',*,*,#11101,.T.);
#11181 = ORIENTED_EDGE('',*,*,#11055,.T.);
#11182 = ORIENTED_EDGE('',*,*,#11148,.F.);
#11183 = MANIFOLD_SOLID_BREP('',#11184);
#11184 = CLOSED_SHELL('',(#11185,#11305,#11405,#11452,#11499,#11506));
#11185 = ADVANCED_FACE('',(#11186),#11200,.F.);
#11186 = FACE_BOUND('',#11187,.F.);
#11187 = EDGE_LOOP('',(#11188,#11223,#11251,#11279));
#11188 = ORIENTED_EDGE('',*,*,#11189,.F.);
#11189 = EDGE_CURVE('',#11190,#11192,#11194,.T.);
#11190 = VERTEX_POINT('',#11191);
#11191 = CARTESIAN_POINT('',(-315.,-35.,-30.));
#11192 = VERTEX_POINT('',#11193);
#11193 = CARTESIAN_POINT('',(-315.,-35.,670.));
#11194 = SURFACE_CURVE('',#11195,(#11199,#11211),.PCURVE_S1.);
#11195 = LINE('',#11196,#11197);
#11196 = CARTESIAN_POINT('',(-315.,-35.,-30.));
#11197 = VECTOR('',#11198,1.);
#11198 = DIRECTION('',(0.,0.,1.));
#11199 = PCURVE('',#11200,#11205);
#11200 = PLANE('',#11201);
#11201 = AXIS2_PLACEMENT_3D('',#11202,#11203,#11204);
#11202 = CARTESIAN_POINT('',(-315.,-35.,-30.));
#11203 = DIRECTION('',(1.,0.,-0.));
#11204 = DIRECTION('',(0.,0.,1.));
#11205 = DEFINITIONAL_REPRESENTATION('',(#11206),#11210);
#11206 = LINE('',#11207,#11208);
#11207 = CARTESIAN_POINT('',(0.,0.));
#11208 = VECTOR('',#11209,1.);
#11209 = DIRECTION('',(1.,0.));
#11210 = ( GEOMETRIC_REPRESENTATION_CONTEXT(2) 
PARAMETRIC_REPRESENTATION_CONTEXT() REPRESENTATION_CONTEXT('2D SPACE',''
  ) );
#11211 = PCURVE('',#11212,#11217);
#11212 = PLANE('',#11213);
#11213 = AXIS2_PLACEMENT_3D('',#11214,#11215,#11216);
#11214 = CARTESIAN_POINT('',(-315.,-35.,-30.));
#11215 = DIRECTION('',(-0.,1.,0.));
#11216 = DIRECTION('',(0.,0.,1.));
#11217 = DEFINITIONAL_REPRESENTATION('',(#11218),#11222);
#11218 = LINE('',#11219,#11220);
#11219 = CARTESIAN_POINT('',(0.,0.));
#11220 = VECTOR('',#11221,1.);
#11221 = DIRECTION('',(1.,0.));
#11222 = ( GEOMETRIC_REPRESENTATION_CONTEXT(2) 
PARAMETRIC_REPRESENTATION_CONTEXT() REPRESENTATION_CONTEXT('2D SPACE',''
  ) );
#11223 = ORIENTED_EDGE('',*,*,#11224,.T.);
#11224 = EDGE_CURVE('',#11190,#11225,#11227,.T.);
#11225 = VERTEX_POINT('',#11226);
#11226 = CARTESIAN_POINT('',(-315.,35.,-30.));
#11227 = SURFACE_CURVE('',#11228,(#11232,#11239),.PCURVE_S1.);
#11228 = LINE('',#11229,#11230);
#11229 = CARTESIAN_POINT('',(-315.,-35.,-30.));
#11230 = VECTOR('',#11231,1.);
#11231 = DIRECTION('',(-0.,1.,0.));
#11232 = PCURVE('',#11200,#11233);
#11233 = DEFINITIONAL_REPRESENTATION('',(#11234),#11238);
#11234 = LINE('',#11235,#11236);
#11235 = CARTESIAN_POINT('',(0.,0.));
#11236 = VECTOR('',#11237,1.);
#11237 = DIRECTION('',(0.,-1.));
#11238 = ( GEOMETRIC_REPRESENTATION_CONTEXT(2) 
PARAMETRIC_REPRESENTATION_CONTEXT() REPRESENTATION_CONTEXT('2D SPACE',''
  ) );
#11239 = PCURVE('',#11240,#11245);
#11240 = PLANE('',#11241);
#11241 = AXIS2_PLACEMENT_3D('',#11242,#11243,#11244);
#11242 = CARTESIAN_POINT('',(-315.,-35.,-30.));
#11243 = DIRECTION('',(0.,0.,1.));
#11244 = DIRECTION('',(1.,0.,-0.));
#11245 = DEFINITIONAL_REPRESENTATION('',(#11246),#11250);
#11246 = LINE('',#11247,#11248);
#11247 = CARTESIAN_POINT('',(0.,0.));
#11248 = VECTOR('',#11249,1.);
#11249 = DIRECTION('',(0.,1.));
#11250 = ( GEOMETRIC_REPRESENTATION_CONTEXT(2) 
PARAMETRIC_REPRESENTATION_CONTEXT() REPRESENTATION_CONTEXT('2D SPACE',''
  ) );
#11251 = ORIENTED_EDGE('',*,*,#11252,.T.);
#11252 = EDGE_CURVE('',#11225,#11253,#11255,.T.);
#11253 = VERTEX_POINT('',#11254);
#11254 = CARTESIAN_POINT('',(-315.,35.,670.));
#11255 = SURFACE_CURVE('',#11256,(#11260,#11267),.PCURVE_S1.);
#11256 = LINE('',#11257,#11258);
#11257 = CARTESIAN_POINT('',(-315.,35.,-30.));
#11258 = VECTOR('',#11259,1.);
#11259 = DIRECTION('',(0.,0.,1.));
#11260 = PCURVE('',#11200,#11261);
#11261 = DEFINITIONAL_REPRESENTATION('',(#11262),#11266);
#11262 = LINE('',#11263,#11264);
#11263 = CARTESIAN_POINT('',(0.,-70.));
#11264 = VECTOR('',#11265,1.);
#11265 = DIRECTION('',(1.,0.));
#11266 = ( GEOMETRIC_REPRESENTATION_CONTEXT(2) 
PARAMETRIC_REPRESENTATION_CONTEXT() REPRESENTATION_CONTEXT('2D SPACE',''
  ) );
#11267 = PCURVE('',#11268,#11273);
#11268 = PLANE('',#11269);
#11269 = AXIS2_PLACEMENT_3D('',#11270,#11271,#11272);
#11270 = CARTESIAN_POINT('',(-315.,35.,-30.));
#11271 = DIRECTION('',(-0.,1.,0.));
#11272 = DIRECTION('',(0.,0.,1.));
#11273 = DEFINITIONAL_REPRESENTATION('',(#11274),#11278);
#11274 = LINE('',#11275,#11276);
#11275 = CARTESIAN_POINT('',(0.,0.));
#11276 = VECTOR('',#11277,1.);
#11277 = DIRECTION('',(1.,0.));
#11278 = ( GEOMETRIC_REPRESENTATION_CONTEXT(2) 
PARAMETRIC_REPRESENTATION_CONTEXT() REPRESENTATION_CONTEXT('2D SPACE',''
  ) );
#11279 = ORIENTED_EDGE('',*,*,#11280,.F.);
#11280 = EDGE_CURVE('',#11192,#11253,#11281,.T.);
#11281 = SURFACE_CURVE('',#11282,(#11286,#11293),.PCURVE_S1.);
#11282 = LINE('',#11283,#11284);
#11283 = CARTESIAN_POINT('',(-315.,-35.,670.));
#11284 = VECTOR('',#11285,1.);
#11285 = DIRECTION('',(-0.,1.,0.));
#11286 = PCURVE('',#11200,#11287);
#11287 = DEFINITIONAL_REPRESENTATION('',(#11288),#11292);
#11288 = LINE('',#11289,#11290);
#11289 = CARTESIAN_POINT('',(700.,0.));
#11290 = VECTOR('',#11291,1.);
#11291 = DIRECTION('',(0.,-1.));
#11292 = ( GEOMETRIC_REPRESENTATION_CONTEXT(2) 
PARAMETRIC_REPRESENTATION_CONTEXT() REPRESENTATION_CONTEXT('2D SPACE',''
  ) );
#11293 = PCURVE('',#11294,#11299);
#11294 = PLANE('',#11295);
#11295 = AXIS2_PLACEMENT_3D('',#11296,#11297,#11298);
#11296 = CARTESIAN_POINT('',(-315.,-35.,670.));
#11297 = DIRECTION('',(0.,0.,1.));
#11298 = DIRECTION('',(1.,0.,-0.));
#11299 = DEFINITIONAL_REPRESENTATION('',(#11300),#11304);
#11300 = LINE('',#11301,#11302);
#11301 = CARTESIAN_POINT('',(0.,0.));
#11302 = VECTOR('',#11303,1.);
#11303 = DIRECTION('',(0.,1.));
#11304 = ( GEOMETRIC_REPRESENTATION_CONTEXT(2) 
PARAMETRIC_REPRESENTATION_CONTEXT() REPRESENTATION_CONTEXT('2D SPACE',''
  ) );
#11305 = ADVANCED_FACE('',(#11306),#11320,.T.);
#11306 = FACE_BOUND('',#11307,.T.);
#11307 = EDGE_LOOP('',(#11308,#11338,#11361,#11384));
#11308 = ORIENTED_EDGE('',*,*,#11309,.F.);
#11309 = EDGE_CURVE('',#11310,#11312,#11314,.T.);
#11310 = VERTEX_POINT('',#11311);
#11311 = CARTESIAN_POINT('',(-205.,-35.,-30.));
#11312 = VERTEX_POINT('',#11313);
#11313 = CARTESIAN_POINT('',(-205.,-35.,670.));
#11314 = SURFACE_CURVE('',#11315,(#11319,#11331),.PCURVE_S1.);
#11315 = LINE('',#11316,#11317);
#11316 = CARTESIAN_POINT('',(-205.,-35.,-30.));
#11317 = VECTOR('',#11318,1.);
#11318 = DIRECTION('',(0.,0.,1.));
#11319 = PCURVE('',#11320,#11325);
#11320 = PLANE('',#11321);
#11321 = AXIS2_PLACEMENT_3D('',#11322,#11323,#11324);
#11322 = CARTESIAN_POINT('',(-205.,-35.,-30.));
#11323 = DIRECTION('',(1.,0.,-0.));
#11324 = DIRECTION('',(0.,0.,1.));
#11325 = DEFINITIONAL_REPRESENTATION('',(#11326),#11330);
#11326 = LINE('',#11327,#11328);
#11327 = CARTESIAN_POINT('',(0.,0.));
#11328 = VECTOR('',#11329,1.);
#11329 = DIRECTION('',(1.,0.));
#11330 = ( GEOMETRIC_REPRESENTATION_CONTEXT(2) 
PARAMETRIC_REPRESENTATION_CONTEXT() REPRESENTATION_CONTEXT('2D SPACE',''
  ) );
#11331 = PCURVE('',#11212,#11332);
#11332 = DEFINITIONAL_REPRESENTATION('',(#11333),#11337);
#11333 = LINE('',#11334,#11335);
#11334 = CARTESIAN_POINT('',(0.,110.));
#11335 = VECTOR('',#11336,1.);
#11336 = DIRECTION('',(1.,0.));
#11337 = ( GEOMETRIC_REPRESENTATION_CONTEXT(2) 
PARAMETRIC_REPRESENTATION_CONTEXT() REPRESENTATION_CONTEXT('2D SPACE',''
  ) );
#11338 = ORIENTED_EDGE('',*,*,#11339,.T.);
#11339 = EDGE_CURVE('',#11310,#11340,#11342,.T.);
#11340 = VERTEX_POINT('',#11341);
#11341 = CARTESIAN_POINT('',(-205.,35.,-30.));
#11342 = SURFACE_CURVE('',#11343,(#11347,#11354),.PCURVE_S1.);
#11343 = LINE('',#11344,#11345);
#11344 = CARTESIAN_POINT('',(-205.,-35.,-30.));
#11345 = VECTOR('',#11346,1.);
#11346 = DIRECTION('',(-0.,1.,0.));
#11347 = PCURVE('',#11320,#11348);
#11348 = DEFINITIONAL_REPRESENTATION('',(#11349),#11353);
#11349 = LINE('',#11350,#11351);
#11350 = CARTESIAN_POINT('',(0.,0.));
#11351 = VECTOR('',#11352,1.);
#11352 = DIRECTION('',(0.,-1.));
#11353 = ( GEOMETRIC_REPRESENTATION_CONTEXT(2) 
PARAMETRIC_REPRESENTATION_CONTEXT() REPRESENTATION_CONTEXT('2D SPACE',''
  ) );
#11354 = PCURVE('',#11240,#11355);
#11355 = DEFINITIONAL_REPRESENTATION('',(#11356),#11360);
#11356 = LINE('',#11357,#11358);
#11357 = CARTESIAN_POINT('',(110.,0.));
#11358 = VECTOR('',#11359,1.);
#11359 = DIRECTION('',(0.,1.));
#11360 = ( GEOMETRIC_REPRESENTATION_CONTEXT(2) 
PARAMETRIC_REPRESENTATION_CONTEXT() REPRESENTATION_CONTEXT('2D SPACE',''
  ) );
#11361 = ORIENTED_EDGE('',*,*,#11362,.T.);
#11362 = EDGE_CURVE('',#11340,#11363,#11365,.T.);
#11363 = VERTEX_POINT('',#11364);
#11364 = CARTESIAN_POINT('',(-205.,35.,670.));
#11365 = SURFACE_CURVE('',#11366,(#11370,#11377),.PCURVE_S1.);
#11366 = LINE('',#11367,#11368);
#11367 = CARTESIAN_POINT('',(-205.,35.,-30.));
#11368 = VECTOR('',#11369,1.);
#11369 = DIRECTION('',(0.,0.,1.));
#11370 = PCURVE('',#11320,#11371);
#11371 = DEFINITIONAL_REPRESENTATION('',(#11372),#11376);
#11372 = LINE('',#11373,#11374);
#11373 = CARTESIAN_POINT('',(0.,-70.));
#11374 = VECTOR('',#11375,1.);
#11375 = DIRECTION('',(1.,0.));
#11376 = ( GEOMETRIC_REPRESENTATION_CONTEXT(2) 
PARAMETRIC_REPRESENTATION_CONTEXT() REPRESENTATION_CONTEXT('2D SPACE',''
  ) );
#11377 = PCURVE('',#11268,#11378);
#11378 = DEFINITIONAL_REPRESENTATION('',(#11379),#11383);
#11379 = LINE('',#11380,#11381);
#11380 = CARTESIAN_POINT('',(0.,110.));
#11381 = VECTOR('',#11382,1.);
#11382 = DIRECTION('',(1.,0.));
#11383 = ( GEOMETRIC_REPRESENTATION_CONTEXT(2) 
PARAMETRIC_REPRESENTATION_CONTEXT() REPRESENTATION_CONTEXT('2D SPACE',''
  ) );
#11384 = ORIENTED_EDGE('',*,*,#11385,.F.);
#11385 = EDGE_CURVE('',#11312,#11363,#11386,.T.);
#11386 = SURFACE_CURVE('',#11387,(#11391,#11398),.PCURVE_S1.);
#11387 = LINE('',#11388,#11389);
#11388 = CARTESIAN_POINT('',(-205.,-35.,670.));
#11389 = VECTOR('',#11390,1.);
#11390 = DIRECTION('',(-0.,1.,0.));
#11391 = PCURVE('',#11320,#11392);
#11392 = DEFINITIONAL_REPRESENTATION('',(#11393),#11397);
#11393 = LINE('',#11394,#11395);
#11394 = CARTESIAN_POINT('',(700.,0.));
#11395 = VECTOR('',#11396,1.);
#11396 = DIRECTION('',(0.,-1.));
#11397 = ( GEOMETRIC_REPRESENTATION_CONTEXT(2) 
PARAMETRIC_REPRESENTATION_CONTEXT() REPRESENTATION_CONTEXT('2D SPACE',''
  ) );
#11398 = PCURVE('',#11294,#11399);
#11399 = DEFINITIONAL_REPRESENTATION('',(#11400),#11404);
#11400 = LINE('',#11401,#11402);
#11401 = CARTESIAN_POINT('',(110.,0.));
#11402 = VECTOR('',#11403,1.);
#11403 = DIRECTION('',(0.,1.));
#11404 = ( GEOMETRIC_REPRESENTATION_CONTEXT(2) 
PARAMETRIC_REPRESENTATION_CONTEXT() REPRESENTATION_CONTEXT('2D SPACE',''
  ) );
#11405 = ADVANCED_FACE('',(#11406),#11212,.F.);
#11406 = FACE_BOUND('',#11407,.F.);
#11407 = EDGE_LOOP('',(#11408,#11429,#11430,#11451));
#11408 = ORIENTED_EDGE('',*,*,#11409,.F.);
#11409 = EDGE_CURVE('',#11190,#11310,#11410,.T.);
#11410 = SURFACE_CURVE('',#11411,(#11415,#11422),.PCURVE_S1.);
#11411 = LINE('',#11412,#11413);
#11412 = CARTESIAN_POINT('',(-315.,-35.,-30.));
#11413 = VECTOR('',#11414,1.);
#11414 = DIRECTION('',(1.,0.,-0.));
#11415 = PCURVE('',#11212,#11416);
#11416 = DEFINITIONAL_REPRESENTATION('',(#11417),#11421);
#11417 = LINE('',#11418,#11419);
#11418 = CARTESIAN_POINT('',(0.,0.));
#11419 = VECTOR('',#11420,1.);
#11420 = DIRECTION('',(0.,1.));
#11421 = ( GEOMETRIC_REPRESENTATION_CONTEXT(2) 
PARAMETRIC_REPRESENTATION_CONTEXT() REPRESENTATION_CONTEXT('2D SPACE',''
  ) );
#11422 = PCURVE('',#11240,#11423);
#11423 = DEFINITIONAL_REPRESENTATION('',(#11424),#11428);
#11424 = LINE('',#11425,#11426);
#11425 = CARTESIAN_POINT('',(0.,0.));
#11426 = VECTOR('',#11427,1.);
#11427 = DIRECTION('',(1.,0.));
#11428 = ( GEOMETRIC_REPRESENTATION_CONTEXT(2) 
PARAMETRIC_REPRESENTATION_CONTEXT() REPRESENTATION_CONTEXT('2D SPACE',''
  ) );
#11429 = ORIENTED_EDGE('',*,*,#11189,.T.);
#11430 = ORIENTED_EDGE('',*,*,#11431,.T.);
#11431 = EDGE_CURVE('',#11192,#11312,#11432,.T.);
#11432 = SURFACE_CURVE('',#11433,(#11437,#11444),.PCURVE_S1.);
#11433 = LINE('',#11434,#11435);
#11434 = CARTESIAN_POINT('',(-315.,-35.,670.));
#11435 = VECTOR('',#11436,1.);
#11436 = DIRECTION('',(1.,0.,-0.));
#11437 = PCURVE('',#11212,#11438);
#11438 = DEFINITIONAL_REPRESENTATION('',(#11439),#11443);
#11439 = LINE('',#11440,#11441);
#11440 = CARTESIAN_POINT('',(700.,0.));
#11441 = VECTOR('',#11442,1.);
#11442 = DIRECTION('',(0.,1.));
#11443 = ( GEOMETRIC_REPRESENTATION_CONTEXT(2) 
PARAMETRIC_REPRESENTATION_CONTEXT() REPRESENTATION_CONTEXT('2D SPACE',''
  ) );
#11444 = PCURVE('',#11294,#11445);
#11445 = DEFINITIONAL_REPRESENTATION('',(#11446),#11450);
#11446 = LINE('',#11447,#11448);
#11447 = CARTESIAN_POINT('',(0.,0.));
#11448 = VECTOR('',#11449,1.);
#11449 = DIRECTION('',(1.,0.));
#11450 = ( GEOMETRIC_REPRESENTATION_CONTEXT(2) 
PARAMETRIC_REPRESENTATION_CONTEXT() REPRESENTATION_CONTEXT('2D SPACE',''
  ) );
#11451 = ORIENTED_EDGE('',*,*,#11309,.F.);
#11452 = ADVANCED_FACE('',(#11453),#11268,.T.);
#11453 = FACE_BOUND('',#11454,.T.);
#11454 = EDGE_LOOP('',(#11455,#11476,#11477,#11498));
#11455 = ORIENTED_EDGE('',*,*,#11456,.F.);
#11456 = EDGE_CURVE('',#11225,#11340,#11457,.T.);
#11457 = SURFACE_CURVE('',#11458,(#11462,#11469),.PCURVE_S1.);
#11458 = LINE('',#11459,#11460);
#11459 = CARTESIAN_POINT('',(-315.,35.,-30.));
#11460 = VECTOR('',#11461,1.);
#11461 = DIRECTION('',(1.,0.,-0.));
#11462 = PCURVE('',#11268,#11463);
#11463 = DEFINITIONAL_REPRESENTATION('',(#11464),#11468);
#11464 = LINE('',#11465,#11466);
#11465 = CARTESIAN_POINT('',(0.,0.));
#11466 = VECTOR('',#11467,1.);
#11467 = DIRECTION('',(0.,1.));
#11468 = ( GEOMETRIC_REPRESENTATION_CONTEXT(2) 
PARAMETRIC_REPRESENTATION_CONTEXT() REPRESENTATION_CONTEXT('2D SPACE',''
  ) );
#11469 = PCURVE('',#11240,#11470);
#11470 = DEFINITIONAL_REPRESENTATION('',(#11471),#11475);
#11471 = LINE('',#11472,#11473);
#11472 = CARTESIAN_POINT('',(0.,70.));
#11473 = VECTOR('',#11474,1.);
#11474 = DIRECTION('',(1.,0.));
#11475 = ( GEOMETRIC_REPRESENTATION_CONTEXT(2) 
PARAMETRIC_REPRESENTATION_CONTEXT() REPRESENTATION_CONTEXT('2D SPACE',''
  ) );
#11476 = ORIENTED_EDGE('',*,*,#11252,.T.);
#11477 = ORIENTED_EDGE('',*,*,#11478,.T.);
#11478 = EDGE_CURVE('',#11253,#11363,#11479,.T.);
#11479 = SURFACE_CURVE('',#11480,(#11484,#11491),.PCURVE_S1.);
#11480 = LINE('',#11481,#11482);
#11481 = CARTESIAN_POINT('',(-315.,35.,670.));
#11482 = VECTOR('',#11483,1.);
#11483 = DIRECTION('',(1.,0.,-0.));
#11484 = PCURVE('',#11268,#11485);
#11485 = DEFINITIONAL_REPRESENTATION('',(#11486),#11490);
#11486 = LINE('',#11487,#11488);
#11487 = CARTESIAN_POINT('',(700.,0.));
#11488 = VECTOR('',#11489,1.);
#11489 = DIRECTION('',(0.,1.));
#11490 = ( GEOMETRIC_REPRESENTATION_CONTEXT(2) 
PARAMETRIC_REPRESENTATION_CONTEXT() REPRESENTATION_CONTEXT('2D SPACE',''
  ) );
#11491 = PCURVE('',#11294,#11492);
#11492 = DEFINITIONAL_REPRESENTATION('',(#11493),#11497);
#11493 = LINE('',#11494,#11495);
#11494 = CARTESIAN_POINT('',(0.,70.));
#11495 = VECTOR('',#11496,1.);
#11496 = DIRECTION('',(1.,0.));
#11497 = ( GEOMETRIC_REPRESENTATION_CONTEXT(2) 
PARAMETRIC_REPRESENTATION_CONTEXT() REPRESENTATION_CONTEXT('2D SPACE',''
  ) );
#11498 = ORIENTED_EDGE('',*,*,#11362,.F.);
#11499 = ADVANCED_FACE('',(#11500),#11240,.F.);
#11500 = FACE_BOUND('',#11501,.F.);
#11501 = EDGE_LOOP('',(#11502,#11503,#11504,#11505));
#11502 = ORIENTED_EDGE('',*,*,#11224,.F.);
#11503 = ORIENTED_EDGE('',*,*,#11409,.T.);
#11504 = ORIENTED_EDGE('',*,*,#11339,.T.);
#11505 = ORIENTED_EDGE('',*,*,#11456,.F.);
#11506 = ADVANCED_FACE('',(#11507),#11294,.T.);
#11507 = FACE_BOUND('',#11508,.T.);
#11508 = EDGE_LOOP('',(#11509,#11510,#11511,#11512));
#11509 = ORIENTED_EDGE('',*,*,#11280,.F.);
#11510 = ORIENTED_EDGE('',*,*,#11431,.T.);
#11511 = ORIENTED_EDGE('',*,*,#11385,.T.);
#11512 = ORIENTED_EDGE('',*,*,#11478,.F.);
#11513 = MANIFOLD_SOLID_BREP('',#11514);
#11514 = CLOSED_SHELL('',(#11515,#11635,#11735,#11782,#11829,#11836));
#11515 = ADVANCED_FACE('',(#11516),#11530,.F.);
#11516 = FACE_BOUND('',#11517,.F.);
#11517 = EDGE_LOOP('',(#11518,#11553,#11581,#11609));
#11518 = ORIENTED_EDGE('',*,*,#11519,.F.);
#11519 = EDGE_CURVE('',#11520,#11522,#11524,.T.);
#11520 = VERTEX_POINT('',#11521);
#11521 = CARTESIAN_POINT('',(-390.,-15.,-20.));
#11522 = VERTEX_POINT('',#11523);
#11523 = CARTESIAN_POINT('',(-390.,-15.,20.));
#11524 = SURFACE_CURVE('',#11525,(#11529,#11541),.PCURVE_S1.);
#11525 = LINE('',#11526,#11527);
#11526 = CARTESIAN_POINT('',(-390.,-15.,-20.));
#11527 = VECTOR('',#11528,1.);
#11528 = DIRECTION('',(0.,0.,1.));
#11529 = PCURVE('',#11530,#11535);
#11530 = PLANE('',#11531);
#11531 = AXIS2_PLACEMENT_3D('',#11532,#11533,#11534);
#11532 = CARTESIAN_POINT('',(-390.,-15.,-20.));
#11533 = DIRECTION('',(1.,0.,-0.));
#11534 = DIRECTION('',(0.,0.,1.));
#11535 = DEFINITIONAL_REPRESENTATION('',(#11536),#11540);
#11536 = LINE('',#11537,#11538);
#11537 = CARTESIAN_POINT('',(0.,0.));
#11538 = VECTOR('',#11539,1.);
#11539 = DIRECTION('',(1.,0.));
#11540 = ( GEOMETRIC_REPRESENTATION_CONTEXT(2) 
PARAMETRIC_REPRESENTATION_CONTEXT() REPRESENTATION_CONTEXT('2D SPACE',''
  ) );
#11541 = PCURVE('',#11542,#11547);
#11542 = PLANE('',#11543);
#11543 = AXIS2_PLACEMENT_3D('',#11544,#11545,#11546);
#11544 = CARTESIAN_POINT('',(-390.,-15.,-20.));
#11545 = DIRECTION('',(-0.,1.,0.));
#11546 = DIRECTION('',(0.,0.,1.));
#11547 = DEFINITIONAL_REPRESENTATION('',(#11548),#11552);
#11548 = LINE('',#11549,#11550);
#11549 = CARTESIAN_POINT('',(0.,0.));
#11550 = VECTOR('',#11551,1.);
#11551 = DIRECTION('',(1.,0.));
#11552 = ( GEOMETRIC_REPRESENTATION_CONTEXT(2) 
PARAMETRIC_REPRESENTATION_CONTEXT() REPRESENTATION_CONTEXT('2D SPACE',''
  ) );
#11553 = ORIENTED_EDGE('',*,*,#11554,.T.);
#11554 = EDGE_CURVE('',#11520,#11555,#11557,.T.);
#11555 = VERTEX_POINT('',#11556);
#11556 = CARTESIAN_POINT('',(-390.,15.,-20.));
#11557 = SURFACE_CURVE('',#11558,(#11562,#11569),.PCURVE_S1.);
#11558 = LINE('',#11559,#11560);
#11559 = CARTESIAN_POINT('',(-390.,-15.,-20.));
#11560 = VECTOR('',#11561,1.);
#11561 = DIRECTION('',(-0.,1.,0.));
#11562 = PCURVE('',#11530,#11563);
#11563 = DEFINITIONAL_REPRESENTATION('',(#11564),#11568);
#11564 = LINE('',#11565,#11566);
#11565 = CARTESIAN_POINT('',(0.,0.));
#11566 = VECTOR('',#11567,1.);
#11567 = DIRECTION('',(0.,-1.));
#11568 = ( GEOMETRIC_REPRESENTATION_CONTEXT(2) 
PARAMETRIC_REPRESENTATION_CONTEXT() REPRESENTATION_CONTEXT('2D SPACE',''
  ) );
#11569 = PCURVE('',#11570,#11575);
#11570 = PLANE('',#11571);
#11571 = AXIS2_PLACEMENT_3D('',#11572,#11573,#11574);
#11572 = CARTESIAN_POINT('',(-390.,-15.,-20.));
#11573 = DIRECTION('',(0.,0.,1.));
#11574 = DIRECTION('',(1.,0.,-0.));
#11575 = DEFINITIONAL_REPRESENTATION('',(#11576),#11580);
#11576 = LINE('',#11577,#11578);
#11577 = CARTESIAN_POINT('',(0.,0.));
#11578 = VECTOR('',#11579,1.);
#11579 = DIRECTION('',(0.,1.));
#11580 = ( GEOMETRIC_REPRESENTATION_CONTEXT(2) 
PARAMETRIC_REPRESENTATION_CONTEXT() REPRESENTATION_CONTEXT('2D SPACE',''
  ) );
#11581 = ORIENTED_EDGE('',*,*,#11582,.T.);
#11582 = EDGE_CURVE('',#11555,#11583,#11585,.T.);
#11583 = VERTEX_POINT('',#11584);
#11584 = CARTESIAN_POINT('',(-390.,15.,20.));
#11585 = SURFACE_CURVE('',#11586,(#11590,#11597),.PCURVE_S1.);
#11586 = LINE('',#11587,#11588);
#11587 = CARTESIAN_POINT('',(-390.,15.,-20.));
#11588 = VECTOR('',#11589,1.);
#11589 = DIRECTION('',(0.,0.,1.));
#11590 = PCURVE('',#11530,#11591);
#11591 = DEFINITIONAL_REPRESENTATION('',(#11592),#11596);
#11592 = LINE('',#11593,#11594);
#11593 = CARTESIAN_POINT('',(0.,-30.));
#11594 = VECTOR('',#11595,1.);
#11595 = DIRECTION('',(1.,0.));
#11596 = ( GEOMETRIC_REPRESENTATION_CONTEXT(2) 
PARAMETRIC_REPRESENTATION_CONTEXT() REPRESENTATION_CONTEXT('2D SPACE',''
  ) );
#11597 = PCURVE('',#11598,#11603);
#11598 = PLANE('',#11599);
#11599 = AXIS2_PLACEMENT_3D('',#11600,#11601,#11602);
#11600 = CARTESIAN_POINT('',(-390.,15.,-20.));
#11601 = DIRECTION('',(-0.,1.,0.));
#11602 = DIRECTION('',(0.,0.,1.));
#11603 = DEFINITIONAL_REPRESENTATION('',(#11604),#11608);
#11604 = LINE('',#11605,#11606);
#11605 = CARTESIAN_POINT('',(0.,0.));
#11606 = VECTOR('',#11607,1.);
#11607 = DIRECTION('',(1.,0.));
#11608 = ( GEOMETRIC_REPRESENTATION_CONTEXT(2) 
PARAMETRIC_REPRESENTATION_CONTEXT() REPRESENTATION_CONTEXT('2D SPACE',''
  ) );
#11609 = ORIENTED_EDGE('',*,*,#11610,.F.);
#11610 = EDGE_CURVE('',#11522,#11583,#11611,.T.);
#11611 = SURFACE_CURVE('',#11612,(#11616,#11623),.PCURVE_S1.);
#11612 = LINE('',#11613,#11614);
#11613 = CARTESIAN_POINT('',(-390.,-15.,20.));
#11614 = VECTOR('',#11615,1.);
#11615 = DIRECTION('',(-0.,1.,0.));
#11616 = PCURVE('',#11530,#11617);
#11617 = DEFINITIONAL_REPRESENTATION('',(#11618),#11622);
#11618 = LINE('',#11619,#11620);
#11619 = CARTESIAN_POINT('',(40.,0.));
#11620 = VECTOR('',#11621,1.);
#11621 = DIRECTION('',(0.,-1.));
#11622 = ( GEOMETRIC_REPRESENTATION_CONTEXT(2) 
PARAMETRIC_REPRESENTATION_CONTEXT() REPRESENTATION_CONTEXT('2D SPACE',''
  ) );
#11623 = PCURVE('',#11624,#11629);
#11624 = PLANE('',#11625);
#11625 = AXIS2_PLACEMENT_3D('',#11626,#11627,#11628);
#11626 = CARTESIAN_POINT('',(-390.,-15.,20.));
#11627 = DIRECTION('',(0.,0.,1.));
#11628 = DIRECTION('',(1.,0.,-0.));
#11629 = DEFINITIONAL_REPRESENTATION('',(#11630),#11634);
#11630 = LINE('',#11631,#11632);
#11631 = CARTESIAN_POINT('',(0.,0.));
#11632 = VECTOR('',#11633,1.);
#11633 = DIRECTION('',(0.,1.));
#11634 = ( GEOMETRIC_REPRESENTATION_CONTEXT(2) 
PARAMETRIC_REPRESENTATION_CONTEXT() REPRESENTATION_CONTEXT('2D SPACE',''
  ) );
#11635 = ADVANCED_FACE('',(#11636),#11650,.T.);
#11636 = FACE_BOUND('',#11637,.T.);
#11637 = EDGE_LOOP('',(#11638,#11668,#11691,#11714));
#11638 = ORIENTED_EDGE('',*,*,#11639,.F.);
#11639 = EDGE_CURVE('',#11640,#11642,#11644,.T.);
#11640 = VERTEX_POINT('',#11641);
#11641 = CARTESIAN_POINT('',(-130.,-15.,-20.));
#11642 = VERTEX_POINT('',#11643);
#11643 = CARTESIAN_POINT('',(-130.,-15.,20.));
#11644 = SURFACE_CURVE('',#11645,(#11649,#11661),.PCURVE_S1.);
#11645 = LINE('',#11646,#11647);
#11646 = CARTESIAN_POINT('',(-130.,-15.,-20.));
#11647 = VECTOR('',#11648,1.);
#11648 = DIRECTION('',(0.,0.,1.));
#11649 = PCURVE('',#11650,#11655);
#11650 = PLANE('',#11651);
#11651 = AXIS2_PLACEMENT_3D('',#11652,#11653,#11654);
#11652 = CARTESIAN_POINT('',(-130.,-15.,-20.));
#11653 = DIRECTION('',(1.,0.,-0.));
#11654 = DIRECTION('',(0.,0.,1.));
#11655 = DEFINITIONAL_REPRESENTATION('',(#11656),#11660);
#11656 = LINE('',#11657,#11658);
#11657 = CARTESIAN_POINT('',(0.,0.));
#11658 = VECTOR('',#11659,1.);
#11659 = DIRECTION('',(1.,0.));
#11660 = ( GEOMETRIC_REPRESENTATION_CONTEXT(2) 
PARAMETRIC_REPRESENTATION_CONTEXT() REPRESENTATION_CONTEXT('2D SPACE',''
  ) );
#11661 = PCURVE('',#11542,#11662);
#11662 = DEFINITIONAL_REPRESENTATION('',(#11663),#11667);
#11663 = LINE('',#11664,#11665);
#11664 = CARTESIAN_POINT('',(0.,260.));
#11665 = VECTOR('',#11666,1.);
#11666 = DIRECTION('',(1.,0.));
#11667 = ( GEOMETRIC_REPRESENTATION_CONTEXT(2) 
PARAMETRIC_REPRESENTATION_CONTEXT() REPRESENTATION_CONTEXT('2D SPACE',''
  ) );
#11668 = ORIENTED_EDGE('',*,*,#11669,.T.);
#11669 = EDGE_CURVE('',#11640,#11670,#11672,.T.);
#11670 = VERTEX_POINT('',#11671);
#11671 = CARTESIAN_POINT('',(-130.,15.,-20.));
#11672 = SURFACE_CURVE('',#11673,(#11677,#11684),.PCURVE_S1.);
#11673 = LINE('',#11674,#11675);
#11674 = CARTESIAN_POINT('',(-130.,-15.,-20.));
#11675 = VECTOR('',#11676,1.);
#11676 = DIRECTION('',(-0.,1.,0.));
#11677 = PCURVE('',#11650,#11678);
#11678 = DEFINITIONAL_REPRESENTATION('',(#11679),#11683);
#11679 = LINE('',#11680,#11681);
#11680 = CARTESIAN_POINT('',(0.,0.));
#11681 = VECTOR('',#11682,1.);
#11682 = DIRECTION('',(0.,-1.));
#11683 = ( GEOMETRIC_REPRESENTATION_CONTEXT(2) 
PARAMETRIC_REPRESENTATION_CONTEXT() REPRESENTATION_CONTEXT('2D SPACE',''
  ) );
#11684 = PCURVE('',#11570,#11685);
#11685 = DEFINITIONAL_REPRESENTATION('',(#11686),#11690);
#11686 = LINE('',#11687,#11688);
#11687 = CARTESIAN_POINT('',(260.,0.));
#11688 = VECTOR('',#11689,1.);
#11689 = DIRECTION('',(0.,1.));
#11690 = ( GEOMETRIC_REPRESENTATION_CONTEXT(2) 
PARAMETRIC_REPRESENTATION_CONTEXT() REPRESENTATION_CONTEXT('2D SPACE',''
  ) );
#11691 = ORIENTED_EDGE('',*,*,#11692,.T.);
#11692 = EDGE_CURVE('',#11670,#11693,#11695,.T.);
#11693 = VERTEX_POINT('',#11694);
#11694 = CARTESIAN_POINT('',(-130.,15.,20.));
#11695 = SURFACE_CURVE('',#11696,(#11700,#11707),.PCURVE_S1.);
#11696 = LINE('',#11697,#11698);
#11697 = CARTESIAN_POINT('',(-130.,15.,-20.));
#11698 = VECTOR('',#11699,1.);
#11699 = DIRECTION('',(0.,0.,1.));
#11700 = PCURVE('',#11650,#11701);
#11701 = DEFINITIONAL_REPRESENTATION('',(#11702),#11706);
#11702 = LINE('',#11703,#11704);
#11703 = CARTESIAN_POINT('',(0.,-30.));
#11704 = VECTOR('',#11705,1.);
#11705 = DIRECTION('',(1.,0.));
#11706 = ( GEOMETRIC_REPRESENTATION_CONTEXT(2) 
PARAMETRIC_REPRESENTATION_CONTEXT() REPRESENTATION_CONTEXT('2D SPACE',''
  ) );
#11707 = PCURVE('',#11598,#11708);
#11708 = DEFINITIONAL_REPRESENTATION('',(#11709),#11713);
#11709 = LINE('',#11710,#11711);
#11710 = CARTESIAN_POINT('',(0.,260.));
#11711 = VECTOR('',#11712,1.);
#11712 = DIRECTION('',(1.,0.));
#11713 = ( GEOMETRIC_REPRESENTATION_CONTEXT(2) 
PARAMETRIC_REPRESENTATION_CONTEXT() REPRESENTATION_CONTEXT('2D SPACE',''
  ) );
#11714 = ORIENTED_EDGE('',*,*,#11715,.F.);
#11715 = EDGE_CURVE('',#11642,#11693,#11716,.T.);
#11716 = SURFACE_CURVE('',#11717,(#11721,#11728),.PCURVE_S1.);
#11717 = LINE('',#11718,#11719);
#11718 = CARTESIAN_POINT('',(-130.,-15.,20.));
#11719 = VECTOR('',#11720,1.);
#11720 = DIRECTION('',(-0.,1.,0.));
#11721 = PCURVE('',#11650,#11722);
#11722 = DEFINITIONAL_REPRESENTATION('',(#11723),#11727);
#11723 = LINE('',#11724,#11725);
#11724 = CARTESIAN_POINT('',(40.,0.));
#11725 = VECTOR('',#11726,1.);
#11726 = DIRECTION('',(0.,-1.));
#11727 = ( GEOMETRIC_REPRESENTATION_CONTEXT(2) 
PARAMETRIC_REPRESENTATION_CONTEXT() REPRESENTATION_CONTEXT('2D SPACE',''
  ) );
#11728 = PCURVE('',#11624,#11729);
#11729 = DEFINITIONAL_REPRESENTATION('',(#11730),#11734);
#11730 = LINE('',#11731,#11732);
#11731 = CARTESIAN_POINT('',(260.,0.));
#11732 = VECTOR('',#11733,1.);
#11733 = DIRECTION('',(0.,1.));
#11734 = ( GEOMETRIC_REPRESENTATION_CONTEXT(2) 
PARAMETRIC_REPRESENTATION_CONTEXT() REPRESENTATION_CONTEXT('2D SPACE',''
  ) );
#11735 = ADVANCED_FACE('',(#11736),#11542,.F.);
#11736 = FACE_BOUND('',#11737,.F.);
#11737 = EDGE_LOOP('',(#11738,#11759,#11760,#11781));
#11738 = ORIENTED_EDGE('',*,*,#11739,.F.);
#11739 = EDGE_CURVE('',#11520,#11640,#11740,.T.);
#11740 = SURFACE_CURVE('',#11741,(#11745,#11752),.PCURVE_S1.);
#11741 = LINE('',#11742,#11743);
#11742 = CARTESIAN_POINT('',(-390.,-15.,-20.));
#11743 = VECTOR('',#11744,1.);
#11744 = DIRECTION('',(1.,0.,-0.));
#11745 = PCURVE('',#11542,#11746);
#11746 = DEFINITIONAL_REPRESENTATION('',(#11747),#11751);
#11747 = LINE('',#11748,#11749);
#11748 = CARTESIAN_POINT('',(0.,0.));
#11749 = VECTOR('',#11750,1.);
#11750 = DIRECTION('',(0.,1.));
#11751 = ( GEOMETRIC_REPRESENTATION_CONTEXT(2) 
PARAMETRIC_REPRESENTATION_CONTEXT() REPRESENTATION_CONTEXT('2D SPACE',''
  ) );
#11752 = PCURVE('',#11570,#11753);
#11753 = DEFINITIONAL_REPRESENTATION('',(#11754),#11758);
#11754 = LINE('',#11755,#11756);
#11755 = CARTESIAN_POINT('',(0.,0.));
#11756 = VECTOR('',#11757,1.);
#11757 = DIRECTION('',(1.,0.));
#11758 = ( GEOMETRIC_REPRESENTATION_CONTEXT(2) 
PARAMETRIC_REPRESENTATION_CONTEXT() REPRESENTATION_CONTEXT('2D SPACE',''
  ) );
#11759 = ORIENTED_EDGE('',*,*,#11519,.T.);
#11760 = ORIENTED_EDGE('',*,*,#11761,.T.);
#11761 = EDGE_CURVE('',#11522,#11642,#11762,.T.);
#11762 = SURFACE_CURVE('',#11763,(#11767,#11774),.PCURVE_S1.);
#11763 = LINE('',#11764,#11765);
#11764 = CARTESIAN_POINT('',(-390.,-15.,20.));
#11765 = VECTOR('',#11766,1.);
#11766 = DIRECTION('',(1.,0.,-0.));
#11767 = PCURVE('',#11542,#11768);
#11768 = DEFINITIONAL_REPRESENTATION('',(#11769),#11773);
#11769 = LINE('',#11770,#11771);
#11770 = CARTESIAN_POINT('',(40.,0.));
#11771 = VECTOR('',#11772,1.);
#11772 = DIRECTION('',(0.,1.));
#11773 = ( GEOMETRIC_REPRESENTATION_CONTEXT(2) 
PARAMETRIC_REPRESENTATION_CONTEXT() REPRESENTATION_CONTEXT('2D SPACE',''
  ) );
#11774 = PCURVE('',#11624,#11775);
#11775 = DEFINITIONAL_REPRESENTATION('',(#11776),#11780);
#11776 = LINE('',#11777,#11778);
#11777 = CARTESIAN_POINT('',(0.,0.));
#11778 = VECTOR('',#11779,1.);
#11779 = DIRECTION('',(1.,0.));
#11780 = ( GEOMETRIC_REPRESENTATION_CONTEXT(2) 
PARAMETRIC_REPRESENTATION_CONTEXT() REPRESENTATION_CONTEXT('2D SPACE',''
  ) );
#11781 = ORIENTED_EDGE('',*,*,#11639,.F.);
#11782 = ADVANCED_FACE('',(#11783),#11598,.T.);
#11783 = FACE_BOUND('',#11784,.T.);
#11784 = EDGE_LOOP('',(#11785,#11806,#11807,#11828));
#11785 = ORIENTED_EDGE('',*,*,#11786,.F.);
#11786 = EDGE_CURVE('',#11555,#11670,#11787,.T.);
#11787 = SURFACE_CURVE('',#11788,(#11792,#11799),.PCURVE_S1.);
#11788 = LINE('',#11789,#11790);
#11789 = CARTESIAN_POINT('',(-390.,15.,-20.));
#11790 = VECTOR('',#11791,1.);
#11791 = DIRECTION('',(1.,0.,-0.));
#11792 = PCURVE('',#11598,#11793);
#11793 = DEFINITIONAL_REPRESENTATION('',(#11794),#11798);
#11794 = LINE('',#11795,#11796);
#11795 = CARTESIAN_POINT('',(0.,0.));
#11796 = VECTOR('',#11797,1.);
#11797 = DIRECTION('',(0.,1.));
#11798 = ( GEOMETRIC_REPRESENTATION_CONTEXT(2) 
PARAMETRIC_REPRESENTATION_CONTEXT() REPRESENTATION_CONTEXT('2D SPACE',''
  ) );
#11799 = PCURVE('',#11570,#11800);
#11800 = DEFINITIONAL_REPRESENTATION('',(#11801),#11805);
#11801 = LINE('',#11802,#11803);
#11802 = CARTESIAN_POINT('',(0.,30.));
#11803 = VECTOR('',#11804,1.);
#11804 = DIRECTION('',(1.,0.));
#11805 = ( GEOMETRIC_REPRESENTATION_CONTEXT(2) 
PARAMETRIC_REPRESENTATION_CONTEXT() REPRESENTATION_CONTEXT('2D SPACE',''
  ) );
#11806 = ORIENTED_EDGE('',*,*,#11582,.T.);
#11807 = ORIENTED_EDGE('',*,*,#11808,.T.);
#11808 = EDGE_CURVE('',#11583,#11693,#11809,.T.);
#11809 = SURFACE_CURVE('',#11810,(#11814,#11821),.PCURVE_S1.);
#11810 = LINE('',#11811,#11812);
#11811 = CARTESIAN_POINT('',(-390.,15.,20.));
#11812 = VECTOR('',#11813,1.);
#11813 = DIRECTION('',(1.,0.,-0.));
#11814 = PCURVE('',#11598,#11815);
#11815 = DEFINITIONAL_REPRESENTATION('',(#11816),#11820);
#11816 = LINE('',#11817,#11818);
#11817 = CARTESIAN_POINT('',(40.,0.));
#11818 = VECTOR('',#11819,1.);
#11819 = DIRECTION('',(0.,1.));
#11820 = ( GEOMETRIC_REPRESENTATION_CONTEXT(2) 
PARAMETRIC_REPRESENTATION_CONTEXT() REPRESENTATION_CONTEXT('2D SPACE',''
  ) );
#11821 = PCURVE('',#11624,#11822);
#11822 = DEFINITIONAL_REPRESENTATION('',(#11823),#11827);
#11823 = LINE('',#11824,#11825);
#11824 = CARTESIAN_POINT('',(0.,30.));
#11825 = VECTOR('',#11826,1.);
#11826 = DIRECTION('',(1.,0.));
#11827 = ( GEOMETRIC_REPRESENTATION_CONTEXT(2) 
PARAMETRIC_REPRESENTATION_CONTEXT() REPRESENTATION_CONTEXT('2D SPACE',''
  ) );
#11828 = ORIENTED_EDGE('',*,*,#11692,.F.);
#11829 = ADVANCED_FACE('',(#11830),#11570,.F.);
#11830 = FACE_BOUND('',#11831,.F.);
#11831 = EDGE_LOOP('',(#11832,#11833,#11834,#11835));
#11832 = ORIENTED_EDGE('',*,*,#11554,.F.);
#11833 = ORIENTED_EDGE('',*,*,#11739,.T.);
#11834 = ORIENTED_EDGE('',*,*,#11669,.T.);
#11835 = ORIENTED_EDGE('',*,*,#11786,.F.);
#11836 = ADVANCED_FACE('',(#11837),#11624,.T.);
#11837 = FACE_BOUND('',#11838,.T.);
#11838 = EDGE_LOOP('',(#11839,#11840,#11841,#11842));
#11839 = ORIENTED_EDGE('',*,*,#11610,.F.);
#11840 = ORIENTED_EDGE('',*,*,#11761,.T.);
#11841 = ORIENTED_EDGE('',*,*,#11715,.T.);
#11842 = ORIENTED_EDGE('',*,*,#11808,.F.);
#11843 = MANIFOLD_SOLID_BREP('',#11844);
#11844 = CLOSED_SHELL('',(#11845,#11933,#11937));
#11845 = ADVANCED_FACE('',(#11846),#11859,.T.);
#11846 = FACE_BOUND('',#11847,.T.);
#11847 = EDGE_LOOP('',(#11848,#11882,#11905,#11932));
#11848 = ORIENTED_EDGE('',*,*,#11849,.F.);
#11849 = EDGE_CURVE('',#11850,#11850,#11852,.T.);
#11850 = VERTEX_POINT('',#11851);
#11851 = CARTESIAN_POINT('',(-140.,-2.694222958124E-14,-70.));
#11852 = SURFACE_CURVE('',#11853,(#11858,#11870),.PCURVE_S1.);
#11853 = CIRCLE('',#11854,110.);
#11854 = AXIS2_PLACEMENT_3D('',#11855,#11856,#11857);
#11855 = CARTESIAN_POINT('',(-140.,0.,40.));
#11856 = DIRECTION('',(1.,-0.,2.22044604925E-16));
#11857 = DIRECTION('',(2.22044604925E-16,0.,-1.));
#11858 = PCURVE('',#11859,#11864);
#11859 = CYLINDRICAL_SURFACE('',#11860,110.);
#11860 = AXIS2_PLACEMENT_3D('',#11861,#11862,#11863);
#11861 = CARTESIAN_POINT('',(-160.,0.,40.));
#11862 = DIRECTION('',(1.,0.,2.22044604925E-16));
#11863 = DIRECTION('',(2.22044604925E-16,0.,-1.));
#11864 = DEFINITIONAL_REPRESENTATION('',(#11865),#11869);
#11865 = LINE('',#11866,#11867);
#11866 = CARTESIAN_POINT('',(0.,20.));
#11867 = VECTOR('',#11868,1.);
#11868 = DIRECTION('',(1.,0.));
#11869 = ( GEOMETRIC_REPRESENTATION_CONTEXT(2) 
PARAMETRIC_REPRESENTATION_CONTEXT() REPRESENTATION_CONTEXT('2D SPACE',''
  ) );
#11870 = PCURVE('',#11871,#11876);
#11871 = PLANE('',#11872);
#11872 = AXIS2_PLACEMENT_3D('',#11873,#11874,#11875);
#11873 = CARTESIAN_POINT('',(-140.,0.,40.));
#11874 = DIRECTION('',(1.,0.,2.22044604925E-16));
#11875 = DIRECTION('',(2.22044604925E-16,0.,-1.));
#11876 = DEFINITIONAL_REPRESENTATION('',(#11877),#11881);
#11877 = CIRCLE('',#11878,110.);
#11878 = AXIS2_PLACEMENT_2D('',#11879,#11880);
#11879 = CARTESIAN_POINT('',(0.,0.));
#11880 = DIRECTION('',(1.,0.));
#11881 = ( GEOMETRIC_REPRESENTATION_CONTEXT(2) 
PARAMETRIC_REPRESENTATION_CONTEXT() REPRESENTATION_CONTEXT('2D SPACE',''
  ) );
#11882 = ORIENTED_EDGE('',*,*,#11883,.F.);
#11883 = EDGE_CURVE('',#11884,#11850,#11886,.T.);
#11884 = VERTEX_POINT('',#11885);
#11885 = CARTESIAN_POINT('',(-160.,-2.694222958124E-14,-70.));
#11886 = SEAM_CURVE('',#11887,(#11891,#11898),.PCURVE_S1.);
#11887 = LINE('',#11888,#11889);
#11888 = CARTESIAN_POINT('',(-160.,-2.694222958124E-14,-70.));
#11889 = VECTOR('',#11890,1.);
#11890 = DIRECTION('',(1.,0.,2.22044604925E-16));
#11891 = PCURVE('',#11859,#11892);
#11892 = DEFINITIONAL_REPRESENTATION('',(#11893),#11897);
#11893 = LINE('',#11894,#11895);
#11894 = CARTESIAN_POINT('',(6.28318530718,-0.));
#11895 = VECTOR('',#11896,1.);
#11896 = DIRECTION('',(0.,1.));
#11897 = ( GEOMETRIC_REPRESENTATION_CONTEXT(2) 
PARAMETRIC_REPRESENTATION_CONTEXT() REPRESENTATION_CONTEXT('2D SPACE',''
  ) );
#11898 = PCURVE('',#11859,#11899);
#11899 = DEFINITIONAL_REPRESENTATION('',(#11900),#11904);
#11900 = LINE('',#11901,#11902);
#11901 = CARTESIAN_POINT('',(0.,-0.));
#11902 = VECTOR('',#11903,1.);
#11903 = DIRECTION('',(0.,1.));
#11904 = ( GEOMETRIC_REPRESENTATION_CONTEXT(2) 
PARAMETRIC_REPRESENTATION_CONTEXT() REPRESENTATION_CONTEXT('2D SPACE',''
  ) );
#11905 = ORIENTED_EDGE('',*,*,#11906,.T.);
#11906 = EDGE_CURVE('',#11884,#11884,#11907,.T.);
#11907 = SURFACE_CURVE('',#11908,(#11913,#11920),.PCURVE_S1.);
#11908 = CIRCLE('',#11909,110.);
#11909 = AXIS2_PLACEMENT_3D('',#11910,#11911,#11912);
#11910 = CARTESIAN_POINT('',(-160.,0.,40.));
#11911 = DIRECTION('',(1.,-0.,2.22044604925E-16));
#11912 = DIRECTION('',(2.22044604925E-16,0.,-1.));
#11913 = PCURVE('',#11859,#11914);
#11914 = DEFINITIONAL_REPRESENTATION('',(#11915),#11919);
#11915 = LINE('',#11916,#11917);
#11916 = CARTESIAN_POINT('',(0.,0.));
#11917 = VECTOR('',#11918,1.);
#11918 = DIRECTION('',(1.,0.));
#11919 = ( GEOMETRIC_REPRESENTATION_CONTEXT(2) 
PARAMETRIC_REPRESENTATION_CONTEXT() REPRESENTATION_CONTEXT('2D SPACE',''
  ) );
#11920 = PCURVE('',#11921,#11926);
#11921 = PLANE('',#11922);
#11922 = AXIS2_PLACEMENT_3D('',#11923,#11924,#11925);
#11923 = CARTESIAN_POINT('',(-160.,0.,40.));
#11924 = DIRECTION('',(1.,0.,2.22044604925E-16));
#11925 = DIRECTION('',(2.22044604925E-16,0.,-1.));
#11926 = DEFINITIONAL_REPRESENTATION('',(#11927),#11931);
#11927 = CIRCLE('',#11928,110.);
#11928 = AXIS2_PLACEMENT_2D('',#11929,#11930);
#11929 = CARTESIAN_POINT('',(0.,0.));
#11930 = DIRECTION('',(1.,0.));
#11931 = ( GEOMETRIC_REPRESENTATION_CONTEXT(2) 
PARAMETRIC_REPRESENTATION_CONTEXT() REPRESENTATION_CONTEXT('2D SPACE',''
  ) );
#11932 = ORIENTED_EDGE('',*,*,#11883,.T.);
#11933 = ADVANCED_FACE('',(#11934),#11871,.T.);
#11934 = FACE_BOUND('',#11935,.T.);
#11935 = EDGE_LOOP('',(#11936));
#11936 = ORIENTED_EDGE('',*,*,#11849,.T.);
#11937 = ADVANCED_FACE('',(#11938),#11921,.F.);
#11938 = FACE_BOUND('',#11939,.T.);
#11939 = EDGE_LOOP('',(#11940));
#11940 = ORIENTED_EDGE('',*,*,#11906,.F.);
#11941 = MANIFOLD_SOLID_BREP('',#11942);
#11942 = CLOSED_SHELL('',(#11943,#12031,#12035));
#11943 = ADVANCED_FACE('',(#11944),#11957,.T.);
#11944 = FACE_BOUND('',#11945,.T.);
#11945 = EDGE_LOOP('',(#11946,#11980,#12003,#12030));
#11946 = ORIENTED_EDGE('',*,*,#11947,.F.);
#11947 = EDGE_CURVE('',#11948,#11948,#11950,.T.);
#11948 = VERTEX_POINT('',#11949);
#11949 = CARTESIAN_POINT('',(378.56799310166,-4.40872847693E-15,
    944.36791374585));
#11950 = SURFACE_CURVE('',#11951,(#11956,#11968),.PCURVE_S1.);
#11951 = CIRCLE('',#11952,18.);
#11952 = AXIS2_PLACEMENT_3D('',#11953,#11954,#11955);
#11953 = CARTESIAN_POINT('',(375.44232590366,0.,962.09445330007));
#11954 = DIRECTION('',(0.984807753012,-0.,0.173648177667));
#11955 = DIRECTION('',(0.173648177667,0.,-0.984807753012));
#11956 = PCURVE('',#11957,#11962);
#11957 = CYLINDRICAL_SURFACE('',#11958,18.);
#11958 = AXIS2_PLACEMENT_3D('',#11959,#11960,#11961);
#11959 = CARTESIAN_POINT('',(-215.4423259036,0.,857.90554669992));
#11960 = DIRECTION('',(0.984807753012,0.,0.173648177667));
#11961 = DIRECTION('',(0.173648177667,0.,-0.984807753012));
#11962 = DEFINITIONAL_REPRESENTATION('',(#11963),#11967);
#11963 = LINE('',#11964,#11965);
#11964 = CARTESIAN_POINT('',(0.,600.));
#11965 = VECTOR('',#11966,1.);
#11966 = DIRECTION('',(1.,0.));
#11967 = ( GEOMETRIC_REPRESENTATION_CONTEXT(2) 
PARAMETRIC_REPRESENTATION_CONTEXT() REPRESENTATION_CONTEXT('2D SPACE',''
  ) );
#11968 = PCURVE('',#11969,#11974);
#11969 = PLANE('',#11970);
#11970 = AXIS2_PLACEMENT_3D('',#11971,#11972,#11973);
#11971 = CARTESIAN_POINT('',(375.44232590366,0.,962.09445330007));
#11972 = DIRECTION('',(0.984807753012,0.,0.173648177667));
#11973 = DIRECTION('',(0.173648177667,0.,-0.984807753012));
#11974 = DEFINITIONAL_REPRESENTATION('',(#11975),#11979);
#11975 = CIRCLE('',#11976,18.);
#11976 = AXIS2_PLACEMENT_2D('',#11977,#11978);
#11977 = CARTESIAN_POINT('',(0.,0.));
#11978 = DIRECTION('',(1.,0.));
#11979 = ( GEOMETRIC_REPRESENTATION_CONTEXT(2) 
PARAMETRIC_REPRESENTATION_CONTEXT() REPRESENTATION_CONTEXT('2D SPACE',''
  ) );
#11980 = ORIENTED_EDGE('',*,*,#11981,.F.);
#11981 = EDGE_CURVE('',#11982,#11948,#11984,.T.);
#11982 = VERTEX_POINT('',#11983);
#11983 = CARTESIAN_POINT('',(-212.3166587056,-4.40872847693E-15,
    840.1790071457));
#11984 = SEAM_CURVE('',#11985,(#11989,#11996),.PCURVE_S1.);
#11985 = LINE('',#11986,#11987);
#11986 = CARTESIAN_POINT('',(-212.3166587056,-4.40872847693E-15,
    840.1790071457));
#11987 = VECTOR('',#11988,1.);
#11988 = DIRECTION('',(0.984807753012,0.,0.173648177667));
#11989 = PCURVE('',#11957,#11990);
#11990 = DEFINITIONAL_REPRESENTATION('',(#11991),#11995);
#11991 = LINE('',#11992,#11993);
#11992 = CARTESIAN_POINT('',(6.28318530718,-0.));
#11993 = VECTOR('',#11994,1.);
#11994 = DIRECTION('',(0.,1.));
#11995 = ( GEOMETRIC_REPRESENTATION_CONTEXT(2) 
PARAMETRIC_REPRESENTATION_CONTEXT() REPRESENTATION_CONTEXT('2D SPACE',''
  ) );
#11996 = PCURVE('',#11957,#11997);
#11997 = DEFINITIONAL_REPRESENTATION('',(#11998),#12002);
#11998 = LINE('',#11999,#12000);
#11999 = CARTESIAN_POINT('',(0.,-0.));
#12000 = VECTOR('',#12001,1.);
#12001 = DIRECTION('',(0.,1.));
#12002 = ( GEOMETRIC_REPRESENTATION_CONTEXT(2) 
PARAMETRIC_REPRESENTATION_CONTEXT() REPRESENTATION_CONTEXT('2D SPACE',''
  ) );
#12003 = ORIENTED_EDGE('',*,*,#12004,.T.);
#12004 = EDGE_CURVE('',#11982,#11982,#12005,.T.);
#12005 = SURFACE_CURVE('',#12006,(#12011,#12018),.PCURVE_S1.);
#12006 = CIRCLE('',#12007,18.);
#12007 = AXIS2_PLACEMENT_3D('',#12008,#12009,#12010);
#12008 = CARTESIAN_POINT('',(-215.4423259036,0.,857.90554669992));
#12009 = DIRECTION('',(0.984807753012,-0.,0.173648177667));
#12010 = DIRECTION('',(0.173648177667,0.,-0.984807753012));
#12011 = PCURVE('',#11957,#12012);
#12012 = DEFINITIONAL_REPRESENTATION('',(#12013),#12017);
#12013 = LINE('',#12014,#12015);
#12014 = CARTESIAN_POINT('',(0.,0.));
#12015 = VECTOR('',#12016,1.);
#12016 = DIRECTION('',(1.,0.));
#12017 = ( GEOMETRIC_REPRESENTATION_CONTEXT(2) 
PARAMETRIC_REPRESENTATION_CONTEXT() REPRESENTATION_CONTEXT('2D SPACE',''
  ) );
#12018 = PCURVE('',#12019,#12024);
#12019 = PLANE('',#12020);
#12020 = AXIS2_PLACEMENT_3D('',#12021,#12022,#12023);
#12021 = CARTESIAN_POINT('',(-215.4423259036,0.,857.90554669992));
#12022 = DIRECTION('',(0.984807753012,0.,0.173648177667));
#12023 = DIRECTION('',(0.173648177667,0.,-0.984807753012));
#12024 = DEFINITIONAL_REPRESENTATION('',(#12025),#12029);
#12025 = CIRCLE('',#12026,18.);
#12026 = AXIS2_PLACEMENT_2D('',#12027,#12028);
#12027 = CARTESIAN_POINT('',(0.,0.));
#12028 = DIRECTION('',(1.,0.));
#12029 = ( GEOMETRIC_REPRESENTATION_CONTEXT(2) 
PARAMETRIC_REPRESENTATION_CONTEXT() REPRESENTATION_CONTEXT('2D SPACE',''
  ) );
#12030 = ORIENTED_EDGE('',*,*,#11981,.T.);
#12031 = ADVANCED_FACE('',(#12032),#11969,.T.);
#12032 = FACE_BOUND('',#12033,.T.);
#12033 = EDGE_LOOP('',(#12034));
#12034 = ORIENTED_EDGE('',*,*,#11947,.T.);
#12035 = ADVANCED_FACE('',(#12036),#12019,.F.);
#12036 = FACE_BOUND('',#12037,.T.);
#12037 = EDGE_LOOP('',(#12038));
#12038 = ORIENTED_EDGE('',*,*,#12004,.F.);
#12039 = ( GEOMETRIC_REPRESENTATION_CONTEXT(3) 
GLOBAL_UNCERTAINTY_ASSIGNED_CONTEXT((#12043)) 
GLOBAL_UNIT_ASSIGNED_CONTEXT((#12040,#12041,#12042)) 
REPRESENTATION_CONTEXT('Context #1',
  '3D Context with UNIT and UNCERTAINTY') );
#12040 = ( LENGTH_UNIT() NAMED_UNIT(*) SI_UNIT(.MILLI.,.METRE.) );
#12041 = ( NAMED_UNIT(*) PLANE_ANGLE_UNIT() SI_UNIT($,.RADIAN.) );
#12042 = ( NAMED_UNIT(*) SI_UNIT($,.STERADIAN.) SOLID_ANGLE_UNIT() );
#12043 = UNCERTAINTY_MEASURE_WITH_UNIT(LENGTH_MEASURE(2.E-07),#12040,
  'distance_accuracy_value','confusion accuracy');
#12044 = PRODUCT_RELATED_PRODUCT_CATEGORY('part',$,(#7));
ENDSEC;
END-ISO-10303-21;
